layer,file,year,league,era_col,total_rows,missing_era,invalid_era,zero_era,headers
staging,_data\master_csv__rescrape_staging\pitching_1950_CL_from_master.csv,1950,CL,ERA,86,0,3,4,year|league|team|player_id|player_name_ja|player_name_en|G|IP|W|L|SV|ERA|BF|H|HR|BB|IBB|HBP|SO|ER|R|HOLD|HP|CG|SHO|WPCT|WP|BK
staging,_data\master_csv__rescrape_staging\pitching_1950_PL_from_master.csv,1950,PL,ERA,69,0,0,2,year|league|team|player_id|player_name_ja|player_name_en|G|IP|W|L|SV|ERA|BF|H|HR|BB|IBB|HBP|SO|ER|R|HOLD|HP|CG|SHO|WPCT|WP|BK
staging,_data\master_csv__rescrape_staging\pitching_1951_CL_from_master.csv,1951,CL,ERA,76,0,1,4,year|league|team|player_id|player_name_ja|player_name_en|G|IP|W|L|SV|ERA|BF|H|HR|BB|IBB|HBP|SO|ER|R|HOLD|HP|CG|SHO|WPCT|WP|BK
staging,_data\master_csv__rescrape_staging\pitching_1951_PL_from_master.csv,1951,PL,ERA,65,0,0,0,year|league|team|player_id|player_name_ja|player_name_en|G|IP|W|L|SV|ERA|BF|H|HR|BB|IBB|HBP|SO|ER|R|HOLD|HP|CG|SHO|WPCT|WP|BK
staging,_data\master_csv__rescrape_staging\pitching_1952_CL_from_master.csv,1952,CL,ERA,73,0,1,1,year|league|team|player_id|player_name_ja|player_name_en|G|IP|W|L|SV|ERA|BF|H|HR|BB|IBB|HBP|SO|ER|R|HOLD|HP|CG|SHO|WPCT|WP|BK
staging,_data\master_csv__rescrape_staging\pitching_1952_PL_from_master.csv,1952,PL,ERA,75,0,0,5,year|league|team|player_id|player_name_ja|player_name_en|G|IP|W|L|SV|ERA|BF|H|HR|BB|IBB|HBP|SO|ER|R|HOLD|HP|CG|SHO|WPCT|WP|BK
staging,_data\master_csv__rescrape_staging\pitching_1953_CL_from_master.csv,1953,CL,ERA,82,0,0,2,year|league|team|player_id|player_name_ja|player_name_en|G|IP|W|L|SV|ERA|BF|H|HR|BB|IBB|HBP|SO|ER|R|HOLD|HP|CG|SHO|WPCT|WP|BK
staging,_data\master_csv__rescrape_staging\pitching_1953_PL_from_master.csv,1953,PL,ERA,82,0,0,2,year|league|team|player_id|player_name_ja|player_name_en|G|IP|W|L|SV|ERA|BF|H|HR|BB|IBB|HBP|SO|ER|R|HOLD|HP|CG|SHO|WPCT|WP|BK
staging,_data\master_csv__rescrape_staging\pitching_1954_CL_from_master.csv,1954,CL,ERA,79,0,0,3,year|league|team|player_id|player_name_ja|player_name_en|G|IP|W|L|SV|ERA|BF|H|HR|BB|IBB|HBP|SO|ER|R|HOLD|HP|CG|SHO|WPCT|WP|BK
staging,_data\master_csv__rescrape_staging\pitching_1954_PL_from_master.csv,1954,PL,ERA,105,0,1,2,year|league|team|player_id|player_name_ja|player_name_en|G|IP|W|L|SV|ERA|BF|H|HR|BB|IBB|HBP|SO|ER|R|HOLD|HP|CG|SHO|WPCT|WP|BK
staging,_data\master_csv__rescrape_staging\pitching_1955_CL_from_master.csv,1955,CL,ERA,82,0,0,6,year|league|team|player_id|player_name_ja|player_name_en|G|IP|W|L|SV|ERA|BF|H|HR|BB|IBB|HBP|SO|ER|R|HOLD|HP|CG|SHO|WPCT|WP|BK
staging,_data\master_csv__rescrape_staging\pitching_1955_PL_from_master.csv,1955,PL,ERA,116,0,0,6,year|league|team|player_id|player_name_ja|player_name_en|G|IP|W|L|SV|ERA|BF|H|HR|BB|IBB|HBP|SO|ER|R|HOLD|HP|CG|SHO|WPCT|WP|BK
staging,_data\master_csv__rescrape_staging\pitching_1956_CL_from_master.csv,1956,CL,ERA,77,0,0,8,year|league|team|player_id|player_name_ja|player_name_en|G|IP|W|L|SV|ERA|BF|H|HR|BB|IBB|HBP|SO|ER|R|HOLD|HP|CG|SHO|WPCT|WP|BK
staging,_data\master_csv__rescrape_staging\pitching_1956_PL_from_master.csv,1956,PL,ERA,120,0,0,6,year|league|team|player_id|player_name_ja|player_name_en|G|IP|W|L|SV|ERA|BF|H|HR|BB|IBB|HBP|SO|ER|R|HOLD|HP|CG|SHO|WPCT|WP|BK
staging,_data\master_csv__rescrape_staging\pitching_1957_CL_from_master.csv,1957,CL,ERA,70,0,0,2,year|league|team|player_id|player_name_ja|player_name_en|G|IP|W|L|SV|ERA|BF|H|HR|BB|IBB|HBP|SO|ER|R|HOLD|HP|CG|SHO|WPCT|WP|BK
staging,_data\master_csv__rescrape_staging\pitching_1957_PL_from_master.csv,1957,PL,ERA,102,0,1,4,year|league|team|player_id|player_name_ja|player_name_en|G|IP|W|L|SV|ERA|BF|H|HR|BB|IBB|HBP|SO|ER|R|HOLD|HP|CG|SHO|WPCT|WP|BK
staging,_data\master_csv__rescrape_staging\pitching_1958_CL_from_master.csv,1958,CL,ERA,70,0,1,0,year|league|team|player_id|player_name_ja|player_name_en|G|IP|W|L|SV|ERA|BF|H|HR|BB|IBB|HBP|SO|ER|R|HOLD|HP|CG|SHO|WPCT|WP|BK
staging,_data\master_csv__rescrape_staging\pitching_1958_PL_from_master.csv,1958,PL,ERA,86,0,1,6,year|league|team|player_id|player_name_ja|player_name_en|G|IP|W|L|SV|ERA|BF|H|HR|BB|IBB|HBP|SO|ER|R|HOLD|HP|CG|SHO|WPCT|WP|BK
staging,_data\master_csv__rescrape_staging\pitching_1959_CL_from_master.csv,1959,CL,ERA,67,0,0,2,year|league|team|player_id|player_name_ja|player_name_en|G|IP|W|L|SV|ERA|BF|H|HR|BB|IBB|HBP|SO|ER|R|HOLD|HP|CG|SHO|WPCT|WP|BK
staging,_data\master_csv__rescrape_staging\pitching_1959_PL_from_master.csv,1959,PL,ERA,79,0,0,2,year|league|team|player_id|player_name_ja|player_name_en|G|IP|W|L|SV|ERA|BF|H|HR|BB|IBB|HBP|SO|ER|R|HOLD|HP|CG|SHO|WPCT|WP|BK
staging,_data\master_csv__rescrape_staging\pitching_1960_CL_from_master.csv,1960,CL,ERA,74,0,2,5,year|league|team|player_id|player_name_ja|player_name_en|G|IP|W|L|SV|ERA|BF|H|HR|BB|IBB|HBP|SO|ER|R|HOLD|HP|CG|SHO|WPCT|WP|BK
staging,_data\master_csv__rescrape_staging\pitching_1960_PL_from_master.csv,1960,PL,ERA,83,0,1,2,year|league|team|player_id|player_name_ja|player_name_en|G|IP|W|L|SV|ERA|BF|H|HR|BB|IBB|HBP|SO|ER|R|HOLD|HP|CG|SHO|WPCT|WP|BK
staging,_data\master_csv__rescrape_staging\pitching_1961_CL_from_master.csv,1961,CL,ERA,76,0,1,2,year|league|team|player_id|player_name_ja|player_name_en|G|IP|W|L|SV|ERA|BF|H|HR|BB|IBB|HBP|SO|ER|R|HOLD|HP|CG|SHO|WPCT|WP|BK
staging,_data\master_csv__rescrape_staging\pitching_1961_PL_from_master.csv,1961,PL,ERA,83,0,0,2,year|league|team|player_id|player_name_ja|player_name_en|G|IP|W|L|SV|ERA|BF|H|HR|BB|IBB|HBP|SO|ER|R|HOLD|HP|CG|SHO|WPCT|WP|BK
staging,_data\master_csv__rescrape_staging\pitching_1962_CL_from_master.csv,1962,CL,ERA,84,0,0,9,year|league|team|player_id|player_name_ja|player_name_en|G|IP|W|L|SV|ERA|BF|H|HR|BB|IBB|HBP|SO|ER|R|HOLD|HP|CG|SHO|WPCT|WP|BK
staging,_data\master_csv__rescrape_staging\pitching_1962_PL_from_master.csv,1962,PL,ERA,91,0,0,6,year|league|team|player_id|player_name_ja|player_name_en|G|IP|W|L|SV|ERA|BF|H|HR|BB|IBB|HBP|SO|ER|R|HOLD|HP|CG|SHO|WPCT|WP|BK
staging,_data\master_csv__rescrape_staging\pitching_1963_CL_from_master.csv,1963,CL,ERA,83,0,0,2,year|league|team|player_id|player_name_ja|player_name_en|G|IP|W|L|SV|ERA|BF|H|HR|BB|IBB|HBP|SO|ER|R|HOLD|HP|CG|SHO|WPCT|WP|BK
staging,_data\master_csv__rescrape_staging\pitching_1963_PL_from_master.csv,1963,PL,ERA,83,0,1,2,year|league|team|player_id|player_name_ja|player_name_en|G|IP|W|L|SV|ERA|BF|H|HR|BB|IBB|HBP|SO|ER|R|HOLD|HP|CG|SHO|WPCT|WP|BK
staging,_data\master_csv__rescrape_staging\pitching_1964_CL_from_master.csv,1964,CL,ERA,84,0,0,4,year|league|team|player_id|player_name_ja|player_name_en|G|IP|W|L|SV|ERA|BF|H|HR|BB|IBB|HBP|SO|ER|R|HOLD|HP|CG|SHO|WPCT|WP|BK
staging,_data\master_csv__rescrape_staging\pitching_1964_PL_from_master.csv,1964,PL,ERA,82,0,1,6,year|league|team|player_id|player_name_ja|player_name_en|G|IP|W|L|SV|ERA|BF|H|HR|BB|IBB|HBP|SO|ER|R|HOLD|HP|CG|SHO|WPCT|WP|BK
staging,_data\master_csv__rescrape_staging\pitching_1965_CL_from_master.csv,1965,CL,ERA,86,0,1,6,year|league|team|player_id|player_name_ja|player_name_en|G|IP|W|L|SV|ERA|BF|H|HR|BB|IBB|HBP|SO|ER|R|HOLD|HP|CG|SHO|WPCT|WP|BK
staging,_data\master_csv__rescrape_staging\pitching_1965_PL_from_master.csv,1965,PL,ERA,78,0,0,1,year|league|team|player_id|player_name_ja|player_name_en|G|IP|W|L|SV|ERA|BF|H|HR|BB|IBB|HBP|SO|ER|R|HOLD|HP|CG|SHO|WPCT|WP|BK
staging,_data\master_csv__rescrape_staging\pitching_1966_CL_from_master.csv,1966,CL,ERA,84,0,0,4,year|league|team|player_id|player_name_ja|player_name_en|G|IP|W|L|SV|ERA|BF|H|HR|BB|IBB|HBP|SO|ER|R|HOLD|HP|CG|SHO|WPCT|WP|BK
staging,_data\master_csv__rescrape_staging\pitching_1966_PL_from_master.csv,1966,PL,ERA,73,0,1,3,year|league|team|player_id|player_name_ja|player_name_en|G|IP|W|L|SV|ERA|BF|H|HR|BB|IBB|HBP|SO|ER|R|HOLD|HP|CG|SHO|WPCT|WP|BK
staging,_data\master_csv__rescrape_staging\pitching_1967_CL_from_master.csv,1967,CL,ERA,90,0,0,5,year|league|team|player_id|player_name_ja|player_name_en|G|IP|W|L|SV|ERA|BF|H|HR|BB|IBB|HBP|SO|ER|R|HOLD|HP|CG|SHO|WPCT|WP|BK
staging,_data\master_csv__rescrape_staging\pitching_1967_PL_from_master.csv,1967,PL,ERA,79,0,0,4,year|league|team|player_id|player_name_ja|player_name_en|G|IP|W|L|SV|ERA|BF|H|HR|BB|IBB|HBP|SO|ER|R|HOLD|HP|CG|SHO|WPCT|WP|BK
staging,_data\master_csv__rescrape_staging\pitching_1968_CL_from_master.csv,1968,CL,ERA,90,0,0,5,year|league|team|player_id|player_name_ja|player_name_en|G|IP|W|L|SV|ERA|BF|H|HR|BB|IBB|HBP|SO|ER|R|HOLD|HP|CG|SHO|WPCT|WP|BK
staging,_data\master_csv__rescrape_staging\pitching_1968_PL_from_master.csv,1968,PL,ERA,83,0,0,3,year|league|team|player_id|player_name_ja|player_name_en|G|IP|W|L|SV|ERA|BF|H|HR|BB|IBB|HBP|SO|ER|R|HOLD|HP|CG|SHO|WPCT|WP|BK
staging,_data\master_csv__rescrape_staging\pitching_1969_CL_from_master.csv,1969,CL,ERA,88,0,0,2,year|league|team|player_id|player_name_ja|player_name_en|G|IP|W|L|SV|ERA|BF|H|HR|BB|IBB|HBP|SO|ER|R|HOLD|HP|CG|SHO|WPCT|WP|BK
staging,_data\master_csv__rescrape_staging\pitching_1969_PL_from_master.csv,1969,PL,ERA,81,0,0,5,year|league|team|player_id|player_name_ja|player_name_en|G|IP|W|L|SV|ERA|BF|H|HR|BB|IBB|HBP|SO|ER|R|HOLD|HP|CG|SHO|WPCT|WP|BK
staging,_data\master_csv__rescrape_staging\pitching_1970_CL_from_master.csv,1970,CL,ERA,79,0,1,3,year|league|team|player_id|player_name_ja|player_name_en|G|IP|W|L|SV|ERA|BF|H|HR|BB|IBB|HBP|SO|ER|R|HOLD|HP|CG|SHO|WPCT|WP|BK
staging,_data\master_csv__rescrape_staging\pitching_1970_PL_from_master.csv,1970,PL,ERA,92,0,0,6,year|league|team|player_id|player_name_ja|player_name_en|G|IP|W|L|SV|ERA|BF|H|HR|BB|IBB|HBP|SO|ER|R|HOLD|HP|CG|SHO|WPCT|WP|BK
staging,_data\master_csv__rescrape_staging\pitching_1971_CL_from_master.csv,1971,CL,ERA,82,0,1,3,year|league|team|player_id|player_name_ja|player_name_en|G|IP|W|L|SV|ERA|BF|H|HR|BB|IBB|HBP|SO|ER|R|HOLD|HP|CG|SHO|WPCT|WP|BK
staging,_data\master_csv__rescrape_staging\pitching_1971_PL_from_master.csv,1971,PL,ERA,80,0,0,4,year|league|team|player_id|player_name_ja|player_name_en|G|IP|W|L|SV|ERA|BF|H|HR|BB|IBB|HBP|SO|ER|R|HOLD|HP|CG|SHO|WPCT|WP|BK
staging,_data\master_csv__rescrape_staging\pitching_1972_CL_from_master.csv,1972,CL,ERA,92,0,1,3,year|league|team|player_id|player_name_ja|player_name_en|G|IP|W|L|SV|ERA|BF|H|HR|BB|IBB|HBP|SO|ER|R|HOLD|HP|CG|SHO|WPCT|WP|BK
staging,_data\master_csv__rescrape_staging\pitching_1972_PL_from_master.csv,1972,PL,ERA,84,0,0,1,year|league|team|player_id|player_name_ja|player_name_en|G|IP|W|L|SV|ERA|BF|H|HR|BB|IBB|HBP|SO|ER|R|HOLD|HP|CG|SHO|WPCT|WP|BK
staging,_data\master_csv__rescrape_staging\pitching_1973_CL_from_master.csv,1973,CL,ERA,87,0,0,7,year|league|team|player_id|player_name_ja|player_name_en|G|IP|W|L|SV|ERA|BF|H|HR|BB|IBB|HBP|SO|ER|R|HOLD|HP|CG|SHO|WPCT|WP|BK
staging,_data\master_csv__rescrape_staging\pitching_1973_PL_from_master.csv,1973,PL,ERA,90,0,0,5,year|league|team|player_id|player_name_ja|player_name_en|G|IP|W|L|SV|ERA|BF|H|HR|BB|IBB|HBP|SO|ER|R|HOLD|HP|CG|SHO|WPCT|WP|BK
staging,_data\master_csv__rescrape_staging\pitching_1974_CL_from_master.csv,1974,CL,ERA,91,0,0,6,year|league|team|player_id|player_name_ja|player_name_en|G|IP|W|L|SV|ERA|BF|H|HR|BB|IBB|HBP|SO|ER|R|HOLD|HP|CG|SHO|WPCT|WP|BK
staging,_data\master_csv__rescrape_staging\pitching_1974_PL_from_master.csv,1974,PL,ERA,89,0,0,5,year|league|team|player_id|player_name_ja|player_name_en|G|IP|W|L|SV|ERA|BF|H|HR|BB|IBB|HBP|SO|ER|R|HOLD|HP|CG|SHO|WPCT|WP|BK
staging,_data\master_csv__rescrape_staging\pitching_1975_CL_from_master.csv,1975,CL,ERA,78,0,0,1,year|league|team|player_id|player_name_ja|player_name_en|G|IP|W|L|SV|ERA|BF|H|HR|BB|IBB|HBP|SO|ER|R|HOLD|HP|CG|SHO|WPCT|WP|BK
staging,_data\master_csv__rescrape_staging\pitching_1975_PL_from_master.csv,1975,PL,ERA,72,0,0,0,year|league|team|player_id|player_name_ja|player_name_en|G|IP|W|L|SV|ERA|BF|H|HR|BB|IBB|HBP|SO|ER|R|HOLD|HP|CG|SHO|WPCT|WP|BK
staging,_data\master_csv__rescrape_staging\pitching_1976_CL_from_master.csv,1976,CL,ERA,88,0,0,3,year|league|team|player_id|player_name_ja|player_name_en|G|IP|W|L|SV|ERA|BF|H|HR|BB|IBB|HBP|SO|ER|R|HOLD|HP|CG|SHO|WPCT|WP|BK
staging,_data\master_csv__rescrape_staging\pitching_1976_PL_from_master.csv,1976,PL,ERA,76,0,0,6,year|league|team|player_id|player_name_ja|player_name_en|G|IP|W|L|SV|ERA|BF|H|HR|BB|IBB|HBP|SO|ER|R|HOLD|HP|CG|SHO|WPCT|WP|BK
staging,_data\master_csv__rescrape_staging\pitching_1977_CL_from_master.csv,1977,CL,ERA,96,0,0,2,year|league|team|player_id|player_name_ja|player_name_en|G|IP|W|L|SV|ERA|BF|H|HR|BB|IBB|HBP|SO|ER|R|HOLD|HP|CG|SHO|WPCT|WP|BK
staging,_data\master_csv__rescrape_staging\pitching_1977_PL_from_master.csv,1977,PL,ERA,75,0,0,0,year|league|team|player_id|player_name_ja|player_name_en|G|IP|W|L|SV|ERA|BF|H|HR|BB|IBB|HBP|SO|ER|R|HOLD|HP|CG|SHO|WPCT|WP|BK
staging,_data\master_csv__rescrape_staging\pitching_1978_CL_from_master.csv,1978,CL,ERA,84,0,0,1,year|league|team|player_id|player_name_ja|player_name_en|G|IP|W|L|SV|ERA|BF|H|HR|BB|IBB|HBP|SO|ER|R|HOLD|HP|CG|SHO|WPCT|WP|BK
staging,_data\master_csv__rescrape_staging\pitching_1978_PL_from_master.csv,1978,PL,ERA,80,0,0,3,year|league|team|player_id|player_name_ja|player_name_en|G|IP|W|L|SV|ERA|BF|H|HR|BB|IBB|HBP|SO|ER|R|HOLD|HP|CG|SHO|WPCT|WP|BK
staging,_data\master_csv__rescrape_staging\pitching_1979_CL_from_master.csv,1979,CL,ERA,87,0,0,4,year|league|team|player_id|player_name_ja|player_name_en|G|IP|W|L|SV|ERA|BF|H|HR|BB|IBB|HBP|SO|ER|R|HOLD|HP|CG|SHO|WPCT|WP|BK
staging,_data\master_csv__rescrape_staging\pitching_1979_PL_from_master.csv,1979,PL,ERA,80,0,0,2,year|league|team|player_id|player_name_ja|player_name_en|G|IP|W|L|SV|ERA|BF|H|HR|BB|IBB|HBP|SO|ER|R|HOLD|HP|CG|SHO|WPCT|WP|BK
staging,_data\master_csv__rescrape_staging\pitching_1980_CL_from_master.csv,1980,CL,ERA,91,0,0,4,year|league|team|player_id|player_name_ja|player_name_en|G|IP|W|L|SV|ERA|BF|H|HR|BB|IBB|HBP|SO|ER|R|HOLD|HP|CG|SHO|WPCT|WP|BK
staging,_data\master_csv__rescrape_staging\pitching_1980_PL_from_master.csv,1980,PL,ERA,83,0,0,3,year|league|team|player_id|player_name_ja|player_name_en|G|IP|W|L|SV|ERA|BF|H|HR|BB|IBB|HBP|SO|ER|R|HOLD|HP|CG|SHO|WPCT|WP|BK
staging,_data\master_csv__rescrape_staging\pitching_1981_CL_from_master.csv,1981,CL,ERA,87,0,0,3,year|league|team|player_id|player_name_ja|player_name_en|G|IP|W|L|SV|ERA|BF|H|HR|BB|IBB|HBP|SO|ER|R|HOLD|HP|CG|SHO|WPCT|WP|BK
staging,_data\master_csv__rescrape_staging\pitching_1981_PL_from_master.csv,1981,PL,ERA,90,0,0,4,year|league|team|player_id|player_name_ja|player_name_en|G|IP|W|L|SV|ERA|BF|H|HR|BB|IBB|HBP|SO|ER|R|HOLD|HP|CG|SHO|WPCT|WP|BK
staging,_data\master_csv__rescrape_staging\pitching_1982_CL_from_master.csv,1982,CL,ERA,93,0,1,4,year|league|team|player_id|player_name_ja|player_name_en|G|IP|W|L|SV|ERA|BF|H|HR|BB|IBB|HBP|SO|ER|R|HOLD|HP|CG|SHO|WPCT|WP|BK
staging,_data\master_csv__rescrape_staging\pitching_1982_PL_from_master.csv,1982,PL,ERA,88,0,0,1,year|league|team|player_id|player_name_ja|player_name_en|G|IP|W|L|SV|ERA|BF|H|HR|BB|IBB|HBP|SO|ER|R|HOLD|HP|CG|SHO|WPCT|WP|BK
staging,_data\master_csv__rescrape_staging\pitching_1983_CL_from_master.csv,1983,CL,ERA,94,0,0,3,year|league|team|player_id|player_name_ja|player_name_en|G|IP|W|L|SV|ERA|BF|H|HR|BB|IBB|HBP|SO|ER|R|HOLD|HP|CG|SHO|WPCT|WP|BK
staging,_data\master_csv__rescrape_staging\pitching_1983_PL_from_master.csv,1983,PL,ERA,96,0,0,4,year|league|team|player_id|player_name_ja|player_name_en|G|IP|W|L|SV|ERA|BF|H|HR|BB|IBB|HBP|SO|ER|R|HOLD|HP|CG|SHO|WPCT|WP|BK
staging,_data\master_csv__rescrape_staging\pitching_1984_CL_from_master.csv,1984,CL,ERA,97,0,1,2,year|league|team|player_id|player_name_ja|player_name_en|G|IP|W|L|SV|ERA|BF|H|HR|BB|IBB|HBP|SO|ER|R|HOLD|HP|CG|SHO|WPCT|WP|BK
staging,_data\master_csv__rescrape_staging\pitching_1984_PL_from_master.csv,1984,PL,ERA,98,0,0,2,year|league|team|player_id|player_name_ja|player_name_en|G|IP|W|L|SV|ERA|BF|H|HR|BB|IBB|HBP|SO|ER|R|HOLD|HP|CG|SHO|WPCT|WP|BK
staging,_data\master_csv__rescrape_staging\pitching_1985_CL_from_master.csv,1985,CL,ERA,101,0,1,1,year|league|team|player_id|player_name_ja|player_name_en|G|IP|W|L|SV|ERA|BF|H|HR|BB|IBB|HBP|SO|ER|R|HOLD|HP|CG|SHO|WPCT|WP|BK
staging,_data\master_csv__rescrape_staging\pitching_1985_PL_from_master.csv,1985,PL,ERA,103,0,1,1,year|league|team|player_id|player_name_ja|player_name_en|G|IP|W|L|SV|ERA|BF|H|HR|BB|IBB|HBP|SO|ER|R|HOLD|HP|CG|SHO|WPCT|WP|BK
staging,_data\master_csv__rescrape_staging\pitching_1986_CL_from_master.csv,1986,CL,ERA,103,0,0,3,year|league|team|player_id|player_name_ja|player_name_en|G|IP|W|L|SV|ERA|BF|H|HR|BB|IBB|HBP|SO|ER|R|HOLD|HP|CG|SHO|WPCT|WP|BK
staging,_data\master_csv__rescrape_staging\pitching_1986_PL_from_master.csv,1986,PL,ERA,111,0,1,4,year|league|team|player_id|player_name_ja|player_name_en|G|IP|W|L|SV|ERA|BF|H|HR|BB|IBB|HBP|SO|ER|R|HOLD|HP|CG|SHO|WPCT|WP|BK
staging,_data\master_csv__rescrape_staging\pitching_1987_CL_from_master.csv,1987,CL,ERA,102,0,0,3,year|league|team|player_id|player_name_ja|player_name_en|G|IP|W|L|SV|ERA|BF|H|HR|BB|IBB|HBP|SO|ER|R|HOLD|HP|CG|SHO|WPCT|WP|BK
staging,_data\master_csv__rescrape_staging\pitching_1987_PL_from_master.csv,1987,PL,ERA,102,0,0,7,year|league|team|player_id|player_name_ja|player_name_en|G|IP|W|L|SV|ERA|BF|H|HR|BB|IBB|HBP|SO|ER|R|HOLD|HP|CG|SHO|WPCT|WP|BK
staging,_data\master_csv__rescrape_staging\pitching_1988_CL_from_master.csv,1988,CL,ERA,102,0,0,6,year|league|team|player_id|player_name_ja|player_name_en|G|IP|W|L|SV|ERA|BF|H|HR|BB|IBB|HBP|SO|ER|R|HOLD|HP|CG|SHO|WPCT|WP|BK
staging,_data\master_csv__rescrape_staging\pitching_1988_PL_from_master.csv,1988,PL,ERA,104,0,0,1,year|league|team|player_id|player_name_ja|player_name_en|G|IP|W|L|SV|ERA|BF|H|HR|BB|IBB|HBP|SO|ER|R|HOLD|HP|CG|SHO|WPCT|WP|BK
staging,_data\master_csv__rescrape_staging\pitching_1989_CL_from_master.csv,1989,CL,ERA,111,0,0,2,year|league|team|player_id|player_name_ja|player_name_en|G|IP|W|L|SV|ERA|BF|H|HR|BB|IBB|HBP|SO|ER|R|HOLD|HP|CG|SHO|WPCT|WP|BK
staging,_data\master_csv__rescrape_staging\pitching_1989_PL_from_master.csv,1989,PL,ERA,106,0,0,7,year|league|team|player_id|player_name_ja|player_name_en|G|IP|W|L|SV|ERA|BF|H|HR|BB|IBB|HBP|SO|ER|R|HOLD|HP|CG|SHO|WPCT|WP|BK
staging,_data\master_csv__rescrape_staging\pitching_1990_CL_from_master.csv,1990,CL,ERA,116,0,0,5,year|league|team|player_id|player_name_ja|player_name_en|G|IP|W|L|SV|ERA|BF|H|HR|BB|IBB|HBP|SO|ER|R|HOLD|HP|CG|SHO|WPCT|WP|BK
staging,_data\master_csv__rescrape_staging\pitching_1990_PL_from_master.csv,1990,PL,ERA,107,0,0,0,year|league|team|player_id|player_name_ja|player_name_en|G|IP|W|L|SV|ERA|BF|H|HR|BB|IBB|HBP|SO|ER|R|HOLD|HP|CG|SHO|WPCT|WP|BK
staging,_data\master_csv__rescrape_staging\pitching_1991_CL_from_master.csv,1991,CL,ERA,116,0,0,5,year|league|team|player_id|player_name_ja|player_name_en|G|IP|W|L|SV|ERA|BF|H|HR|BB|IBB|HBP|SO|ER|R|HOLD|HP|CG|SHO|WPCT|WP|BK
staging,_data\master_csv__rescrape_staging\pitching_1991_PL_from_master.csv,1991,PL,ERA,108,0,1,3,year|league|team|player_id|player_name_ja|player_name_en|G|IP|W|L|SV|ERA|BF|H|HR|BB|IBB|HBP|SO|ER|R|HOLD|HP|CG|SHO|WPCT|WP|BK
staging,_data\master_csv__rescrape_staging\pitching_1992_CL_from_master.csv,1992,CL,ERA,109,0,0,4,year|league|team|player_id|player_name_ja|player_name_en|G|IP|W|L|SV|ERA|BF|H|HR|BB|IBB|HBP|SO|ER|R|HOLD|HP|CG|SHO|WPCT|WP|BK
staging,_data\master_csv__rescrape_staging\pitching_1992_PL_from_master.csv,1992,PL,ERA,104,0,0,3,year|league|team|player_id|player_name_ja|player_name_en|G|IP|W|L|SV|ERA|BF|H|HR|BB|IBB|HBP|SO|ER|R|HOLD|HP|CG|SHO|WPCT|WP|BK
staging,_data\master_csv__rescrape_staging\pitching_1993_CL_from_master.csv,1993,CL,ERA,114,0,1,3,year|league|team|player_id|player_name_ja|player_name_en|G|IP|W|L|SV|ERA|BF|H|HR|BB|IBB|HBP|SO|ER|R|HOLD|HP|CG|SHO|WPCT|WP|BK
staging,_data\master_csv__rescrape_staging\pitching_1993_PL_from_master.csv,1993,PL,ERA,99,0,0,2,year|league|team|player_id|player_name_ja|player_name_en|G|IP|W|L|SV|ERA|BF|H|HR|BB|IBB|HBP|SO|ER|R|HOLD|HP|CG|SHO|WPCT|WP|BK
staging,_data\master_csv__rescrape_staging\pitching_1994_CL_from_master.csv,1994,CL,ERA,115,0,0,3,year|league|team|player_id|player_name_ja|player_name_en|G|IP|W|L|SV|ERA|BF|H|HR|BB|IBB|HBP|SO|ER|R|HOLD|HP|CG|SHO|WPCT|WP|BK
staging,_data\master_csv__rescrape_staging\pitching_1994_PL_from_master.csv,1994,PL,ERA,115,0,0,5,year|league|team|player_id|player_name_ja|player_name_en|G|IP|W|L|SV|ERA|BF|H|HR|BB|IBB|HBP|SO|ER|R|HOLD|HP|CG|SHO|WPCT|WP|BK
staging,_data\master_csv__rescrape_staging\pitching_1995_CL_from_master.csv,1995,CL,ERA,130,0,1,4,year|league|team|player_id|player_name_ja|player_name_en|G|IP|W|L|SV|ERA|BF|H|HR|BB|IBB|HBP|SO|ER|R|HOLD|HP|CG|SHO|WPCT|WP|BK
staging,_data\master_csv__rescrape_staging\pitching_1995_PL_from_master.csv,1995,PL,ERA,119,0,1,5,year|league|team|player_id|player_name_ja|player_name_en|G|IP|W|L|SV|ERA|BF|H|HR|BB|IBB|HBP|SO|ER|R|HOLD|HP|CG|SHO|WPCT|WP|BK
staging,_data\master_csv__rescrape_staging\pitching_1996_CL_from_master.csv,1996,CL,ERA,129,0,0,2,year|league|team|player_id|player_name_ja|player_name_en|G|IP|W|L|SV|ERA|BF|H|HR|BB|IBB|HBP|SO|ER|R|HOLD|HP|CG|SHO|WPCT|WP|BK
staging,_data\master_csv__rescrape_staging\pitching_1996_PL_from_master.csv,1996,PL,ERA,118,0,0,4,year|league|team|player_id|player_name_ja|player_name_en|G|IP|W|L|SV|ERA|BF|H|HR|BB|IBB|HBP|SO|ER|R|HOLD|HP|CG|SHO|WPCT|WP|BK
staging,_data\master_csv__rescrape_staging\pitching_1997_CL_from_master.csv,1997,CL,ERA,138,0,0,6,year|league|team|player_id|player_name_ja|player_name_en|G|IP|W|L|SV|ERA|BF|H|HR|BB|IBB|HBP|SO|ER|R|HOLD|HP|CG|SHO|WPCT|WP|BK
staging,_data\master_csv__rescrape_staging\pitching_1997_PL_from_master.csv,1997,PL,ERA,137,0,0,8,year|league|team|player_id|player_name_ja|player_name_en|G|IP|W|L|SV|ERA|BF|H|HR|BB|IBB|HBP|SO|ER|R|HOLD|HP|CG|SHO|WPCT|WP|BK
staging,_data\master_csv__rescrape_staging\pitching_1998_CL_from_master.csv,1998,CL,ERA,130,0,0,7,year|league|team|player_id|player_name_ja|player_name_en|G|IP|W|L|SV|ERA|BF|H|HR|BB|IBB|HBP|SO|ER|R|HOLD|HP|CG|SHO|WPCT|WP|BK
staging,_data\master_csv__rescrape_staging\pitching_1998_PL_from_master.csv,1998,PL,ERA,132,0,1,5,year|league|team|player_id|player_name_ja|player_name_en|G|IP|W|L|SV|ERA|BF|H|HR|BB|IBB|HBP|SO|ER|R|HOLD|HP|CG|SHO|WPCT|WP|BK
staging,_data\master_csv__rescrape_staging\pitching_1999_CL_from_master.csv,1999,CL,ERA,135,0,0,4,year|league|team|player_id|player_name_ja|player_name_en|G|IP|W|L|SV|ERA|BF|H|HR|BB|IBB|HBP|SO|ER|R|HOLD|HP|CG|SHO|WPCT|WP|BK
staging,_data\master_csv__rescrape_staging\pitching_1999_PL_from_master.csv,1999,PL,ERA,145,0,0,8,year|league|team|player_id|player_name_ja|player_name_en|G|IP|W|L|SV|ERA|BF|H|HR|BB|IBB|HBP|SO|ER|R|HOLD|HP|CG|SHO|WPCT|WP|BK
staging,_data\master_csv__rescrape_staging\pitching_2000_CL_from_master.csv,2000,CL,ERA,149,0,0,2,year|league|team|player_id|player_name_ja|player_name_en|G|IP|W|L|SV|ERA|BF|H|HR|BB|IBB|HBP|SO|ER|R|HOLD|HP|CG|SHO|WPCT|WP|BK
staging,_data\master_csv__rescrape_staging\pitching_2000_PL_from_master.csv,2000,PL,ERA,143,0,2,4,year|league|team|player_id|player_name_ja|player_name_en|G|IP|W|L|SV|ERA|BF|H|HR|BB|IBB|HBP|SO|ER|R|HOLD|HP|CG|SHO|WPCT|WP|BK
staging,_data\master_csv__rescrape_staging\pitching_2001_CL_from_master.csv,2001,CL,ERA,150,0,1,8,year|league|team|player_id|player_name_ja|player_name_en|G|IP|W|L|SV|ERA|BF|H|HR|BB|IBB|HBP|SO|ER|R|HOLD|HP|CG|SHO|WPCT|WP|BK
staging,_data\master_csv__rescrape_staging\pitching_2001_PL_from_master.csv,2001,PL,ERA,160,0,0,8,year|league|team|player_id|player_name_ja|player_name_en|G|IP|W|L|SV|ERA|BF|H|HR|BB|IBB|HBP|SO|ER|R|HOLD|HP|CG|SHO|WPCT|WP|BK
staging,_data\master_csv__rescrape_staging\pitching_2002_CL_from_master.csv,2002,CL,ERA,151,0,0,6,year|league|team|player_id|player_name_ja|player_name_en|G|IP|W|L|SV|ERA|BF|H|HR|BB|IBB|HBP|SO|ER|R|HOLD|HP|CG|SHO|WPCT|WP|BK
staging,_data\master_csv__rescrape_staging\pitching_2002_PL_from_master.csv,2002,PL,ERA,146,0,0,4,year|league|team|player_id|player_name_ja|player_name_en|G|IP|W|L|SV|ERA|BF|H|HR|BB|IBB|HBP|SO|ER|R|HOLD|HP|CG|SHO|WPCT|WP|BK
staging,_data\master_csv__rescrape_staging\pitching_2003_CL_from_master.csv,2003,CL,ERA,146,0,0,2,year|league|team|player_id|player_name_ja|player_name_en|G|IP|W|L|SV|ERA|BF|H|HR|BB|IBB|HBP|SO|ER|R|HOLD|HP|CG|SHO|WPCT|WP|BK
staging,_data\master_csv__rescrape_staging\pitching_2003_PL_from_master.csv,2003,PL,ERA,149,0,0,6,year|league|team|player_id|player_name_ja|player_name_en|G|IP|W|L|SV|ERA|BF|H|HR|BB|IBB|HBP|SO|ER|R|HOLD|HP|CG|SHO|WPCT|WP|BK
staging,_data\master_csv__rescrape_staging\pitching_2004_CL_from_master.csv,2004,CL,ERA,150,0,0,6,year|league|team|player_id|player_name_ja|player_name_en|G|IP|W|L|SV|ERA|BF|H|HR|BB|IBB|HBP|SO|ER|R|HOLD|HP|CG|SHO|WPCT|WP|BK
staging,_data\master_csv__rescrape_staging\pitching_2004_PL_from_master.csv,2004,PL,ERA,151,0,1,6,year|league|team|player_id|player_name_ja|player_name_en|G|IP|W|L|SV|ERA|BF|H|HR|BB|IBB|HBP|SO|ER|R|HOLD|HP|CG|SHO|WPCT|WP|BK
master,_data\master_csv\pitching_1950_CL_from_master.csv,1950,CL,ERA,86,0,0,2,year|league|team|player_id|player_name_ja|player_name_en|G|IP|W|L|SV|ERA|BF|H|HR|BB|IBB|HBP|SO|ER|R|HOLD|HP|CG|SHO|WPCT|WP|BK
master,_data\master_csv\pitching_1950_PL_from_master.csv,1950,PL,ERA,69,0,0,0,year|league|team|player_id|player_name_ja|player_name_en|G|IP|W|L|SV|ERA|BF|H|HR|BB|IBB|HBP|SO|ER|R|HOLD|HP|CG|SHO|WPCT|WP|BK
master,_data\master_csv\pitching_1951_CL_from_master.csv,1951,CL,ERA,76,0,0,4,year|league|team|player_id|player_name_ja|player_name_en|G|IP|W|L|SV|ERA|BF|H|HR|BB|IBB|HBP|SO|ER|R|HOLD|HP|CG|SHO|WPCT|WP|BK
master,_data\master_csv\pitching_1951_PL_from_master.csv,1951,PL,ERA,65,0,0,0,year|league|team|player_id|player_name_ja|player_name_en|G|IP|W|L|SV|ERA|BF|H|HR|BB|IBB|HBP|SO|ER|R|HOLD|HP|CG|SHO|WPCT|WP|BK
master,_data\master_csv\pitching_1952_CL_from_master.csv,1952,CL,ERA,73,0,0,1,year|league|team|player_id|player_name_ja|player_name_en|G|IP|W|L|SV|ERA|BF|H|HR|BB|IBB|HBP|SO|ER|R|HOLD|HP|CG|SHO|WPCT|WP|BK
master,_data\master_csv\pitching_1952_PL_from_master.csv,1952,PL,ERA,75,0,0,5,year|league|team|player_id|player_name_ja|player_name_en|G|IP|W|L|SV|ERA|BF|H|HR|BB|IBB|HBP|SO|ER|R|HOLD|HP|CG|SHO|WPCT|WP|BK
master,_data\master_csv\pitching_1953_CL_from_master.csv,1953,CL,ERA,82,0,0,2,year|league|team|player_id|player_name_ja|player_name_en|G|IP|W|L|SV|ERA|BF|H|HR|BB|IBB|HBP|SO|ER|R|HOLD|HP|CG|SHO|WPCT|WP|BK
master,_data\master_csv\pitching_1953_PL_from_master.csv,1953,PL,ERA,82,0,0,2,year|league|team|player_id|player_name_ja|player_name_en|G|IP|W|L|SV|ERA|BF|H|HR|BB|IBB|HBP|SO|ER|R|HOLD|HP|CG|SHO|WPCT|WP|BK
master,_data\master_csv\pitching_1954_CL_from_master.csv,1954,CL,ERA,79,0,0,3,year|league|team|player_id|player_name_ja|player_name_en|G|IP|W|L|SV|ERA|BF|H|HR|BB|IBB|HBP|SO|ER|R|HOLD|HP|CG|SHO|WPCT|WP|BK
master,_data\master_csv\pitching_1954_PL_from_master.csv,1954,PL,ERA,105,0,0,2,year|league|team|player_id|player_name_ja|player_name_en|G|IP|W|L|SV|ERA|BF|H|HR|BB|IBB|HBP|SO|ER|R|HOLD|HP|CG|SHO|WPCT|WP|BK
master,_data\master_csv\pitching_1955_CL_from_master.csv,1955,CL,ERA,82,0,0,3,year|league|team|player_id|player_name_ja|player_name_en|G|IP|W|L|SV|ERA|BF|H|HR|BB|IBB|HBP|SO|ER|R|HOLD|HP|CG|SHO|WPCT|WP|BK
master,_data\master_csv\pitching_1955_PL_from_master.csv,1955,PL,ERA,116,0,0,4,year|league|team|player_id|player_name_ja|player_name_en|G|IP|W|L|SV|ERA|BF|H|HR|BB|IBB|HBP|SO|ER|R|HOLD|HP|CG|SHO|WPCT|WP|BK
master,_data\master_csv\pitching_1956_CL_from_master.csv,1956,CL,ERA,77,0,0,8,year|league|team|player_id|player_name_ja|player_name_en|G|IP|W|L|SV|ERA|BF|H|HR|BB|IBB|HBP|SO|ER|R|HOLD|HP|CG|SHO|WPCT|WP|BK
master,_data\master_csv\pitching_1956_PL_from_master.csv,1956,PL,ERA,120,0,0,5,year|league|team|player_id|player_name_ja|player_name_en|G|IP|W|L|SV|ERA|BF|H|HR|BB|IBB|HBP|SO|ER|R|HOLD|HP|CG|SHO|WPCT|WP|BK
master,_data\master_csv\pitching_1957_CL_from_master.csv,1957,CL,ERA,70,0,0,2,year|league|team|player_id|player_name_ja|player_name_en|G|IP|W|L|SV|ERA|BF|H|HR|BB|IBB|HBP|SO|ER|R|HOLD|HP|CG|SHO|WPCT|WP|BK
master,_data\master_csv\pitching_1957_PL_from_master.csv,1957,PL,ERA,102,0,0,2,year|league|team|player_id|player_name_ja|player_name_en|G|IP|W|L|SV|ERA|BF|H|HR|BB|IBB|HBP|SO|ER|R|HOLD|HP|CG|SHO|WPCT|WP|BK
master,_data\master_csv\pitching_1958_CL_from_master.csv,1958,CL,ERA,70,0,0,0,year|league|team|player_id|player_name_ja|player_name_en|G|IP|W|L|SV|ERA|BF|H|HR|BB|IBB|HBP|SO|ER|R|HOLD|HP|CG|SHO|WPCT|WP|BK
master,_data\master_csv\pitching_1958_PL_from_master.csv,1958,PL,ERA,86,0,0,5,year|league|team|player_id|player_name_ja|player_name_en|G|IP|W|L|SV|ERA|BF|H|HR|BB|IBB|HBP|SO|ER|R|HOLD|HP|CG|SHO|WPCT|WP|BK
master,_data\master_csv\pitching_1959_CL_from_master.csv,1959,CL,ERA,67,0,0,1,year|league|team|player_id|player_name_ja|player_name_en|G|IP|W|L|SV|ERA|BF|H|HR|BB|IBB|HBP|SO|ER|R|HOLD|HP|CG|SHO|WPCT|WP|BK
master,_data\master_csv\pitching_1959_PL_from_master.csv,1959,PL,ERA,79,0,0,2,year|league|team|player_id|player_name_ja|player_name_en|G|IP|W|L|SV|ERA|BF|H|HR|BB|IBB|HBP|SO|ER|R|HOLD|HP|CG|SHO|WPCT|WP|BK
master,_data\master_csv\pitching_1960_CL_from_master.csv,1960,CL,ERA,74,0,0,5,year|league|team|player_id|player_name_ja|player_name_en|G|IP|W|L|SV|ERA|BF|H|HR|BB|IBB|HBP|SO|ER|R|HOLD|HP|CG|SHO|WPCT|WP|BK
master,_data\master_csv\pitching_1960_PL_from_master.csv,1960,PL,ERA,83,0,0,1,year|league|team|player_id|player_name_ja|player_name_en|G|IP|W|L|SV|ERA|BF|H|HR|BB|IBB|HBP|SO|ER|R|HOLD|HP|CG|SHO|WPCT|WP|BK
master,_data\master_csv\pitching_1961_CL_from_master.csv,1961,CL,ERA,76,0,0,2,year|league|team|player_id|player_name_ja|player_name_en|G|IP|W|L|SV|ERA|BF|H|HR|BB|IBB|HBP|SO|ER|R|HOLD|HP|CG|SHO|WPCT|WP|BK
master,_data\master_csv\pitching_1961_PL_from_master.csv,1961,PL,ERA,83,0,0,2,year|league|team|player_id|player_name_ja|player_name_en|G|IP|W|L|SV|ERA|BF|H|HR|BB|IBB|HBP|SO|ER|R|HOLD|HP|CG|SHO|WPCT|WP|BK
master,_data\master_csv\pitching_1962_CL_from_master.csv,1962,CL,ERA,84,0,0,7,year|league|team|player_id|player_name_ja|player_name_en|G|IP|W|L|SV|ERA|BF|H|HR|BB|IBB|HBP|SO|ER|R|HOLD|HP|CG|SHO|WPCT|WP|BK
master,_data\master_csv\pitching_1962_PL_from_master.csv,1962,PL,ERA,91,0,0,4,year|league|team|player_id|player_name_ja|player_name_en|G|IP|W|L|SV|ERA|BF|H|HR|BB|IBB|HBP|SO|ER|R|HOLD|HP|CG|SHO|WPCT|WP|BK
master,_data\master_csv\pitching_1963_CL_from_master.csv,1963,CL,ERA,83,0,0,2,year|league|team|player_id|player_name_ja|player_name_en|G|IP|W|L|SV|ERA|BF|H|HR|BB|IBB|HBP|SO|ER|R|HOLD|HP|CG|SHO|WPCT|WP|BK
master,_data\master_csv\pitching_1963_PL_from_master.csv,1963,PL,ERA,83,0,0,2,year|league|team|player_id|player_name_ja|player_name_en|G|IP|W|L|SV|ERA|BF|H|HR|BB|IBB|HBP|SO|ER|R|HOLD|HP|CG|SHO|WPCT|WP|BK
master,_data\master_csv\pitching_1964_CL_from_master.csv,1964,CL,ERA,84,0,0,4,year|league|team|player_id|player_name_ja|player_name_en|G|IP|W|L|SV|ERA|BF|H|HR|BB|IBB|HBP|SO|ER|R|HOLD|HP|CG|SHO|WPCT|WP|BK
master,_data\master_csv\pitching_1964_PL_from_master.csv,1964,PL,ERA,82,0,0,5,year|league|team|player_id|player_name_ja|player_name_en|G|IP|W|L|SV|ERA|BF|H|HR|BB|IBB|HBP|SO|ER|R|HOLD|HP|CG|SHO|WPCT|WP|BK
master,_data\master_csv\pitching_1965_CL_from_master.csv,1965,CL,ERA,86,0,0,6,year|league|team|player_id|player_name_ja|player_name_en|G|IP|W|L|SV|ERA|BF|H|HR|BB|IBB|HBP|SO|ER|R|HOLD|HP|CG|SHO|WPCT|WP|BK
master,_data\master_csv\pitching_1965_PL_from_master.csv,1965,PL,ERA,78,0,0,0,year|league|team|player_id|player_name_ja|player_name_en|G|IP|W|L|SV|ERA|BF|H|HR|BB|IBB|HBP|SO|ER|R|HOLD|HP|CG|SHO|WPCT|WP|BK
master,_data\master_csv\pitching_1966_CL_from_master.csv,1966,CL,ERA,84,0,0,3,year|league|team|player_id|player_name_ja|player_name_en|G|IP|W|L|SV|ERA|BF|H|HR|BB|IBB|HBP|SO|ER|R|HOLD|HP|CG|SHO|WPCT|WP|BK
master,_data\master_csv\pitching_1966_PL_from_master.csv,1966,PL,ERA,73,0,0,3,year|league|team|player_id|player_name_ja|player_name_en|G|IP|W|L|SV|ERA|BF|H|HR|BB|IBB|HBP|SO|ER|R|HOLD|HP|CG|SHO|WPCT|WP|BK
master,_data\master_csv\pitching_1967_CL_from_master.csv,1967,CL,ERA,90,0,0,5,year|league|team|player_id|player_name_ja|player_name_en|G|IP|W|L|SV|ERA|BF|H|HR|BB|IBB|HBP|SO|ER|R|HOLD|HP|CG|SHO|WPCT|WP|BK
master,_data\master_csv\pitching_1967_PL_from_master.csv,1967,PL,ERA,79,0,0,3,year|league|team|player_id|player_name_ja|player_name_en|G|IP|W|L|SV|ERA|BF|H|HR|BB|IBB|HBP|SO|ER|R|HOLD|HP|CG|SHO|WPCT|WP|BK
master,_data\master_csv\pitching_1968_CL_from_master.csv,1968,CL,ERA,90,0,0,4,year|league|team|player_id|player_name_ja|player_name_en|G|IP|W|L|SV|ERA|BF|H|HR|BB|IBB|HBP|SO|ER|R|HOLD|HP|CG|SHO|WPCT|WP|BK
master,_data\master_csv\pitching_1968_PL_from_master.csv,1968,PL,ERA,83,0,0,2,year|league|team|player_id|player_name_ja|player_name_en|G|IP|W|L|SV|ERA|BF|H|HR|BB|IBB|HBP|SO|ER|R|HOLD|HP|CG|SHO|WPCT|WP|BK
master,_data\master_csv\pitching_1969_CL_from_master.csv,1969,CL,ERA,88,0,0,1,year|league|team|player_id|player_name_ja|player_name_en|G|IP|W|L|SV|ERA|BF|H|HR|BB|IBB|HBP|SO|ER|R|HOLD|HP|CG|SHO|WPCT|WP|BK
master,_data\master_csv\pitching_1969_PL_from_master.csv,1969,PL,ERA,81,0,0,5,year|league|team|player_id|player_name_ja|player_name_en|G|IP|W|L|SV|ERA|BF|H|HR|BB|IBB|HBP|SO|ER|R|HOLD|HP|CG|SHO|WPCT|WP|BK
master,_data\master_csv\pitching_1970_CL_from_master.csv,1970,CL,ERA,79,0,0,2,year|league|team|player_id|player_name_ja|player_name_en|G|IP|W|L|SV|ERA|BF|H|HR|BB|IBB|HBP|SO|ER|R|HOLD|HP|CG|SHO|WPCT|WP|BK
master,_data\master_csv\pitching_1970_PL_from_master.csv,1970,PL,ERA,92,0,0,4,year|league|team|player_id|player_name_ja|player_name_en|G|IP|W|L|SV|ERA|BF|H|HR|BB|IBB|HBP|SO|ER|R|HOLD|HP|CG|SHO|WPCT|WP|BK
master,_data\master_csv\pitching_1971_CL_from_master.csv,1971,CL,ERA,82,0,0,3,year|league|team|player_id|player_name_ja|player_name_en|G|IP|W|L|SV|ERA|BF|H|HR|BB|IBB|HBP|SO|ER|R|HOLD|HP|CG|SHO|WPCT|WP|BK
master,_data\master_csv\pitching_1971_PL_from_master.csv,1971,PL,ERA,80,0,0,4,year|league|team|player_id|player_name_ja|player_name_en|G|IP|W|L|SV|ERA|BF|H|HR|BB|IBB|HBP|SO|ER|R|HOLD|HP|CG|SHO|WPCT|WP|BK
master,_data\master_csv\pitching_1972_CL_from_master.csv,1972,CL,ERA,92,0,0,3,year|league|team|player_id|player_name_ja|player_name_en|G|IP|W|L|SV|ERA|BF|H|HR|BB|IBB|HBP|SO|ER|R|HOLD|HP|CG|SHO|WPCT|WP|BK
master,_data\master_csv\pitching_1972_PL_from_master.csv,1972,PL,ERA,84,0,0,1,year|league|team|player_id|player_name_ja|player_name_en|G|IP|W|L|SV|ERA|BF|H|HR|BB|IBB|HBP|SO|ER|R|HOLD|HP|CG|SHO|WPCT|WP|BK
master,_data\master_csv\pitching_1973_CL_from_master.csv,1973,CL,ERA,87,0,0,6,year|league|team|player_id|player_name_ja|player_name_en|G|IP|W|L|SV|ERA|BF|H|HR|BB|IBB|HBP|SO|ER|R|HOLD|HP|CG|SHO|WPCT|WP|BK
master,_data\master_csv\pitching_1973_PL_from_master.csv,1973,PL,ERA,90,0,0,3,year|league|team|player_id|player_name_ja|player_name_en|G|IP|W|L|SV|ERA|BF|H|HR|BB|IBB|HBP|SO|ER|R|HOLD|HP|CG|SHO|WPCT|WP|BK
master,_data\master_csv\pitching_1974_CL_from_master.csv,1974,CL,ERA,91,0,0,5,year|league|team|player_id|player_name_ja|player_name_en|G|IP|W|L|SV|ERA|BF|H|HR|BB|IBB|HBP|SO|ER|R|HOLD|HP|CG|SHO|WPCT|WP|BK
master,_data\master_csv\pitching_1974_PL_from_master.csv,1974,PL,ERA,89,0,0,4,year|league|team|player_id|player_name_ja|player_name_en|G|IP|W|L|SV|ERA|BF|H|HR|BB|IBB|HBP|SO|ER|R|HOLD|HP|CG|SHO|WPCT|WP|BK
master,_data\master_csv\pitching_1975_CL_from_master.csv,1975,CL,ERA,78,0,0,0,year|league|team|player_id|player_name_ja|player_name_en|G|IP|W|L|SV|ERA|BF|H|HR|BB|IBB|HBP|SO|ER|R|HOLD|HP|CG|SHO|WPCT|WP|BK
master,_data\master_csv\pitching_1975_PL_from_master.csv,1975,PL,ERA,72,0,0,0,year|league|team|player_id|player_name_ja|player_name_en|G|IP|W|L|SV|ERA|BF|H|HR|BB|IBB|HBP|SO|ER|R|HOLD|HP|CG|SHO|WPCT|WP|BK
master,_data\master_csv\pitching_1976_CL_from_master.csv,1976,CL,ERA,88,0,0,3,year|league|team|player_id|player_name_ja|player_name_en|G|IP|W|L|SV|ERA|BF|H|HR|BB|IBB|HBP|SO|ER|R|HOLD|HP|CG|SHO|WPCT|WP|BK
master,_data\master_csv\pitching_1976_PL_from_master.csv,1976,PL,ERA,76,0,0,4,year|league|team|player_id|player_name_ja|player_name_en|G|IP|W|L|SV|ERA|BF|H|HR|BB|IBB|HBP|SO|ER|R|HOLD|HP|CG|SHO|WPCT|WP|BK
master,_data\master_csv\pitching_1977_CL_from_master.csv,1977,CL,ERA,96,0,0,2,year|league|team|player_id|player_name_ja|player_name_en|G|IP|W|L|SV|ERA|BF|H|HR|BB|IBB|HBP|SO|ER|R|HOLD|HP|CG|SHO|WPCT|WP|BK
master,_data\master_csv\pitching_1977_PL_from_master.csv,1977,PL,ERA,75,0,0,0,year|league|team|player_id|player_name_ja|player_name_en|G|IP|W|L|SV|ERA|BF|H|HR|BB|IBB|HBP|SO|ER|R|HOLD|HP|CG|SHO|WPCT|WP|BK
master,_data\master_csv\pitching_1978_CL_from_master.csv,1978,CL,ERA,84,0,0,1,year|league|team|player_id|player_name_ja|player_name_en|G|IP|W|L|SV|ERA|BF|H|HR|BB|IBB|HBP|SO|ER|R|HOLD|HP|CG|SHO|WPCT|WP|BK
master,_data\master_csv\pitching_1978_PL_from_master.csv,1978,PL,ERA,80,0,0,3,year|league|team|player_id|player_name_ja|player_name_en|G|IP|W|L|SV|ERA|BF|H|HR|BB|IBB|HBP|SO|ER|R|HOLD|HP|CG|SHO|WPCT|WP|BK
master,_data\master_csv\pitching_1979_CL_from_master.csv,1979,CL,ERA,87,0,0,2,year|league|team|player_id|player_name_ja|player_name_en|G|IP|W|L|SV|ERA|BF|H|HR|BB|IBB|HBP|SO|ER|R|HOLD|HP|CG|SHO|WPCT|WP|BK
master,_data\master_csv\pitching_1979_PL_from_master.csv,1979,PL,ERA,80,0,0,2,year|league|team|player_id|player_name_ja|player_name_en|G|IP|W|L|SV|ERA|BF|H|HR|BB|IBB|HBP|SO|ER|R|HOLD|HP|CG|SHO|WPCT|WP|BK
master,_data\master_csv\pitching_1980_CL_from_master.csv,1980,CL,ERA,91,0,0,3,year|league|team|player_id|player_name_ja|player_name_en|G|IP|W|L|SV|ERA|BF|H|HR|BB|IBB|HBP|SO|ER|R|HOLD|HP|CG|SHO|WPCT|WP|BK
master,_data\master_csv\pitching_1980_PL_from_master.csv,1980,PL,ERA,83,0,0,3,year|league|team|player_id|player_name_ja|player_name_en|G|IP|W|L|SV|ERA|BF|H|HR|BB|IBB|HBP|SO|ER|R|HOLD|HP|CG|SHO|WPCT|WP|BK
master,_data\master_csv\pitching_1981_CL_from_master.csv,1981,CL,ERA,87,0,0,3,year|league|team|player_id|player_name_ja|player_name_en|G|IP|W|L|SV|ERA|BF|H|HR|BB|IBB|HBP|SO|ER|R|HOLD|HP|CG|SHO|WPCT|WP|BK
master,_data\master_csv\pitching_1981_PL_from_master.csv,1981,PL,ERA,90,0,0,4,year|league|team|player_id|player_name_ja|player_name_en|G|IP|W|L|SV|ERA|BF|H|HR|BB|IBB|HBP|SO|ER|R|HOLD|HP|CG|SHO|WPCT|WP|BK
master,_data\master_csv\pitching_1982_CL_from_master.csv,1982,CL,ERA,93,0,0,4,year|league|team|player_id|player_name_ja|player_name_en|G|IP|W|L|SV|ERA|BF|H|HR|BB|IBB|HBP|SO|ER|R|HOLD|HP|CG|SHO|WPCT|WP|BK
master,_data\master_csv\pitching_1982_PL_from_master.csv,1982,PL,ERA,88,0,0,1,year|league|team|player_id|player_name_ja|player_name_en|G|IP|W|L|SV|ERA|BF|H|HR|BB|IBB|HBP|SO|ER|R|HOLD|HP|CG|SHO|WPCT|WP|BK
master,_data\master_csv\pitching_1983_CL_from_master.csv,1983,CL,ERA,94,0,0,3,year|league|team|player_id|player_name_ja|player_name_en|G|IP|W|L|SV|ERA|BF|H|HR|BB|IBB|HBP|SO|ER|R|HOLD|HP|CG|SHO|WPCT|WP|BK
master,_data\master_csv\pitching_1983_PL_from_master.csv,1983,PL,ERA,96,0,0,3,year|league|team|player_id|player_name_ja|player_name_en|G|IP|W|L|SV|ERA|BF|H|HR|BB|IBB|HBP|SO|ER|R|HOLD|HP|CG|SHO|WPCT|WP|BK
master,_data\master_csv\pitching_1984_CL_from_master.csv,1984,CL,ERA,97,0,0,2,year|league|team|player_id|player_name_ja|player_name_en|G|IP|W|L|SV|ERA|BF|H|HR|BB|IBB|HBP|SO|ER|R|HOLD|HP|CG|SHO|WPCT|WP|BK
master,_data\master_csv\pitching_1984_PL_from_master.csv,1984,PL,ERA,98,0,0,2,year|league|team|player_id|player_name_ja|player_name_en|G|IP|W|L|SV|ERA|BF|H|HR|BB|IBB|HBP|SO|ER|R|HOLD|HP|CG|SHO|WPCT|WP|BK
master,_data\master_csv\pitching_1985_CL_from_master.csv,1985,CL,ERA,101,0,0,1,year|league|team|player_id|player_name_ja|player_name_en|G|IP|W|L|SV|ERA|BF|H|HR|BB|IBB|HBP|SO|ER|R|HOLD|HP|CG|SHO|WPCT|WP|BK
master,_data\master_csv\pitching_1985_PL_from_master.csv,1985,PL,ERA,103,0,0,0,year|league|team|player_id|player_name_ja|player_name_en|G|IP|W|L|SV|ERA|BF|H|HR|BB|IBB|HBP|SO|ER|R|HOLD|HP|CG|SHO|WPCT|WP|BK
master,_data\master_csv\pitching_1986_CL_from_master.csv,1986,CL,ERA,103,0,0,2,year|league|team|player_id|player_name_ja|player_name_en|G|IP|W|L|SV|ERA|BF|H|HR|BB|IBB|HBP|SO|ER|R|HOLD|HP|CG|SHO|WPCT|WP|BK
master,_data\master_csv\pitching_1986_PL_from_master.csv,1986,PL,ERA,111,0,0,4,year|league|team|player_id|player_name_ja|player_name_en|G|IP|W|L|SV|ERA|BF|H|HR|BB|IBB|HBP|SO|ER|R|HOLD|HP|CG|SHO|WPCT|WP|BK
master,_data\master_csv\pitching_1987_CL_from_master.csv,1987,CL,ERA,102,0,0,3,year|league|team|player_id|player_name_ja|player_name_en|G|IP|W|L|SV|ERA|BF|H|HR|BB|IBB|HBP|SO|ER|R|HOLD|HP|CG|SHO|WPCT|WP|BK
master,_data\master_csv\pitching_1987_PL_from_master.csv,1987,PL,ERA,102,0,0,6,year|league|team|player_id|player_name_ja|player_name_en|G|IP|W|L|SV|ERA|BF|H|HR|BB|IBB|HBP|SO|ER|R|HOLD|HP|CG|SHO|WPCT|WP|BK
master,_data\master_csv\pitching_1988_CL_from_master.csv,1988,CL,ERA,102,0,0,5,year|league|team|player_id|player_name_ja|player_name_en|G|IP|W|L|SV|ERA|BF|H|HR|BB|IBB|HBP|SO|ER|R|HOLD|HP|CG|SHO|WPCT|WP|BK
master,_data\master_csv\pitching_1988_PL_from_master.csv,1988,PL,ERA,104,0,0,1,year|league|team|player_id|player_name_ja|player_name_en|G|IP|W|L|SV|ERA|BF|H|HR|BB|IBB|HBP|SO|ER|R|HOLD|HP|CG|SHO|WPCT|WP|BK
master,_data\master_csv\pitching_1989_CL_from_master.csv,1989,CL,ERA,111,0,0,2,year|league|team|player_id|player_name_ja|player_name_en|G|IP|W|L|SV|ERA|BF|H|HR|BB|IBB|HBP|SO|ER|R|HOLD|HP|CG|SHO|WPCT|WP|BK
master,_data\master_csv\pitching_1989_PL_from_master.csv,1989,PL,ERA,106,0,0,6,year|league|team|player_id|player_name_ja|player_name_en|G|IP|W|L|SV|ERA|BF|H|HR|BB|IBB|HBP|SO|ER|R|HOLD|HP|CG|SHO|WPCT|WP|BK
master,_data\master_csv\pitching_1990_CL_from_master.csv,1990,CL,ERA,116,0,0,5,year|league|team|player_id|player_name_ja|player_name_en|G|IP|W|L|SV|ERA|BF|H|HR|BB|IBB|HBP|SO|ER|R|HOLD|HP|CG|SHO|WPCT|WP|BK
master,_data\master_csv\pitching_1990_PL_from_master.csv,1990,PL,ERA,107,0,0,0,year|league|team|player_id|player_name_ja|player_name_en|G|IP|W|L|SV|ERA|BF|H|HR|BB|IBB|HBP|SO|ER|R|HOLD|HP|CG|SHO|WPCT|WP|BK
master,_data\master_csv\pitching_1991_CL_from_master.csv,1991,CL,ERA,116,0,0,5,year|league|team|player_id|player_name_ja|player_name_en|G|IP|W|L|SV|ERA|BF|H|HR|BB|IBB|HBP|SO|ER|R|HOLD|HP|CG|SHO|WPCT|WP|BK
master,_data\master_csv\pitching_1991_PL_from_master.csv,1991,PL,ERA,108,0,0,3,year|league|team|player_id|player_name_ja|player_name_en|G|IP|W|L|SV|ERA|BF|H|HR|BB|IBB|HBP|SO|ER|R|HOLD|HP|CG|SHO|WPCT|WP|BK
master,_data\master_csv\pitching_1992_CL_from_master.csv,1992,CL,ERA,109,0,0,4,year|league|team|player_id|player_name_ja|player_name_en|G|IP|W|L|SV|ERA|BF|H|HR|BB|IBB|HBP|SO|ER|R|HOLD|HP|CG|SHO|WPCT|WP|BK
master,_data\master_csv\pitching_1992_PL_from_master.csv,1992,PL,ERA,104,0,0,3,year|league|team|player_id|player_name_ja|player_name_en|G|IP|W|L|SV|ERA|BF|H|HR|BB|IBB|HBP|SO|ER|R|HOLD|HP|CG|SHO|WPCT|WP|BK
master,_data\master_csv\pitching_1993_CL_from_master.csv,1993,CL,ERA,114,0,0,3,year|league|team|player_id|player_name_ja|player_name_en|G|IP|W|L|SV|ERA|BF|H|HR|BB|IBB|HBP|SO|ER|R|HOLD|HP|CG|SHO|WPCT|WP|BK
master,_data\master_csv\pitching_1993_PL_from_master.csv,1993,PL,ERA,99,0,0,2,year|league|team|player_id|player_name_ja|player_name_en|G|IP|W|L|SV|ERA|BF|H|HR|BB|IBB|HBP|SO|ER|R|HOLD|HP|CG|SHO|WPCT|WP|BK
master,_data\master_csv\pitching_1994_CL_from_master.csv,1994,CL,ERA,115,0,0,3,year|league|team|player_id|player_name_ja|player_name_en|G|IP|W|L|SV|ERA|BF|H|HR|BB|IBB|HBP|SO|ER|R|HOLD|HP|CG|SHO|WPCT|WP|BK
master,_data\master_csv\pitching_1994_PL_from_master.csv,1994,PL,ERA,115,0,0,5,year|league|team|player_id|player_name_ja|player_name_en|G|IP|W|L|SV|ERA|BF|H|HR|BB|IBB|HBP|SO|ER|R|HOLD|HP|CG|SHO|WPCT|WP|BK
master,_data\master_csv\pitching_1995_CL_from_master.csv,1995,CL,ERA,130,0,0,3,year|league|team|player_id|player_name_ja|player_name_en|G|IP|W|L|SV|ERA|BF|H|HR|BB|IBB|HBP|SO|ER|R|HOLD|HP|CG|SHO|WPCT|WP|BK
master,_data\master_csv\pitching_1995_PL_from_master.csv,1995,PL,ERA,119,0,0,5,year|league|team|player_id|player_name_ja|player_name_en|G|IP|W|L|SV|ERA|BF|H|HR|BB|IBB|HBP|SO|ER|R|HOLD|HP|CG|SHO|WPCT|WP|BK
master,_data\master_csv\pitching_1996_CL_from_master.csv,1996,CL,ERA,129,0,0,2,year|league|team|player_id|player_name_ja|player_name_en|G|IP|W|L|SV|ERA|BF|H|HR|BB|IBB|HBP|SO|ER|R|HOLD|HP|CG|SHO|WPCT|WP|BK
master,_data\master_csv\pitching_1996_PL_from_master.csv,1996,PL,ERA,118,0,0,3,year|league|team|player_id|player_name_ja|player_name_en|G|IP|W|L|SV|ERA|BF|H|HR|BB|IBB|HBP|SO|ER|R|HOLD|HP|CG|SHO|WPCT|WP|BK
master,_data\master_csv\pitching_1997_CL_from_master.csv,1997,CL,ERA,138,0,0,6,year|league|team|player_id|player_name_ja|player_name_en|G|IP|W|L|SV|ERA|BF|H|HR|BB|IBB|HBP|SO|ER|R|HOLD|HP|CG|SHO|WPCT|WP|BK
master,_data\master_csv\pitching_1997_PL_from_master.csv,1997,PL,ERA,137,0,0,8,year|league|team|player_id|player_name_ja|player_name_en|G|IP|W|L|SV|ERA|BF|H|HR|BB|IBB|HBP|SO|ER|R|HOLD|HP|CG|SHO|WPCT|WP|BK
master,_data\master_csv\pitching_1998_CL_from_master.csv,1998,CL,ERA,130,0,0,6,year|league|team|player_id|player_name_ja|player_name_en|G|IP|W|L|SV|ERA|BF|H|HR|BB|IBB|HBP|SO|ER|R|HOLD|HP|CG|SHO|WPCT|WP|BK
master,_data\master_csv\pitching_1998_PL_from_master.csv,1998,PL,ERA,132,0,0,5,year|league|team|player_id|player_name_ja|player_name_en|G|IP|W|L|SV|ERA|BF|H|HR|BB|IBB|HBP|SO|ER|R|HOLD|HP|CG|SHO|WPCT|WP|BK
master,_data\master_csv\pitching_1999_CL_from_master.csv,1999,CL,ERA,135,0,0,2,year|league|team|player_id|player_name_ja|player_name_en|G|IP|W|L|SV|ERA|BF|H|HR|BB|IBB|HBP|SO|ER|R|HOLD|HP|CG|SHO|WPCT|WP|BK
master,_data\master_csv\pitching_1999_PL_from_master.csv,1999,PL,ERA,145,0,0,5,year|league|team|player_id|player_name_ja|player_name_en|G|IP|W|L|SV|ERA|BF|H|HR|BB|IBB|HBP|SO|ER|R|HOLD|HP|CG|SHO|WPCT|WP|BK
master,_data\master_csv\pitching_2000_CL_from_master.csv,2000,CL,ERA,149,0,0,2,year|league|team|player_id|player_name_ja|player_name_en|G|IP|W|L|SV|ERA|BF|H|HR|BB|IBB|HBP|SO|ER|R|HOLD|HP|CG|SHO|WPCT|WP|BK
master,_data\master_csv\pitching_2000_PL_from_master.csv,2000,PL,ERA,143,0,0,3,year|league|team|player_id|player_name_ja|player_name_en|G|IP|W|L|SV|ERA|BF|H|HR|BB|IBB|HBP|SO|ER|R|HOLD|HP|CG|SHO|WPCT|WP|BK
master,_data\master_csv\pitching_2001_CL_from_master.csv,2001,CL,ERA,150,0,0,6,year|league|team|player_id|player_name_ja|player_name_en|G|IP|W|L|SV|ERA|BF|H|HR|BB|IBB|HBP|SO|ER|R|HOLD|HP|CG|SHO|WPCT|WP|BK
master,_data\master_csv\pitching_2001_PL_from_master.csv,2001,PL,ERA,160,0,0,8,year|league|team|player_id|player_name_ja|player_name_en|G|IP|W|L|SV|ERA|BF|H|HR|BB|IBB|HBP|SO|ER|R|HOLD|HP|CG|SHO|WPCT|WP|BK
master,_data\master_csv\pitching_2002_CL_from_master.csv,2002,CL,ERA,151,0,0,6,year|league|team|player_id|player_name_ja|player_name_en|G|IP|W|L|SV|ERA|BF|H|HR|BB|IBB|HBP|SO|ER|R|HOLD|HP|CG|SHO|WPCT|WP|BK
master,_data\master_csv\pitching_2002_PL_from_master.csv,2002,PL,ERA,146,0,0,3,year|league|team|player_id|player_name_ja|player_name_en|G|IP|W|L|SV|ERA|BF|H|HR|BB|IBB|HBP|SO|ER|R|HOLD|HP|CG|SHO|WPCT|WP|BK
master,_data\master_csv\pitching_2003_CL_from_master.csv,2003,CL,ERA,146,0,0,2,year|league|team|player_id|player_name_ja|player_name_en|G|IP|W|L|SV|ERA|BF|H|HR|BB|IBB|HBP|SO|ER|R|HOLD|HP|CG|SHO|WPCT|WP|BK
master,_data\master_csv\pitching_2003_PL_from_master.csv,2003,PL,ERA,149,0,0,6,year|league|team|player_id|player_name_ja|player_name_en|G|IP|W|L|SV|ERA|BF|H|HR|BB|IBB|HBP|SO|ER|R|HOLD|HP|CG|SHO|WPCT|WP|BK
master,_data\master_csv\pitching_2004_CL_from_master.csv,2004,CL,ERA,150,0,0,4,year|league|team|player_id|player_name_ja|player_name_en|G|IP|W|L|SV|ERA|BF|H|HR|BB|IBB|HBP|SO|ER|R|HOLD|HP|CG|SHO|WPCT|WP|BK
master,_data\master_csv\pitching_2004_PL_from_master.csv,2004,PL,ERA,151,0,0,5,year|league|team|player_id|player_name_ja|player_name_en|G|IP|W|L|SV|ERA|BF|H|HR|BB|IBB|HBP|SO|ER|R|HOLD|HP|CG|SHO|WPCT|WP|BK
master,_data\master_csv\pitching_2005_CL_from_master.csv,2005,CL,ERA,123,0,0,2,year|league|team|player_id|player_name_ja|player_name_en|G|IP|W|L|SV|ERA|BF|H|HR|BB|IBB|HBP|SO|ER|R|HOLD|HP|CG|SHO|WPCT|WP|BK
master,_data\master_csv\pitching_2005_PL_from_master.csv,2005,PL,ERA,115,0,0,4,year|league|team|player_id|player_name_ja|player_name_en|G|IP|W|L|SV|ERA|BF|H|HR|BB|IBB|HBP|SO|ER|R|HOLD|HP|CG|SHO|WPCT|WP|BK
master,_data\master_csv\pitching_2006_CL_from_master.csv,2006,CL,ERA,119,0,0,7,year|league|team|player_id|player_name_ja|player_name_en|G|IP|W|L|SV|ERA|BF|H|HR|BB|IBB|HBP|SO|ER|R|HOLD|HP|CG|SHO|WPCT|WP|BK
master,_data\master_csv\pitching_2006_PL_from_master.csv,2006,PL,ERA,109,0,0,4,year|league|team|player_id|player_name_ja|player_name_en|G|IP|W|L|SV|ERA|BF|H|HR|BB|IBB|HBP|SO|ER|R|HOLD|HP|CG|SHO|WPCT|WP|BK
master,_data\master_csv\pitching_2007_CL_from_master.csv,2007,CL,ERA,124,0,0,5,year|league|team|player_id|player_name_ja|player_name_en|G|IP|W|L|SV|ERA|BF|H|HR|BB|IBB|HBP|SO|ER|R|HOLD|HP|CG|SHO|WPCT|WP|BK
master,_data\master_csv\pitching_2007_PL_from_master.csv,2007,PL,ERA,117,0,0,3,year|league|team|player_id|player_name_ja|player_name_en|G|IP|W|L|SV|ERA|BF|H|HR|BB|IBB|HBP|SO|ER|R|HOLD|HP|CG|SHO|WPCT|WP|BK
master,_data\master_csv\pitching_2008_CL_from_master.csv,2008,CL,ERA,124,2,0,5,year|league|team|player_id|player_name_ja|player_name_en|G|IP|W|L|SV|ERA|BF|H|HR|BB|IBB|HBP|SO|ER|R|HOLD|HP|CG|SHO|WPCT|WP|BK
master,_data\master_csv\pitching_2008_PL_from_master.csv,2008,PL,ERA,115,0,0,4,year|league|team|player_id|player_name_ja|player_name_en|G|IP|W|L|SV|ERA|BF|H|HR|BB|IBB|HBP|SO|ER|R|HOLD|HP|CG|SHO|WPCT|WP|BK
master,_data\master_csv\pitching_2009_CL_from_master.csv,2009,CL,ERA,123,2,0,7,year|league|team|player_id|player_name_ja|player_name_en|G|IP|W|L|SV|ERA|BF|H|HR|BB|IBB|HBP|SO|ER|R|HOLD|HP|CG|SHO|WPCT|WP|BK
master,_data\master_csv\pitching_2009_PL_from_master.csv,2009,PL,ERA,120,1,0,2,year|league|team|player_id|player_name_ja|player_name_en|G|IP|W|L|SV|ERA|BF|H|HR|BB|IBB|HBP|SO|ER|R|HOLD|HP|CG|SHO|WPCT|WP|BK
master,_data\master_csv\pitching_2010_CL_from_master.csv,2010,CL,ERA,136,0,0,5,year|league|team|player_id|player_name_ja|player_name_en|G|IP|W|L|SV|ERA|BF|H|HR|BB|IBB|HBP|SO|ER|R|HOLD|HP|CG|SHO|WPCT|WP|BK
master,_data\master_csv\pitching_2010_PL_from_master.csv,2010,PL,ERA,135,0,0,4,year|league|team|player_id|player_name_ja|player_name_en|G|IP|W|L|SV|ERA|BF|H|HR|BB|IBB|HBP|SO|ER|R|HOLD|HP|CG|SHO|WPCT|WP|BK
master,_data\master_csv\pitching_2011_CL_from_master.csv,2011,CL,ERA,129,0,0,9,year|league|team|player_id|player_name_ja|player_name_en|G|IP|W|L|SV|ERA|BF|H|HR|BB|IBB|HBP|SO|ER|R|HOLD|HP|CG|SHO|WPCT|WP|BK
master,_data\master_csv\pitching_2011_PL_from_master.csv,2011,PL,ERA,117,0,0,2,year|league|team|player_id|player_name_ja|player_name_en|G|IP|W|L|SV|ERA|BF|H|HR|BB|IBB|HBP|SO|ER|R|HOLD|HP|CG|SHO|WPCT|WP|BK
master,_data\master_csv\pitching_2012_CL_from_master.csv,2012,CL,ERA,153,1,0,8,year|league|team|player_id|player_name_ja|player_name_en|G|IP|W|L|SV|ERA|BF|H|HR|BB|IBB|HBP|SO|ER|R|HOLD|HP|CG|SHO|WPCT|WP|BK
master,_data\master_csv\pitching_2012_PL_from_master.csv,2012,PL,ERA,132,1,0,6,year|league|team|player_id|player_name_ja|player_name_en|G|IP|W|L|SV|ERA|BF|H|HR|BB|IBB|HBP|SO|ER|R|HOLD|HP|CG|SHO|WPCT|WP|BK
master,_data\master_csv\pitching_2013_CL_from_master.csv,2013,CL,ERA,166,0,0,3,year|league|team|player_id|player_name_ja|player_name_en|G|IP|W|L|SV|ERA|BF|H|HR|BB|IBB|HBP|SO|ER|R|HOLD|HP|CG|SHO|WPCT|WP|BK
master,_data\master_csv\pitching_2013_PL_from_master.csv,2013,PL,ERA,135,0,0,2,year|league|team|player_id|player_name_ja|player_name_en|G|IP|W|L|SV|ERA|BF|H|HR|BB|IBB|HBP|SO|ER|R|HOLD|HP|CG|SHO|WPCT|WP|BK
master,_data\master_csv\pitching_2014_CL_from_master.csv,2014,CL,ERA,161,1,0,4,year|league|team|player_id|player_name_ja|player_name_en|G|IP|W|L|SV|ERA|BF|H|HR|BB|IBB|HBP|SO|ER|R|HOLD|HP|CG|SHO|WPCT|WP|BK
master,_data\master_csv\pitching_2014_PL_from_master.csv,2014,PL,ERA,135,0,0,4,year|league|team|player_id|player_name_ja|player_name_en|G|IP|W|L|SV|ERA|BF|H|HR|BB|IBB|HBP|SO|ER|R|HOLD|HP|CG|SHO|WPCT|WP|BK
master,_data\master_csv\pitching_2015_CL_from_master.csv,2015,CL,ERA,156,0,0,5,year|league|team|player_id|player_name_ja|player_name_en|G|IP|W|L|SV|ERA|BF|H|HR|BB|IBB|HBP|SO|ER|R|HOLD|HP|CG|SHO|WPCT|WP|BK
master,_data\master_csv\pitching_2015_PL_from_master.csv,2015,PL,ERA,136,0,0,10,year|league|team|player_id|player_name_ja|player_name_en|G|IP|W|L|SV|ERA|BF|H|HR|BB|IBB|HBP|SO|ER|R|HOLD|HP|CG|SHO|WPCT|WP|BK
master,_data\master_csv\pitching_2016_CL_from_master.csv,2016,CL,ERA,169,0,0,6,year|league|team|player_id|player_name_ja|player_name_en|G|IP|W|L|SV|ERA|BF|H|HR|BB|IBB|HBP|SO|ER|R|HOLD|HP|CG|SHO|WPCT|WP|BK
master,_data\master_csv\pitching_2016_PL_from_master.csv,2016,PL,ERA,141,0,0,10,year|league|team|player_id|player_name_ja|player_name_en|G|IP|W|L|SV|ERA|BF|H|HR|BB|IBB|HBP|SO|ER|R|HOLD|HP|CG|SHO|WPCT|WP|BK
master,_data\master_csv\pitching_2017_CL_from_master.csv,2017,CL,ERA,165,1,0,5,year|league|team|player_id|player_name_ja|player_name_en|G|IP|W|L|SV|ERA|BF|H|HR|BB|IBB|HBP|SO|ER|R|HOLD|HP|CG|SHO|WPCT|WP|BK
master,_data\master_csv\pitching_2017_PL_from_master.csv,2017,PL,ERA,136,0,0,2,year|league|team|player_id|player_name_ja|player_name_en|G|IP|W|L|SV|ERA|BF|H|HR|BB|IBB|HBP|SO|ER|R|HOLD|HP|CG|SHO|WPCT|WP|BK
master,_data\master_csv\pitching_2018_CL_from_master.csv,2018,CL,ERA,167,0,0,6,year|league|team|player_id|player_name_ja|player_name_en|G|IP|W|L|SV|ERA|BF|H|HR|BB|IBB|HBP|SO|ER|R|HOLD|HP|CG|SHO|WPCT|WP|BK
master,_data\master_csv\pitching_2018_PL_from_master.csv,2018,PL,ERA,173,1,0,5,year|league|team|player_id|player_name_ja|player_name_en|G|IP|W|L|SV|ERA|BF|H|HR|BB|IBB|HBP|SO|ER|R|HOLD|HP|CG|SHO|WPCT|WP|BK
master,_data\master_csv\pitching_2019_CL_from_master.csv,2019,CL,ERA,182,0,0,5,year|league|team|player_id|player_name_ja|player_name_en|G|IP|W|L|SV|ERA|BF|H|HR|BB|IBB|HBP|SO|ER|R|HOLD|HP|CG|SHO|WPCT|WP|BK
master,_data\master_csv\pitching_2019_PL_from_master.csv,2019,PL,ERA,181,1,0,9,year|league|team|player_id|player_name_ja|player_name_en|G|IP|W|L|SV|ERA|BF|H|HR|BB|IBB|HBP|SO|ER|R|HOLD|HP|CG|SHO|WPCT|WP|BK
master,_data\master_csv\pitching_2020_CL_from_master.csv,2020,CL,ERA,169,0,0,5,year|league|team|player_id|player_name_ja|player_name_en|G|IP|W|L|SV|ERA|BF|H|HR|BB|IBB|HBP|SO|ER|R|HOLD|HP|CG|SHO|WPCT|WP|BK
master,_data\master_csv\pitching_2020_PL_from_master.csv,2020,PL,ERA,170,1,0,5,year|league|team|player_id|player_name_ja|player_name_en|G|IP|W|L|SV|ERA|BF|H|HR|BB|IBB|HBP|SO|ER|R|HOLD|HP|CG|SHO|WPCT|WP|BK
master,_data\master_csv\pitching_2021_CL_from_master.csv,2021,CL,ERA,169,0,0,7,year|league|team|player_id|player_name_ja|player_name_en|G|IP|W|L|SV|ERA|BF|H|HR|BB|IBB|HBP|SO|ER|R|HOLD|HP|CG|SHO|WPCT|WP|BK
master,_data\master_csv\pitching_2021_PL_from_master.csv,2021,PL,ERA,174,0,0,8,year|league|team|player_id|player_name_ja|player_name_en|G|IP|W|L|SV|ERA|BF|H|HR|BB|IBB|HBP|SO|ER|R|HOLD|HP|CG|SHO|WPCT|WP|BK
master,_data\master_csv\pitching_2022_CL_from_master.csv,2022,CL,ERA,174,1,0,4,year|league|team|player_id|player_name_ja|player_name_en|G|IP|W|L|SV|ERA|BF|H|HR|BB|IBB|HBP|SO|ER|R|HOLD|HP|CG|SHO|WPCT|WP|BK
master,_data\master_csv\pitching_2022_PL_from_master.csv,2022,PL,ERA,180,0,0,10,year|league|team|player_id|player_name_ja|player_name_en|G|IP|W|L|SV|ERA|BF|H|HR|BB|IBB|HBP|SO|ER|R|HOLD|HP|CG|SHO|WPCT|WP|BK
master,_data\master_csv\pitching_2023_CL_from_master.csv,2023,CL,ERA,168,0,0,5,year|league|team|player_id|player_name_ja|player_name_en|G|IP|W|L|SV|ERA|BF|H|HR|BB|IBB|HBP|SO|ER|R|HOLD|HP|CG|SHO|WPCT|WP|BK
master,_data\master_csv\pitching_2023_PL_from_master.csv,2023,PL,ERA,173,0,0,5,year|league|team|player_id|player_name_ja|player_name_en|G|IP|W|L|SV|ERA|BF|H|HR|BB|IBB|HBP|SO|ER|R|HOLD|HP|CG|SHO|WPCT|WP|BK
master,_data\master_csv\pitching_2024_CL_from_master.csv,2024,CL,ERA,169,0,0,11,year|league|team|player_id|player_name_ja|player_name_en|G|IP|W|L|SV|ERA|BF|H|HR|BB|IBB|HBP|SO|ER|R|HOLD|HP|CG|SHO|WPCT|WP|BK
master,_data\master_csv\pitching_2024_PL_from_master.csv,2024,PL,ERA,181,0,0,11,year|league|team|player_id|player_name_ja|player_name_en|G|IP|W|L|SV|ERA|BF|H|HR|BB|IBB|HBP|SO|ER|R|HOLD|HP|CG|SHO|WPCT|WP|BK
master,_data\master_csv\pitching_2025_CL_from_master.csv,2025,CL,ERA,156,0,0,9,year|league|team|player_id|player_name_ja|player_name_en|G|IP|W|L|SV|ERA|BF|H|HR|BB|IBB|HBP|SO|ER|R|HOLD|HP|CG|SHO|WPCT|WP|BK
master,_data\master_csv\pitching_2025_PL_from_master.csv,2025,PL,ERA,163,0,0,11,year|league|team|player_id|player_name_ja|player_name_en|G|IP|W|L|SV|ERA|BF|H|HR|BB|IBB|HBP|SO|ER|R|HOLD|HP|CG|SHO|WPCT|WP|BK
