layer,file,year,league,ERA_col,ER_col,IP_col,R_col,total_rows,era_numeric,era_equals_er,era_equals_r,era_calc_mismatch,era_too_high,suspicious,headers
staging,_data\master_csv__rescrape_staging\pitching_1950_CL_from_master.csv,1950,CL,ERA,ER,IP,R,86,83,4,2,19,3,3,year|league|team|player_id|player_name_ja|player_name_en|G|IP|W|L|SV|ERA|BF|H|HR|BB|IBB|HBP|SO|ER|R|HOLD|HP|CG|SHO|WPCT|WP|BK
staging,_data\master_csv__rescrape_staging\pitching_1950_PL_from_master.csv,1950,PL,ERA,ER,IP,R,69,69,2,0,16,2,2,year|league|team|player_id|player_name_ja|player_name_en|G|IP|W|L|SV|ERA|BF|H|HR|BB|IBB|HBP|SO|ER|R|HOLD|HP|CG|SHO|WPCT|WP|BK
staging,_data\master_csv__rescrape_staging\pitching_1951_CL_from_master.csv,1951,CL,ERA,ER,IP,R,76,75,5,4,25,0,0,year|league|team|player_id|player_name_ja|player_name_en|G|IP|W|L|SV|ERA|BF|H|HR|BB|IBB|HBP|SO|ER|R|HOLD|HP|CG|SHO|WPCT|WP|BK
staging,_data\master_csv__rescrape_staging\pitching_1951_PL_from_master.csv,1951,PL,ERA,ER,IP,R,65,65,0,0,17,1,1,year|league|team|player_id|player_name_ja|player_name_en|G|IP|W|L|SV|ERA|BF|H|HR|BB|IBB|HBP|SO|ER|R|HOLD|HP|CG|SHO|WPCT|WP|BK
staging,_data\master_csv__rescrape_staging\pitching_1952_CL_from_master.csv,1952,CL,ERA,ER,IP,R,73,72,2,1,22,0,0,year|league|team|player_id|player_name_ja|player_name_en|G|IP|W|L|SV|ERA|BF|H|HR|BB|IBB|HBP|SO|ER|R|HOLD|HP|CG|SHO|WPCT|WP|BK
staging,_data\master_csv__rescrape_staging\pitching_1952_PL_from_master.csv,1952,PL,ERA,ER,IP,R,75,75,7,6,13,0,1,year|league|team|player_id|player_name_ja|player_name_en|G|IP|W|L|SV|ERA|BF|H|HR|BB|IBB|HBP|SO|ER|R|HOLD|HP|CG|SHO|WPCT|WP|BK
staging,_data\master_csv__rescrape_staging\pitching_1953_CL_from_master.csv,1953,CL,ERA,ER,IP,R,82,82,3,2,32,1,2,year|league|team|player_id|player_name_ja|player_name_en|G|IP|W|L|SV|ERA|BF|H|HR|BB|IBB|HBP|SO|ER|R|HOLD|HP|CG|SHO|WPCT|WP|BK
staging,_data\master_csv__rescrape_staging\pitching_1953_PL_from_master.csv,1953,PL,ERA,ER,IP,R,82,82,3,3,25,1,2,year|league|team|player_id|player_name_ja|player_name_en|G|IP|W|L|SV|ERA|BF|H|HR|BB|IBB|HBP|SO|ER|R|HOLD|HP|CG|SHO|WPCT|WP|BK
staging,_data\master_csv__rescrape_staging\pitching_1954_CL_from_master.csv,1954,CL,ERA,ER,IP,R,79,79,4,3,21,3,4,year|league|team|player_id|player_name_ja|player_name_en|G|IP|W|L|SV|ERA|BF|H|HR|BB|IBB|HBP|SO|ER|R|HOLD|HP|CG|SHO|WPCT|WP|BK
staging,_data\master_csv__rescrape_staging\pitching_1954_PL_from_master.csv,1954,PL,ERA,ER,IP,R,105,104,4,4,26,2,3,year|league|team|player_id|player_name_ja|player_name_en|G|IP|W|L|SV|ERA|BF|H|HR|BB|IBB|HBP|SO|ER|R|HOLD|HP|CG|SHO|WPCT|WP|BK
staging,_data\master_csv__rescrape_staging\pitching_1955_CL_from_master.csv,1955,CL,ERA,ER,IP,R,82,82,6,3,22,0,0,year|league|team|player_id|player_name_ja|player_name_en|G|IP|W|L|SV|ERA|BF|H|HR|BB|IBB|HBP|SO|ER|R|HOLD|HP|CG|SHO|WPCT|WP|BK
staging,_data\master_csv__rescrape_staging\pitching_1955_PL_from_master.csv,1955,PL,ERA,ER,IP,R,116,116,9,6,28,2,3,year|league|team|player_id|player_name_ja|player_name_en|G|IP|W|L|SV|ERA|BF|H|HR|BB|IBB|HBP|SO|ER|R|HOLD|HP|CG|SHO|WPCT|WP|BK
staging,_data\master_csv__rescrape_staging\pitching_1956_CL_from_master.csv,1956,CL,ERA,ER,IP,R,77,77,12,11,19,2,5,year|league|team|player_id|player_name_ja|player_name_en|G|IP|W|L|SV|ERA|BF|H|HR|BB|IBB|HBP|SO|ER|R|HOLD|HP|CG|SHO|WPCT|WP|BK
staging,_data\master_csv__rescrape_staging\pitching_1956_PL_from_master.csv,1956,PL,ERA,ER,IP,R,120,120,9,6,28,3,5,year|league|team|player_id|player_name_ja|player_name_en|G|IP|W|L|SV|ERA|BF|H|HR|BB|IBB|HBP|SO|ER|R|HOLD|HP|CG|SHO|WPCT|WP|BK
staging,_data\master_csv__rescrape_staging\pitching_1957_CL_from_master.csv,1957,CL,ERA,ER,IP,R,70,70,2,2,14,1,1,year|league|team|player_id|player_name_ja|player_name_en|G|IP|W|L|SV|ERA|BF|H|HR|BB|IBB|HBP|SO|ER|R|HOLD|HP|CG|SHO|WPCT|WP|BK
staging,_data\master_csv__rescrape_staging\pitching_1957_PL_from_master.csv,1957,PL,ERA,ER,IP,R,102,101,5,2,26,1,1,year|league|team|player_id|player_name_ja|player_name_en|G|IP|W|L|SV|ERA|BF|H|HR|BB|IBB|HBP|SO|ER|R|HOLD|HP|CG|SHO|WPCT|WP|BK
staging,_data\master_csv__rescrape_staging\pitching_1958_CL_from_master.csv,1958,CL,ERA,ER,IP,R,70,69,0,2,23,1,1,year|league|team|player_id|player_name_ja|player_name_en|G|IP|W|L|SV|ERA|BF|H|HR|BB|IBB|HBP|SO|ER|R|HOLD|HP|CG|SHO|WPCT|WP|BK
staging,_data\master_csv__rescrape_staging\pitching_1958_PL_from_master.csv,1958,PL,ERA,ER,IP,R,86,85,6,5,24,0,0,year|league|team|player_id|player_name_ja|player_name_en|G|IP|W|L|SV|ERA|BF|H|HR|BB|IBB|HBP|SO|ER|R|HOLD|HP|CG|SHO|WPCT|WP|BK
staging,_data\master_csv__rescrape_staging\pitching_1959_CL_from_master.csv,1959,CL,ERA,ER,IP,R,67,67,2,1,16,0,0,year|league|team|player_id|player_name_ja|player_name_en|G|IP|W|L|SV|ERA|BF|H|HR|BB|IBB|HBP|SO|ER|R|HOLD|HP|CG|SHO|WPCT|WP|BK
staging,_data\master_csv__rescrape_staging\pitching_1959_PL_from_master.csv,1959,PL,ERA,ER,IP,R,79,79,3,2,23,0,0,year|league|team|player_id|player_name_ja|player_name_en|G|IP|W|L|SV|ERA|BF|H|HR|BB|IBB|HBP|SO|ER|R|HOLD|HP|CG|SHO|WPCT|WP|BK
staging,_data\master_csv__rescrape_staging\pitching_1960_CL_from_master.csv,1960,CL,ERA,ER,IP,R,74,72,6,6,9,1,2,year|league|team|player_id|player_name_ja|player_name_en|G|IP|W|L|SV|ERA|BF|H|HR|BB|IBB|HBP|SO|ER|R|HOLD|HP|CG|SHO|WPCT|WP|BK
staging,_data\master_csv__rescrape_staging\pitching_1960_PL_from_master.csv,1960,PL,ERA,ER,IP,R,83,82,3,2,23,1,2,year|league|team|player_id|player_name_ja|player_name_en|G|IP|W|L|SV|ERA|BF|H|HR|BB|IBB|HBP|SO|ER|R|HOLD|HP|CG|SHO|WPCT|WP|BK
staging,_data\master_csv__rescrape_staging\pitching_1961_CL_from_master.csv,1961,CL,ERA,ER,IP,R,76,75,3,3,21,1,2,year|league|team|player_id|player_name_ja|player_name_en|G|IP|W|L|SV|ERA|BF|H|HR|BB|IBB|HBP|SO|ER|R|HOLD|HP|CG|SHO|WPCT|WP|BK
staging,_data\master_csv__rescrape_staging\pitching_1961_PL_from_master.csv,1961,PL,ERA,ER,IP,R,83,83,3,2,16,1,2,year|league|team|player_id|player_name_ja|player_name_en|G|IP|W|L|SV|ERA|BF|H|HR|BB|IBB|HBP|SO|ER|R|HOLD|HP|CG|SHO|WPCT|WP|BK
staging,_data\master_csv__rescrape_staging\pitching_1962_CL_from_master.csv,1962,CL,ERA,ER,IP,R,84,84,11,8,21,0,1,year|league|team|player_id|player_name_ja|player_name_en|G|IP|W|L|SV|ERA|BF|H|HR|BB|IBB|HBP|SO|ER|R|HOLD|HP|CG|SHO|WPCT|WP|BK
staging,_data\master_csv__rescrape_staging\pitching_1962_PL_from_master.csv,1962,PL,ERA,ER,IP,R,91,91,8,5,27,0,2,year|league|team|player_id|player_name_ja|player_name_en|G|IP|W|L|SV|ERA|BF|H|HR|BB|IBB|HBP|SO|ER|R|HOLD|HP|CG|SHO|WPCT|WP|BK
staging,_data\master_csv__rescrape_staging\pitching_1963_CL_from_master.csv,1963,CL,ERA,ER,IP,R,83,83,3,2,23,1,1,year|league|team|player_id|player_name_ja|player_name_en|G|IP|W|L|SV|ERA|BF|H|HR|BB|IBB|HBP|SO|ER|R|HOLD|HP|CG|SHO|WPCT|WP|BK
staging,_data\master_csv__rescrape_staging\pitching_1963_PL_from_master.csv,1963,PL,ERA,ER,IP,R,83,82,4,4,24,0,1,year|league|team|player_id|player_name_ja|player_name_en|G|IP|W|L|SV|ERA|BF|H|HR|BB|IBB|HBP|SO|ER|R|HOLD|HP|CG|SHO|WPCT|WP|BK
staging,_data\master_csv__rescrape_staging\pitching_1964_CL_from_master.csv,1964,CL,ERA,ER,IP,R,84,84,5,5,11,1,1,year|league|team|player_id|player_name_ja|player_name_en|G|IP|W|L|SV|ERA|BF|H|HR|BB|IBB|HBP|SO|ER|R|HOLD|HP|CG|SHO|WPCT|WP|BK
staging,_data\master_csv__rescrape_staging\pitching_1964_PL_from_master.csv,1964,PL,ERA,ER,IP,R,82,81,8,6,14,1,3,year|league|team|player_id|player_name_ja|player_name_en|G|IP|W|L|SV|ERA|BF|H|HR|BB|IBB|HBP|SO|ER|R|HOLD|HP|CG|SHO|WPCT|WP|BK
staging,_data\master_csv__rescrape_staging\pitching_1965_CL_from_master.csv,1965,CL,ERA,ER,IP,R,86,85,7,7,13,0,1,year|league|team|player_id|player_name_ja|player_name_en|G|IP|W|L|SV|ERA|BF|H|HR|BB|IBB|HBP|SO|ER|R|HOLD|HP|CG|SHO|WPCT|WP|BK
staging,_data\master_csv__rescrape_staging\pitching_1965_PL_from_master.csv,1965,PL,ERA,ER,IP,R,78,78,2,0,14,2,3,year|league|team|player_id|player_name_ja|player_name_en|G|IP|W|L|SV|ERA|BF|H|HR|BB|IBB|HBP|SO|ER|R|HOLD|HP|CG|SHO|WPCT|WP|BK
staging,_data\master_csv__rescrape_staging\pitching_1966_CL_from_master.csv,1966,CL,ERA,ER,IP,R,84,84,5,4,18,2,2,year|league|team|player_id|player_name_ja|player_name_en|G|IP|W|L|SV|ERA|BF|H|HR|BB|IBB|HBP|SO|ER|R|HOLD|HP|CG|SHO|WPCT|WP|BK
staging,_data\master_csv__rescrape_staging\pitching_1966_PL_from_master.csv,1966,PL,ERA,ER,IP,R,73,72,4,4,12,0,1,year|league|team|player_id|player_name_ja|player_name_en|G|IP|W|L|SV|ERA|BF|H|HR|BB|IBB|HBP|SO|ER|R|HOLD|HP|CG|SHO|WPCT|WP|BK
staging,_data\master_csv__rescrape_staging\pitching_1967_CL_from_master.csv,1967,CL,ERA,ER,IP,R,90,90,5,5,25,1,1,year|league|team|player_id|player_name_ja|player_name_en|G|IP|W|L|SV|ERA|BF|H|HR|BB|IBB|HBP|SO|ER|R|HOLD|HP|CG|SHO|WPCT|WP|BK
staging,_data\master_csv__rescrape_staging\pitching_1967_PL_from_master.csv,1967,PL,ERA,ER,IP,R,79,79,6,3,17,1,3,year|league|team|player_id|player_name_ja|player_name_en|G|IP|W|L|SV|ERA|BF|H|HR|BB|IBB|HBP|SO|ER|R|HOLD|HP|CG|SHO|WPCT|WP|BK
staging,_data\master_csv__rescrape_staging\pitching_1968_CL_from_master.csv,1968,CL,ERA,ER,IP,R,90,90,7,6,21,2,3,year|league|team|player_id|player_name_ja|player_name_en|G|IP|W|L|SV|ERA|BF|H|HR|BB|IBB|HBP|SO|ER|R|HOLD|HP|CG|SHO|WPCT|WP|BK
staging,_data\master_csv__rescrape_staging\pitching_1968_PL_from_master.csv,1968,PL,ERA,ER,IP,R,83,83,5,3,20,2,4,year|league|team|player_id|player_name_ja|player_name_en|G|IP|W|L|SV|ERA|BF|H|HR|BB|IBB|HBP|SO|ER|R|HOLD|HP|CG|SHO|WPCT|WP|BK
staging,_data\master_csv__rescrape_staging\pitching_1969_CL_from_master.csv,1969,CL,ERA,ER,IP,R,88,88,5,2,20,2,5,year|league|team|player_id|player_name_ja|player_name_en|G|IP|W|L|SV|ERA|BF|H|HR|BB|IBB|HBP|SO|ER|R|HOLD|HP|CG|SHO|WPCT|WP|BK
staging,_data\master_csv__rescrape_staging\pitching_1969_PL_from_master.csv,1969,PL,ERA,ER,IP,R,81,81,6,6,18,0,0,year|league|team|player_id|player_name_ja|player_name_en|G|IP|W|L|SV|ERA|BF|H|HR|BB|IBB|HBP|SO|ER|R|HOLD|HP|CG|SHO|WPCT|WP|BK
staging,_data\master_csv__rescrape_staging\pitching_1970_CL_from_master.csv,1970,CL,ERA,ER,IP,R,79,78,6,4,14,0,3,year|league|team|player_id|player_name_ja|player_name_en|G|IP|W|L|SV|ERA|BF|H|HR|BB|IBB|HBP|SO|ER|R|HOLD|HP|CG|SHO|WPCT|WP|BK
staging,_data\master_csv__rescrape_staging\pitching_1970_PL_from_master.csv,1970,PL,ERA,ER,IP,R,92,92,8,6,22,2,4,year|league|team|player_id|player_name_ja|player_name_en|G|IP|W|L|SV|ERA|BF|H|HR|BB|IBB|HBP|SO|ER|R|HOLD|HP|CG|SHO|WPCT|WP|BK
staging,_data\master_csv__rescrape_staging\pitching_1971_CL_from_master.csv,1971,CL,ERA,ER,IP,R,82,81,5,4,15,1,2,year|league|team|player_id|player_name_ja|player_name_en|G|IP|W|L|SV|ERA|BF|H|HR|BB|IBB|HBP|SO|ER|R|HOLD|HP|CG|SHO|WPCT|WP|BK
staging,_data\master_csv__rescrape_staging\pitching_1971_PL_from_master.csv,1971,PL,ERA,ER,IP,R,80,80,6,5,17,2,2,year|league|team|player_id|player_name_ja|player_name_en|G|IP|W|L|SV|ERA|BF|H|HR|BB|IBB|HBP|SO|ER|R|HOLD|HP|CG|SHO|WPCT|WP|BK
staging,_data\master_csv__rescrape_staging\pitching_1972_CL_from_master.csv,1972,CL,ERA,ER,IP,R,92,91,4,3,20,2,2,year|league|team|player_id|player_name_ja|player_name_en|G|IP|W|L|SV|ERA|BF|H|HR|BB|IBB|HBP|SO|ER|R|HOLD|HP|CG|SHO|WPCT|WP|BK
staging,_data\master_csv__rescrape_staging\pitching_1972_PL_from_master.csv,1972,PL,ERA,ER,IP,R,84,84,2,1,20,2,2,year|league|team|player_id|player_name_ja|player_name_en|G|IP|W|L|SV|ERA|BF|H|HR|BB|IBB|HBP|SO|ER|R|HOLD|HP|CG|SHO|WPCT|WP|BK
staging,_data\master_csv__rescrape_staging\pitching_1973_CL_from_master.csv,1973,CL,ERA,ER,IP,R,87,87,11,11,16,0,2,year|league|team|player_id|player_name_ja|player_name_en|G|IP|W|L|SV|ERA|BF|H|HR|BB|IBB|HBP|SO|ER|R|HOLD|HP|CG|SHO|WPCT|WP|BK
staging,_data\master_csv__rescrape_staging\pitching_1973_PL_from_master.csv,1973,PL,ERA,ER,IP,R,90,90,6,3,23,1,2,year|league|team|player_id|player_name_ja|player_name_en|G|IP|W|L|SV|ERA|BF|H|HR|BB|IBB|HBP|SO|ER|R|HOLD|HP|CG|SHO|WPCT|WP|BK
staging,_data\master_csv__rescrape_staging\pitching_1974_CL_from_master.csv,1974,CL,ERA,ER,IP,R,91,91,7,5,20,1,2,year|league|team|player_id|player_name_ja|player_name_en|G|IP|W|L|SV|ERA|BF|H|HR|BB|IBB|HBP|SO|ER|R|HOLD|HP|CG|SHO|WPCT|WP|BK
staging,_data\master_csv__rescrape_staging\pitching_1974_PL_from_master.csv,1974,PL,ERA,ER,IP,R,89,89,6,6,14,2,3,year|league|team|player_id|player_name_ja|player_name_en|G|IP|W|L|SV|ERA|BF|H|HR|BB|IBB|HBP|SO|ER|R|HOLD|HP|CG|SHO|WPCT|WP|BK
staging,_data\master_csv__rescrape_staging\pitching_1975_CL_from_master.csv,1975,CL,ERA,ER,IP,R,78,78,2,1,15,0,0,year|league|team|player_id|player_name_ja|player_name_en|G|IP|W|L|SV|ERA|BF|H|HR|BB|IBB|HBP|SO|ER|R|HOLD|HP|CG|SHO|WPCT|WP|BK
staging,_data\master_csv__rescrape_staging\pitching_1975_PL_from_master.csv,1975,PL,ERA,ER,IP,R,72,72,0,0,16,0,0,year|league|team|player_id|player_name_ja|player_name_en|G|IP|W|L|SV|ERA|BF|H|HR|BB|IBB|HBP|SO|ER|R|HOLD|HP|CG|SHO|WPCT|WP|BK
staging,_data\master_csv__rescrape_staging\pitching_1976_CL_from_master.csv,1976,CL,ERA,ER,IP,R,88,88,3,3,24,1,1,year|league|team|player_id|player_name_ja|player_name_en|G|IP|W|L|SV|ERA|BF|H|HR|BB|IBB|HBP|SO|ER|R|HOLD|HP|CG|SHO|WPCT|WP|BK
staging,_data\master_csv__rescrape_staging\pitching_1976_PL_from_master.csv,1976,PL,ERA,ER,IP,R,76,76,6,4,10,1,1,year|league|team|player_id|player_name_ja|player_name_en|G|IP|W|L|SV|ERA|BF|H|HR|BB|IBB|HBP|SO|ER|R|HOLD|HP|CG|SHO|WPCT|WP|BK
staging,_data\master_csv__rescrape_staging\pitching_1977_CL_from_master.csv,1977,CL,ERA,ER,IP,R,96,96,2,2,26,2,2,year|league|team|player_id|player_name_ja|player_name_en|G|IP|W|L|SV|ERA|BF|H|HR|BB|IBB|HBP|SO|ER|R|HOLD|HP|CG|SHO|WPCT|WP|BK
staging,_data\master_csv__rescrape_staging\pitching_1977_PL_from_master.csv,1977,PL,ERA,ER,IP,R,75,75,0,0,17,2,2,year|league|team|player_id|player_name_ja|player_name_en|G|IP|W|L|SV|ERA|BF|H|HR|BB|IBB|HBP|SO|ER|R|HOLD|HP|CG|SHO|WPCT|WP|BK
staging,_data\master_csv__rescrape_staging\pitching_1978_CL_from_master.csv,1978,CL,ERA,ER,IP,R,84,84,1,1,23,2,2,year|league|team|player_id|player_name_ja|player_name_en|G|IP|W|L|SV|ERA|BF|H|HR|BB|IBB|HBP|SO|ER|R|HOLD|HP|CG|SHO|WPCT|WP|BK
staging,_data\master_csv__rescrape_staging\pitching_1978_PL_from_master.csv,1978,PL,ERA,ER,IP,R,80,80,4,4,18,1,2,year|league|team|player_id|player_name_ja|player_name_en|G|IP|W|L|SV|ERA|BF|H|HR|BB|IBB|HBP|SO|ER|R|HOLD|HP|CG|SHO|WPCT|WP|BK
staging,_data\master_csv__rescrape_staging\pitching_1979_CL_from_master.csv,1979,CL,ERA,ER,IP,R,87,87,5,3,17,2,2,year|league|team|player_id|player_name_ja|player_name_en|G|IP|W|L|SV|ERA|BF|H|HR|BB|IBB|HBP|SO|ER|R|HOLD|HP|CG|SHO|WPCT|WP|BK
staging,_data\master_csv__rescrape_staging\pitching_1979_PL_from_master.csv,1979,PL,ERA,ER,IP,R,80,80,2,2,18,1,1,year|league|team|player_id|player_name_ja|player_name_en|G|IP|W|L|SV|ERA|BF|H|HR|BB|IBB|HBP|SO|ER|R|HOLD|HP|CG|SHO|WPCT|WP|BK
staging,_data\master_csv__rescrape_staging\pitching_1980_CL_from_master.csv,1980,CL,ERA,ER,IP,R,91,91,4,3,18,2,2,year|league|team|player_id|player_name_ja|player_name_en|G|IP|W|L|SV|ERA|BF|H|HR|BB|IBB|HBP|SO|ER|R|HOLD|HP|CG|SHO|WPCT|WP|BK
staging,_data\master_csv__rescrape_staging\pitching_1980_PL_from_master.csv,1980,PL,ERA,ER,IP,R,83,83,3,3,20,4,4,year|league|team|player_id|player_name_ja|player_name_en|G|IP|W|L|SV|ERA|BF|H|HR|BB|IBB|HBP|SO|ER|R|HOLD|HP|CG|SHO|WPCT|WP|BK
staging,_data\master_csv__rescrape_staging\pitching_1981_CL_from_master.csv,1981,CL,ERA,ER,IP,R,87,87,4,4,20,1,2,year|league|team|player_id|player_name_ja|player_name_en|G|IP|W|L|SV|ERA|BF|H|HR|BB|IBB|HBP|SO|ER|R|HOLD|HP|CG|SHO|WPCT|WP|BK
staging,_data\master_csv__rescrape_staging\pitching_1981_PL_from_master.csv,1981,PL,ERA,ER,IP,R,90,90,6,6,20,1,1,year|league|team|player_id|player_name_ja|player_name_en|G|IP|W|L|SV|ERA|BF|H|HR|BB|IBB|HBP|SO|ER|R|HOLD|HP|CG|SHO|WPCT|WP|BK
staging,_data\master_csv__rescrape_staging\pitching_1982_CL_from_master.csv,1982,CL,ERA,ER,IP,R,93,92,5,5,27,0,1,year|league|team|player_id|player_name_ja|player_name_en|G|IP|W|L|SV|ERA|BF|H|HR|BB|IBB|HBP|SO|ER|R|HOLD|HP|CG|SHO|WPCT|WP|BK
staging,_data\master_csv__rescrape_staging\pitching_1982_PL_from_master.csv,1982,PL,ERA,ER,IP,R,88,88,4,3,23,1,1,year|league|team|player_id|player_name_ja|player_name_en|G|IP|W|L|SV|ERA|BF|H|HR|BB|IBB|HBP|SO|ER|R|HOLD|HP|CG|SHO|WPCT|WP|BK
staging,_data\master_csv__rescrape_staging\pitching_1983_CL_from_master.csv,1983,CL,ERA,ER,IP,R,94,94,3,3,0,2,2,year|league|team|player_id|player_name_ja|player_name_en|G|IP|W|L|SV|ERA|BF|H|HR|BB|IBB|HBP|SO|ER|R|HOLD|HP|CG|SHO|WPCT|WP|BK
staging,_data\master_csv__rescrape_staging\pitching_1983_PL_from_master.csv,1983,PL,ERA,ER,IP,R,96,96,4,3,0,1,1,year|league|team|player_id|player_name_ja|player_name_en|G|IP|W|L|SV|ERA|BF|H|HR|BB|IBB|HBP|SO|ER|R|HOLD|HP|CG|SHO|WPCT|WP|BK
staging,_data\master_csv__rescrape_staging\pitching_1984_CL_from_master.csv,1984,CL,ERA,ER,IP,R,97,96,4,3,0,1,1,year|league|team|player_id|player_name_ja|player_name_en|G|IP|W|L|SV|ERA|BF|H|HR|BB|IBB|HBP|SO|ER|R|HOLD|HP|CG|SHO|WPCT|WP|BK
staging,_data\master_csv__rescrape_staging\pitching_1984_PL_from_master.csv,1984,PL,ERA,ER,IP,R,98,98,3,3,0,6,6,year|league|team|player_id|player_name_ja|player_name_en|G|IP|W|L|SV|ERA|BF|H|HR|BB|IBB|HBP|SO|ER|R|HOLD|HP|CG|SHO|WPCT|WP|BK
staging,_data\master_csv__rescrape_staging\pitching_1985_CL_from_master.csv,1985,CL,ERA,ER,IP,R,101,100,2,1,0,1,1,year|league|team|player_id|player_name_ja|player_name_en|G|IP|W|L|SV|ERA|BF|H|HR|BB|IBB|HBP|SO|ER|R|HOLD|HP|CG|SHO|WPCT|WP|BK
staging,_data\master_csv__rescrape_staging\pitching_1985_PL_from_master.csv,1985,PL,ERA,ER,IP,R,103,102,1,0,0,2,2,year|league|team|player_id|player_name_ja|player_name_en|G|IP|W|L|SV|ERA|BF|H|HR|BB|IBB|HBP|SO|ER|R|HOLD|HP|CG|SHO|WPCT|WP|BK
staging,_data\master_csv__rescrape_staging\pitching_1986_CL_from_master.csv,1986,CL,ERA,ER,IP,R,103,103,4,3,0,5,5,year|league|team|player_id|player_name_ja|player_name_en|G|IP|W|L|SV|ERA|BF|H|HR|BB|IBB|HBP|SO|ER|R|HOLD|HP|CG|SHO|WPCT|WP|BK
staging,_data\master_csv__rescrape_staging\pitching_1986_PL_from_master.csv,1986,PL,ERA,ER,IP,R,111,110,4,5,0,5,5,year|league|team|player_id|player_name_ja|player_name_en|G|IP|W|L|SV|ERA|BF|H|HR|BB|IBB|HBP|SO|ER|R|HOLD|HP|CG|SHO|WPCT|WP|BK
staging,_data\master_csv__rescrape_staging\pitching_1987_CL_from_master.csv,1987,CL,ERA,ER,IP,R,102,102,5,4,0,1,1,year|league|team|player_id|player_name_ja|player_name_en|G|IP|W|L|SV|ERA|BF|H|HR|BB|IBB|HBP|SO|ER|R|HOLD|HP|CG|SHO|WPCT|WP|BK
staging,_data\master_csv__rescrape_staging\pitching_1987_PL_from_master.csv,1987,PL,ERA,ER,IP,R,102,102,7,6,0,1,1,year|league|team|player_id|player_name_ja|player_name_en|G|IP|W|L|SV|ERA|BF|H|HR|BB|IBB|HBP|SO|ER|R|HOLD|HP|CG|SHO|WPCT|WP|BK
staging,_data\master_csv__rescrape_staging\pitching_1988_CL_from_master.csv,1988,CL,ERA,ER,IP,R,102,102,9,7,0,2,2,year|league|team|player_id|player_name_ja|player_name_en|G|IP|W|L|SV|ERA|BF|H|HR|BB|IBB|HBP|SO|ER|R|HOLD|HP|CG|SHO|WPCT|WP|BK
staging,_data\master_csv__rescrape_staging\pitching_1988_PL_from_master.csv,1988,PL,ERA,ER,IP,R,104,104,1,1,0,2,2,year|league|team|player_id|player_name_ja|player_name_en|G|IP|W|L|SV|ERA|BF|H|HR|BB|IBB|HBP|SO|ER|R|HOLD|HP|CG|SHO|WPCT|WP|BK
staging,_data\master_csv__rescrape_staging\pitching_1989_CL_from_master.csv,1989,CL,ERA,ER,IP,R,111,111,2,2,0,1,1,year|league|team|player_id|player_name_ja|player_name_en|G|IP|W|L|SV|ERA|BF|H|HR|BB|IBB|HBP|SO|ER|R|HOLD|HP|CG|SHO|WPCT|WP|BK
staging,_data\master_csv__rescrape_staging\pitching_1989_PL_from_master.csv,1989,PL,ERA,ER,IP,R,106,106,7,6,0,1,1,year|league|team|player_id|player_name_ja|player_name_en|G|IP|W|L|SV|ERA|BF|H|HR|BB|IBB|HBP|SO|ER|R|HOLD|HP|CG|SHO|WPCT|WP|BK
staging,_data\master_csv__rescrape_staging\pitching_1990_CL_from_master.csv,1990,CL,ERA,ER,IP,R,116,116,7,6,0,4,4,year|league|team|player_id|player_name_ja|player_name_en|G|IP|W|L|SV|ERA|BF|H|HR|BB|IBB|HBP|SO|ER|R|HOLD|HP|CG|SHO|WPCT|WP|BK
staging,_data\master_csv__rescrape_staging\pitching_1990_PL_from_master.csv,1990,PL,ERA,ER,IP,R,107,107,1,1,0,2,2,year|league|team|player_id|player_name_ja|player_name_en|G|IP|W|L|SV|ERA|BF|H|HR|BB|IBB|HBP|SO|ER|R|HOLD|HP|CG|SHO|WPCT|WP|BK
staging,_data\master_csv__rescrape_staging\pitching_1991_CL_from_master.csv,1991,CL,ERA,ER,IP,R,116,116,5,5,0,3,3,year|league|team|player_id|player_name_ja|player_name_en|G|IP|W|L|SV|ERA|BF|H|HR|BB|IBB|HBP|SO|ER|R|HOLD|HP|CG|SHO|WPCT|WP|BK
staging,_data\master_csv__rescrape_staging\pitching_1991_PL_from_master.csv,1991,PL,ERA,ER,IP,R,108,107,4,3,0,1,1,year|league|team|player_id|player_name_ja|player_name_en|G|IP|W|L|SV|ERA|BF|H|HR|BB|IBB|HBP|SO|ER|R|HOLD|HP|CG|SHO|WPCT|WP|BK
staging,_data\master_csv__rescrape_staging\pitching_1992_CL_from_master.csv,1992,CL,ERA,ER,IP,R,109,109,6,5,0,1,1,year|league|team|player_id|player_name_ja|player_name_en|G|IP|W|L|SV|ERA|BF|H|HR|BB|IBB|HBP|SO|ER|R|HOLD|HP|CG|SHO|WPCT|WP|BK
staging,_data\master_csv__rescrape_staging\pitching_1992_PL_from_master.csv,1992,PL,ERA,ER,IP,R,104,104,5,3,0,1,1,year|league|team|player_id|player_name_ja|player_name_en|G|IP|W|L|SV|ERA|BF|H|HR|BB|IBB|HBP|SO|ER|R|HOLD|HP|CG|SHO|WPCT|WP|BK
staging,_data\master_csv__rescrape_staging\pitching_1993_CL_from_master.csv,1993,CL,ERA,ER,IP,R,114,113,5,4,0,1,1,year|league|team|player_id|player_name_ja|player_name_en|G|IP|W|L|SV|ERA|BF|H|HR|BB|IBB|HBP|SO|ER|R|HOLD|HP|CG|SHO|WPCT|WP|BK
staging,_data\master_csv__rescrape_staging\pitching_1993_PL_from_master.csv,1993,PL,ERA,ER,IP,R,99,99,2,2,0,0,0,year|league|team|player_id|player_name_ja|player_name_en|G|IP|W|L|SV|ERA|BF|H|HR|BB|IBB|HBP|SO|ER|R|HOLD|HP|CG|SHO|WPCT|WP|BK
staging,_data\master_csv__rescrape_staging\pitching_1994_CL_from_master.csv,1994,CL,ERA,ER,IP,R,115,115,3,3,0,4,4,year|league|team|player_id|player_name_ja|player_name_en|G|IP|W|L|SV|ERA|BF|H|HR|BB|IBB|HBP|SO|ER|R|HOLD|HP|CG|SHO|WPCT|WP|BK
staging,_data\master_csv__rescrape_staging\pitching_1994_PL_from_master.csv,1994,PL,ERA,ER,IP,R,115,115,5,5,0,4,4,year|league|team|player_id|player_name_ja|player_name_en|G|IP|W|L|SV|ERA|BF|H|HR|BB|IBB|HBP|SO|ER|R|HOLD|HP|CG|SHO|WPCT|WP|BK
staging,_data\master_csv__rescrape_staging\pitching_1995_CL_from_master.csv,1995,CL,ERA,ER,IP,R,130,129,4,3,0,4,4,year|league|team|player_id|player_name_ja|player_name_en|G|IP|W|L|SV|ERA|BF|H|HR|BB|IBB|HBP|SO|ER|R|HOLD|HP|CG|SHO|WPCT|WP|BK
staging,_data\master_csv__rescrape_staging\pitching_1995_PL_from_master.csv,1995,PL,ERA,ER,IP,R,119,118,5,5,0,5,5,year|league|team|player_id|player_name_ja|player_name_en|G|IP|W|L|SV|ERA|BF|H|HR|BB|IBB|HBP|SO|ER|R|HOLD|HP|CG|SHO|WPCT|WP|BK
staging,_data\master_csv__rescrape_staging\pitching_1996_CL_from_master.csv,1996,CL,ERA,ER,IP,R,129,129,3,3,0,3,3,year|league|team|player_id|player_name_ja|player_name_en|G|IP|W|L|SV|ERA|BF|H|HR|BB|IBB|HBP|SO|ER|R|HOLD|HP|CG|SHO|WPCT|WP|BK
staging,_data\master_csv__rescrape_staging\pitching_1996_PL_from_master.csv,1996,PL,ERA,ER,IP,R,118,118,4,3,0,2,2,year|league|team|player_id|player_name_ja|player_name_en|G|IP|W|L|SV|ERA|BF|H|HR|BB|IBB|HBP|SO|ER|R|HOLD|HP|CG|SHO|WPCT|WP|BK
staging,_data\master_csv__rescrape_staging\pitching_1997_CL_from_master.csv,1997,CL,ERA,ER,IP,R,138,138,8,7,0,2,2,year|league|team|player_id|player_name_ja|player_name_en|G|IP|W|L|SV|ERA|BF|H|HR|BB|IBB|HBP|SO|ER|R|HOLD|HP|CG|SHO|WPCT|WP|BK
staging,_data\master_csv__rescrape_staging\pitching_1997_PL_from_master.csv,1997,PL,ERA,ER,IP,R,137,137,8,8,0,2,2,year|league|team|player_id|player_name_ja|player_name_en|G|IP|W|L|SV|ERA|BF|H|HR|BB|IBB|HBP|SO|ER|R|HOLD|HP|CG|SHO|WPCT|WP|BK
staging,_data\master_csv__rescrape_staging\pitching_1998_CL_from_master.csv,1998,CL,ERA,ER,IP,R,130,130,7,6,0,1,1,year|league|team|player_id|player_name_ja|player_name_en|G|IP|W|L|SV|ERA|BF|H|HR|BB|IBB|HBP|SO|ER|R|HOLD|HP|CG|SHO|WPCT|WP|BK
staging,_data\master_csv__rescrape_staging\pitching_1998_PL_from_master.csv,1998,PL,ERA,ER,IP,R,132,131,5,5,0,3,3,year|league|team|player_id|player_name_ja|player_name_en|G|IP|W|L|SV|ERA|BF|H|HR|BB|IBB|HBP|SO|ER|R|HOLD|HP|CG|SHO|WPCT|WP|BK
staging,_data\master_csv__rescrape_staging\pitching_1999_CL_from_master.csv,1999,CL,ERA,ER,IP,R,135,135,5,3,0,3,3,year|league|team|player_id|player_name_ja|player_name_en|G|IP|W|L|SV|ERA|BF|H|HR|BB|IBB|HBP|SO|ER|R|HOLD|HP|CG|SHO|WPCT|WP|BK
staging,_data\master_csv__rescrape_staging\pitching_1999_PL_from_master.csv,1999,PL,ERA,ER,IP,R,145,145,8,5,0,4,4,year|league|team|player_id|player_name_ja|player_name_en|G|IP|W|L|SV|ERA|BF|H|HR|BB|IBB|HBP|SO|ER|R|HOLD|HP|CG|SHO|WPCT|WP|BK
staging,_data\master_csv__rescrape_staging\pitching_2000_CL_from_master.csv,2000,CL,ERA,ER,IP,R,149,149,4,4,0,6,6,year|league|team|player_id|player_name_ja|player_name_en|G|IP|W|L|SV|ERA|BF|H|HR|BB|IBB|HBP|SO|ER|R|HOLD|HP|CG|SHO|WPCT|WP|BK
staging,_data\master_csv__rescrape_staging\pitching_2000_PL_from_master.csv,2000,PL,ERA,ER,IP,R,143,141,7,6,0,4,4,year|league|team|player_id|player_name_ja|player_name_en|G|IP|W|L|SV|ERA|BF|H|HR|BB|IBB|HBP|SO|ER|R|HOLD|HP|CG|SHO|WPCT|WP|BK
staging,_data\master_csv__rescrape_staging\pitching_2001_CL_from_master.csv,2001,CL,ERA,ER,IP,R,150,149,9,7,0,3,3,year|league|team|player_id|player_name_ja|player_name_en|G|IP|W|L|SV|ERA|BF|H|HR|BB|IBB|HBP|SO|ER|R|HOLD|HP|CG|SHO|WPCT|WP|BK
staging,_data\master_csv__rescrape_staging\pitching_2001_PL_from_master.csv,2001,PL,ERA,ER,IP,R,160,160,8,8,0,5,5,year|league|team|player_id|player_name_ja|player_name_en|G|IP|W|L|SV|ERA|BF|H|HR|BB|IBB|HBP|SO|ER|R|HOLD|HP|CG|SHO|WPCT|WP|BK
staging,_data\master_csv__rescrape_staging\pitching_2002_CL_from_master.csv,2002,CL,ERA,ER,IP,R,151,151,8,7,0,2,2,year|league|team|player_id|player_name_ja|player_name_en|G|IP|W|L|SV|ERA|BF|H|HR|BB|IBB|HBP|SO|ER|R|HOLD|HP|CG|SHO|WPCT|WP|BK
staging,_data\master_csv__rescrape_staging\pitching_2002_PL_from_master.csv,2002,PL,ERA,ER,IP,R,146,146,6,5,0,1,1,year|league|team|player_id|player_name_ja|player_name_en|G|IP|W|L|SV|ERA|BF|H|HR|BB|IBB|HBP|SO|ER|R|HOLD|HP|CG|SHO|WPCT|WP|BK
staging,_data\master_csv__rescrape_staging\pitching_2003_CL_from_master.csv,2003,CL,ERA,ER,IP,R,146,146,3,3,0,1,1,year|league|team|player_id|player_name_ja|player_name_en|G|IP|W|L|SV|ERA|BF|H|HR|BB|IBB|HBP|SO|ER|R|HOLD|HP|CG|SHO|WPCT|WP|BK
staging,_data\master_csv__rescrape_staging\pitching_2003_PL_from_master.csv,2003,PL,ERA,ER,IP,R,149,149,7,8,0,8,8,year|league|team|player_id|player_name_ja|player_name_en|G|IP|W|L|SV|ERA|BF|H|HR|BB|IBB|HBP|SO|ER|R|HOLD|HP|CG|SHO|WPCT|WP|BK
staging,_data\master_csv__rescrape_staging\pitching_2004_CL_from_master.csv,2004,CL,ERA,ER,IP,R,150,150,6,4,0,2,2,year|league|team|player_id|player_name_ja|player_name_en|G|IP|W|L|SV|ERA|BF|H|HR|BB|IBB|HBP|SO|ER|R|HOLD|HP|CG|SHO|WPCT|WP|BK
staging,_data\master_csv__rescrape_staging\pitching_2004_PL_from_master.csv,2004,PL,ERA,ER,IP,R,151,150,6,5,0,2,2,year|league|team|player_id|player_name_ja|player_name_en|G|IP|W|L|SV|ERA|BF|H|HR|BB|IBB|HBP|SO|ER|R|HOLD|HP|CG|SHO|WPCT|WP|BK
master,_data\master_csv\pitching_1950_CL_from_master.csv,1950,CL,ERA,ER,IP,R,86,86,2,2,81,59,59,year|league|team|player_id|player_name_ja|player_name_en|G|IP|W|L|SV|ERA|BF|H|HR|BB|IBB|HBP|SO|ER|R|HOLD|HP|CG|SHO|WPCT|WP|BK
master,_data\master_csv\pitching_1950_PL_from_master.csv,1950,PL,ERA,ER,IP,R,69,69,0,0,69,49,49,year|league|team|player_id|player_name_ja|player_name_en|G|IP|W|L|SV|ERA|BF|H|HR|BB|IBB|HBP|SO|ER|R|HOLD|HP|CG|SHO|WPCT|WP|BK
master,_data\master_csv\pitching_1951_CL_from_master.csv,1951,CL,ERA,ER,IP,R,76,76,4,3,71,50,50,year|league|team|player_id|player_name_ja|player_name_en|G|IP|W|L|SV|ERA|BF|H|HR|BB|IBB|HBP|SO|ER|R|HOLD|HP|CG|SHO|WPCT|WP|BK
master,_data\master_csv\pitching_1951_PL_from_master.csv,1951,PL,ERA,ER,IP,R,65,65,0,0,65,46,46,year|league|team|player_id|player_name_ja|player_name_en|G|IP|W|L|SV|ERA|BF|H|HR|BB|IBB|HBP|SO|ER|R|HOLD|HP|CG|SHO|WPCT|WP|BK
master,_data\master_csv\pitching_1952_CL_from_master.csv,1952,CL,ERA,ER,IP,R,73,73,1,1,71,46,46,year|league|team|player_id|player_name_ja|player_name_en|G|IP|W|L|SV|ERA|BF|H|HR|BB|IBB|HBP|SO|ER|R|HOLD|HP|CG|SHO|WPCT|WP|BK
master,_data\master_csv\pitching_1952_PL_from_master.csv,1952,PL,ERA,ER,IP,R,75,75,5,5,70,52,52,year|league|team|player_id|player_name_ja|player_name_en|G|IP|W|L|SV|ERA|BF|H|HR|BB|IBB|HBP|SO|ER|R|HOLD|HP|CG|SHO|WPCT|WP|BK
master,_data\master_csv\pitching_1953_CL_from_master.csv,1953,CL,ERA,ER,IP,R,82,82,2,2,80,44,44,year|league|team|player_id|player_name_ja|player_name_en|G|IP|W|L|SV|ERA|BF|H|HR|BB|IBB|HBP|SO|ER|R|HOLD|HP|CG|SHO|WPCT|WP|BK
master,_data\master_csv\pitching_1953_PL_from_master.csv,1953,PL,ERA,ER,IP,R,82,82,2,2,80,53,53,year|league|team|player_id|player_name_ja|player_name_en|G|IP|W|L|SV|ERA|BF|H|HR|BB|IBB|HBP|SO|ER|R|HOLD|HP|CG|SHO|WPCT|WP|BK
master,_data\master_csv\pitching_1954_CL_from_master.csv,1954,CL,ERA,ER,IP,R,79,79,3,3,76,48,48,year|league|team|player_id|player_name_ja|player_name_en|G|IP|W|L|SV|ERA|BF|H|HR|BB|IBB|HBP|SO|ER|R|HOLD|HP|CG|SHO|WPCT|WP|BK
master,_data\master_csv\pitching_1954_PL_from_master.csv,1954,PL,ERA,ER,IP,R,105,105,2,1,102,66,66,year|league|team|player_id|player_name_ja|player_name_en|G|IP|W|L|SV|ERA|BF|H|HR|BB|IBB|HBP|SO|ER|R|HOLD|HP|CG|SHO|WPCT|WP|BK
master,_data\master_csv\pitching_1955_CL_from_master.csv,1955,CL,ERA,ER,IP,R,82,82,3,4,79,39,39,year|league|team|player_id|player_name_ja|player_name_en|G|IP|W|L|SV|ERA|BF|H|HR|BB|IBB|HBP|SO|ER|R|HOLD|HP|CG|SHO|WPCT|WP|BK
master,_data\master_csv\pitching_1955_PL_from_master.csv,1955,PL,ERA,ER,IP,R,116,116,4,6,112,63,63,year|league|team|player_id|player_name_ja|player_name_en|G|IP|W|L|SV|ERA|BF|H|HR|BB|IBB|HBP|SO|ER|R|HOLD|HP|CG|SHO|WPCT|WP|BK
master,_data\master_csv\pitching_1956_CL_from_master.csv,1956,CL,ERA,ER,IP,R,77,77,8,7,69,40,40,year|league|team|player_id|player_name_ja|player_name_en|G|IP|W|L|SV|ERA|BF|H|HR|BB|IBB|HBP|SO|ER|R|HOLD|HP|CG|SHO|WPCT|WP|BK
master,_data\master_csv\pitching_1956_PL_from_master.csv,1956,PL,ERA,ER,IP,R,120,120,5,5,115,69,69,year|league|team|player_id|player_name_ja|player_name_en|G|IP|W|L|SV|ERA|BF|H|HR|BB|IBB|HBP|SO|ER|R|HOLD|HP|CG|SHO|WPCT|WP|BK
master,_data\master_csv\pitching_1957_CL_from_master.csv,1957,CL,ERA,ER,IP,R,70,70,1,2,69,37,37,year|league|team|player_id|player_name_ja|player_name_en|G|IP|W|L|SV|ERA|BF|H|HR|BB|IBB|HBP|SO|ER|R|HOLD|HP|CG|SHO|WPCT|WP|BK
master,_data\master_csv\pitching_1957_PL_from_master.csv,1957,PL,ERA,ER,IP,R,102,102,2,2,98,53,53,year|league|team|player_id|player_name_ja|player_name_en|G|IP|W|L|SV|ERA|BF|H|HR|BB|IBB|HBP|SO|ER|R|HOLD|HP|CG|SHO|WPCT|WP|BK
master,_data\master_csv\pitching_1958_CL_from_master.csv,1958,CL,ERA,ER,IP,R,70,70,0,1,69,41,41,year|league|team|player_id|player_name_ja|player_name_en|G|IP|W|L|SV|ERA|BF|H|HR|BB|IBB|HBP|SO|ER|R|HOLD|HP|CG|SHO|WPCT|WP|BK
master,_data\master_csv\pitching_1958_PL_from_master.csv,1958,PL,ERA,ER,IP,R,86,86,5,6,80,45,45,year|league|team|player_id|player_name_ja|player_name_en|G|IP|W|L|SV|ERA|BF|H|HR|BB|IBB|HBP|SO|ER|R|HOLD|HP|CG|SHO|WPCT|WP|BK
master,_data\master_csv\pitching_1959_CL_from_master.csv,1959,CL,ERA,ER,IP,R,67,67,1,1,66,41,41,year|league|team|player_id|player_name_ja|player_name_en|G|IP|W|L|SV|ERA|BF|H|HR|BB|IBB|HBP|SO|ER|R|HOLD|HP|CG|SHO|WPCT|WP|BK
master,_data\master_csv\pitching_1959_PL_from_master.csv,1959,PL,ERA,ER,IP,R,79,79,2,2,77,52,52,year|league|team|player_id|player_name_ja|player_name_en|G|IP|W|L|SV|ERA|BF|H|HR|BB|IBB|HBP|SO|ER|R|HOLD|HP|CG|SHO|WPCT|WP|BK
master,_data\master_csv\pitching_1960_CL_from_master.csv,1960,CL,ERA,ER,IP,R,74,74,6,5,67,42,43,year|league|team|player_id|player_name_ja|player_name_en|G|IP|W|L|SV|ERA|BF|H|HR|BB|IBB|HBP|SO|ER|R|HOLD|HP|CG|SHO|WPCT|WP|BK
master,_data\master_csv\pitching_1960_PL_from_master.csv,1960,PL,ERA,ER,IP,R,83,83,1,1,81,46,46,year|league|team|player_id|player_name_ja|player_name_en|G|IP|W|L|SV|ERA|BF|H|HR|BB|IBB|HBP|SO|ER|R|HOLD|HP|CG|SHO|WPCT|WP|BK
master,_data\master_csv\pitching_1961_CL_from_master.csv,1961,CL,ERA,ER,IP,R,76,76,2,3,73,39,39,year|league|team|player_id|player_name_ja|player_name_en|G|IP|W|L|SV|ERA|BF|H|HR|BB|IBB|HBP|SO|ER|R|HOLD|HP|CG|SHO|WPCT|WP|BK
master,_data\master_csv\pitching_1961_PL_from_master.csv,1961,PL,ERA,ER,IP,R,83,83,2,2,81,53,53,year|league|team|player_id|player_name_ja|player_name_en|G|IP|W|L|SV|ERA|BF|H|HR|BB|IBB|HBP|SO|ER|R|HOLD|HP|CG|SHO|WPCT|WP|BK
master,_data\master_csv\pitching_1962_CL_from_master.csv,1962,CL,ERA,ER,IP,R,84,84,7,7,77,42,42,year|league|team|player_id|player_name_ja|player_name_en|G|IP|W|L|SV|ERA|BF|H|HR|BB|IBB|HBP|SO|ER|R|HOLD|HP|CG|SHO|WPCT|WP|BK
master,_data\master_csv\pitching_1962_PL_from_master.csv,1962,PL,ERA,ER,IP,R,91,91,4,5,87,44,44,year|league|team|player_id|player_name_ja|player_name_en|G|IP|W|L|SV|ERA|BF|H|HR|BB|IBB|HBP|SO|ER|R|HOLD|HP|CG|SHO|WPCT|WP|BK
master,_data\master_csv\pitching_1963_CL_from_master.csv,1963,CL,ERA,ER,IP,R,83,83,2,2,81,49,49,year|league|team|player_id|player_name_ja|player_name_en|G|IP|W|L|SV|ERA|BF|H|HR|BB|IBB|HBP|SO|ER|R|HOLD|HP|CG|SHO|WPCT|WP|BK
master,_data\master_csv\pitching_1963_PL_from_master.csv,1963,PL,ERA,ER,IP,R,83,83,2,2,80,52,52,year|league|team|player_id|player_name_ja|player_name_en|G|IP|W|L|SV|ERA|BF|H|HR|BB|IBB|HBP|SO|ER|R|HOLD|HP|CG|SHO|WPCT|WP|BK
master,_data\master_csv\pitching_1964_CL_from_master.csv,1964,CL,ERA,ER,IP,R,84,84,4,5,80,47,47,year|league|team|player_id|player_name_ja|player_name_en|G|IP|W|L|SV|ERA|BF|H|HR|BB|IBB|HBP|SO|ER|R|HOLD|HP|CG|SHO|WPCT|WP|BK
master,_data\master_csv\pitching_1964_PL_from_master.csv,1964,PL,ERA,ER,IP,R,82,82,6,5,76,47,48,year|league|team|player_id|player_name_ja|player_name_en|G|IP|W|L|SV|ERA|BF|H|HR|BB|IBB|HBP|SO|ER|R|HOLD|HP|CG|SHO|WPCT|WP|BK
master,_data\master_csv\pitching_1965_CL_from_master.csv,1965,CL,ERA,ER,IP,R,86,86,6,6,79,45,45,year|league|team|player_id|player_name_ja|player_name_en|G|IP|W|L|SV|ERA|BF|H|HR|BB|IBB|HBP|SO|ER|R|HOLD|HP|CG|SHO|WPCT|WP|BK
master,_data\master_csv\pitching_1965_PL_from_master.csv,1965,PL,ERA,ER,IP,R,78,78,0,0,78,51,51,year|league|team|player_id|player_name_ja|player_name_en|G|IP|W|L|SV|ERA|BF|H|HR|BB|IBB|HBP|SO|ER|R|HOLD|HP|CG|SHO|WPCT|WP|BK
master,_data\master_csv\pitching_1966_CL_from_master.csv,1966,CL,ERA,ER,IP,R,84,84,3,3,81,45,45,year|league|team|player_id|player_name_ja|player_name_en|G|IP|W|L|SV|ERA|BF|H|HR|BB|IBB|HBP|SO|ER|R|HOLD|HP|CG|SHO|WPCT|WP|BK
master,_data\master_csv\pitching_1966_PL_from_master.csv,1966,PL,ERA,ER,IP,R,73,73,3,3,69,49,49,year|league|team|player_id|player_name_ja|player_name_en|G|IP|W|L|SV|ERA|BF|H|HR|BB|IBB|HBP|SO|ER|R|HOLD|HP|CG|SHO|WPCT|WP|BK
master,_data\master_csv\pitching_1967_CL_from_master.csv,1967,CL,ERA,ER,IP,R,90,90,5,6,85,54,54,year|league|team|player_id|player_name_ja|player_name_en|G|IP|W|L|SV|ERA|BF|H|HR|BB|IBB|HBP|SO|ER|R|HOLD|HP|CG|SHO|WPCT|WP|BK
master,_data\master_csv\pitching_1967_PL_from_master.csv,1967,PL,ERA,ER,IP,R,79,79,3,3,76,45,45,year|league|team|player_id|player_name_ja|player_name_en|G|IP|W|L|SV|ERA|BF|H|HR|BB|IBB|HBP|SO|ER|R|HOLD|HP|CG|SHO|WPCT|WP|BK
master,_data\master_csv\pitching_1968_CL_from_master.csv,1968,CL,ERA,ER,IP,R,90,90,4,4,86,56,56,year|league|team|player_id|player_name_ja|player_name_en|G|IP|W|L|SV|ERA|BF|H|HR|BB|IBB|HBP|SO|ER|R|HOLD|HP|CG|SHO|WPCT|WP|BK
master,_data\master_csv\pitching_1968_PL_from_master.csv,1968,PL,ERA,ER,IP,R,83,83,2,2,81,46,46,year|league|team|player_id|player_name_ja|player_name_en|G|IP|W|L|SV|ERA|BF|H|HR|BB|IBB|HBP|SO|ER|R|HOLD|HP|CG|SHO|WPCT|WP|BK
master,_data\master_csv\pitching_1969_CL_from_master.csv,1969,CL,ERA,ER,IP,R,88,88,1,1,87,46,46,year|league|team|player_id|player_name_ja|player_name_en|G|IP|W|L|SV|ERA|BF|H|HR|BB|IBB|HBP|SO|ER|R|HOLD|HP|CG|SHO|WPCT|WP|BK
master,_data\master_csv\pitching_1969_PL_from_master.csv,1969,PL,ERA,ER,IP,R,81,81,5,5,76,46,46,year|league|team|player_id|player_name_ja|player_name_en|G|IP|W|L|SV|ERA|BF|H|HR|BB|IBB|HBP|SO|ER|R|HOLD|HP|CG|SHO|WPCT|WP|BK
master,_data\master_csv\pitching_1970_CL_from_master.csv,1970,CL,ERA,ER,IP,R,79,79,2,3,76,42,42,year|league|team|player_id|player_name_ja|player_name_en|G|IP|W|L|SV|ERA|BF|H|HR|BB|IBB|HBP|SO|ER|R|HOLD|HP|CG|SHO|WPCT|WP|BK
master,_data\master_csv\pitching_1970_PL_from_master.csv,1970,PL,ERA,ER,IP,R,92,92,4,6,88,49,49,year|league|team|player_id|player_name_ja|player_name_en|G|IP|W|L|SV|ERA|BF|H|HR|BB|IBB|HBP|SO|ER|R|HOLD|HP|CG|SHO|WPCT|WP|BK
master,_data\master_csv\pitching_1971_CL_from_master.csv,1971,CL,ERA,ER,IP,R,82,82,3,3,78,50,50,year|league|team|player_id|player_name_ja|player_name_en|G|IP|W|L|SV|ERA|BF|H|HR|BB|IBB|HBP|SO|ER|R|HOLD|HP|CG|SHO|WPCT|WP|BK
master,_data\master_csv\pitching_1971_PL_from_master.csv,1971,PL,ERA,ER,IP,R,80,80,5,5,76,48,49,year|league|team|player_id|player_name_ja|player_name_en|G|IP|W|L|SV|ERA|BF|H|HR|BB|IBB|HBP|SO|ER|R|HOLD|HP|CG|SHO|WPCT|WP|BK
master,_data\master_csv\pitching_1972_CL_from_master.csv,1972,CL,ERA,ER,IP,R,92,92,3,3,88,53,53,year|league|team|player_id|player_name_ja|player_name_en|G|IP|W|L|SV|ERA|BF|H|HR|BB|IBB|HBP|SO|ER|R|HOLD|HP|CG|SHO|WPCT|WP|BK
master,_data\master_csv\pitching_1972_PL_from_master.csv,1972,PL,ERA,ER,IP,R,84,84,1,1,83,49,49,year|league|team|player_id|player_name_ja|player_name_en|G|IP|W|L|SV|ERA|BF|H|HR|BB|IBB|HBP|SO|ER|R|HOLD|HP|CG|SHO|WPCT|WP|BK
master,_data\master_csv\pitching_1973_CL_from_master.csv,1973,CL,ERA,ER,IP,R,87,87,6,4,81,42,42,year|league|team|player_id|player_name_ja|player_name_en|G|IP|W|L|SV|ERA|BF|H|HR|BB|IBB|HBP|SO|ER|R|HOLD|HP|CG|SHO|WPCT|WP|BK
master,_data\master_csv\pitching_1973_PL_from_master.csv,1973,PL,ERA,ER,IP,R,90,90,3,3,87,50,50,year|league|team|player_id|player_name_ja|player_name_en|G|IP|W|L|SV|ERA|BF|H|HR|BB|IBB|HBP|SO|ER|R|HOLD|HP|CG|SHO|WPCT|WP|BK
master,_data\master_csv\pitching_1974_CL_from_master.csv,1974,CL,ERA,ER,IP,R,91,91,5,5,85,48,48,year|league|team|player_id|player_name_ja|player_name_en|G|IP|W|L|SV|ERA|BF|H|HR|BB|IBB|HBP|SO|ER|R|HOLD|HP|CG|SHO|WPCT|WP|BK
master,_data\master_csv\pitching_1974_PL_from_master.csv,1974,PL,ERA,ER,IP,R,89,89,4,4,85,54,54,year|league|team|player_id|player_name_ja|player_name_en|G|IP|W|L|SV|ERA|BF|H|HR|BB|IBB|HBP|SO|ER|R|HOLD|HP|CG|SHO|WPCT|WP|BK
master,_data\master_csv\pitching_1975_CL_from_master.csv,1975,CL,ERA,ER,IP,R,78,78,0,0,78,50,50,year|league|team|player_id|player_name_ja|player_name_en|G|IP|W|L|SV|ERA|BF|H|HR|BB|IBB|HBP|SO|ER|R|HOLD|HP|CG|SHO|WPCT|WP|BK
master,_data\master_csv\pitching_1975_PL_from_master.csv,1975,PL,ERA,ER,IP,R,72,72,0,1,72,50,50,year|league|team|player_id|player_name_ja|player_name_en|G|IP|W|L|SV|ERA|BF|H|HR|BB|IBB|HBP|SO|ER|R|HOLD|HP|CG|SHO|WPCT|WP|BK
master,_data\master_csv\pitching_1976_CL_from_master.csv,1976,CL,ERA,ER,IP,R,88,88,3,3,85,52,52,year|league|team|player_id|player_name_ja|player_name_en|G|IP|W|L|SV|ERA|BF|H|HR|BB|IBB|HBP|SO|ER|R|HOLD|HP|CG|SHO|WPCT|WP|BK
master,_data\master_csv\pitching_1976_PL_from_master.csv,1976,PL,ERA,ER,IP,R,76,76,4,4,72,57,57,year|league|team|player_id|player_name_ja|player_name_en|G|IP|W|L|SV|ERA|BF|H|HR|BB|IBB|HBP|SO|ER|R|HOLD|HP|CG|SHO|WPCT|WP|BK
master,_data\master_csv\pitching_1977_CL_from_master.csv,1977,CL,ERA,ER,IP,R,96,96,2,2,94,54,54,year|league|team|player_id|player_name_ja|player_name_en|G|IP|W|L|SV|ERA|BF|H|HR|BB|IBB|HBP|SO|ER|R|HOLD|HP|CG|SHO|WPCT|WP|BK
master,_data\master_csv\pitching_1977_PL_from_master.csv,1977,PL,ERA,ER,IP,R,75,75,0,1,75,54,54,year|league|team|player_id|player_name_ja|player_name_en|G|IP|W|L|SV|ERA|BF|H|HR|BB|IBB|HBP|SO|ER|R|HOLD|HP|CG|SHO|WPCT|WP|BK
master,_data\master_csv\pitching_1978_CL_from_master.csv,1978,CL,ERA,ER,IP,R,84,84,1,1,83,58,58,year|league|team|player_id|player_name_ja|player_name_en|G|IP|W|L|SV|ERA|BF|H|HR|BB|IBB|HBP|SO|ER|R|HOLD|HP|CG|SHO|WPCT|WP|BK
master,_data\master_csv\pitching_1978_PL_from_master.csv,1978,PL,ERA,ER,IP,R,80,80,3,3,77,56,56,year|league|team|player_id|player_name_ja|player_name_en|G|IP|W|L|SV|ERA|BF|H|HR|BB|IBB|HBP|SO|ER|R|HOLD|HP|CG|SHO|WPCT|WP|BK
master,_data\master_csv\pitching_1979_CL_from_master.csv,1979,CL,ERA,ER,IP,R,87,87,2,2,85,53,53,year|league|team|player_id|player_name_ja|player_name_en|G|IP|W|L|SV|ERA|BF|H|HR|BB|IBB|HBP|SO|ER|R|HOLD|HP|CG|SHO|WPCT|WP|BK
master,_data\master_csv\pitching_1979_PL_from_master.csv,1979,PL,ERA,ER,IP,R,80,80,2,2,78,54,54,year|league|team|player_id|player_name_ja|player_name_en|G|IP|W|L|SV|ERA|BF|H|HR|BB|IBB|HBP|SO|ER|R|HOLD|HP|CG|SHO|WPCT|WP|BK
master,_data\master_csv\pitching_1980_CL_from_master.csv,1980,CL,ERA,ER,IP,R,91,91,3,3,88,52,52,year|league|team|player_id|player_name_ja|player_name_en|G|IP|W|L|SV|ERA|BF|H|HR|BB|IBB|HBP|SO|ER|R|HOLD|HP|CG|SHO|WPCT|WP|BK
master,_data\master_csv\pitching_1980_PL_from_master.csv,1980,PL,ERA,ER,IP,R,83,83,3,3,80,58,58,year|league|team|player_id|player_name_ja|player_name_en|G|IP|W|L|SV|ERA|BF|H|HR|BB|IBB|HBP|SO|ER|R|HOLD|HP|CG|SHO|WPCT|WP|BK
master,_data\master_csv\pitching_1981_CL_from_master.csv,1981,CL,ERA,ER,IP,R,87,87,3,3,84,53,53,year|league|team|player_id|player_name_ja|player_name_en|G|IP|W|L|SV|ERA|BF|H|HR|BB|IBB|HBP|SO|ER|R|HOLD|HP|CG|SHO|WPCT|WP|BK
master,_data\master_csv\pitching_1981_PL_from_master.csv,1981,PL,ERA,ER,IP,R,90,90,4,3,86,55,55,year|league|team|player_id|player_name_ja|player_name_en|G|IP|W|L|SV|ERA|BF|H|HR|BB|IBB|HBP|SO|ER|R|HOLD|HP|CG|SHO|WPCT|WP|BK
master,_data\master_csv\pitching_1982_CL_from_master.csv,1982,CL,ERA,ER,IP,R,93,93,4,5,88,49,49,year|league|team|player_id|player_name_ja|player_name_en|G|IP|W|L|SV|ERA|BF|H|HR|BB|IBB|HBP|SO|ER|R|HOLD|HP|CG|SHO|WPCT|WP|BK
master,_data\master_csv\pitching_1982_PL_from_master.csv,1982,PL,ERA,ER,IP,R,88,88,1,1,87,54,54,year|league|team|player_id|player_name_ja|player_name_en|G|IP|W|L|SV|ERA|BF|H|HR|BB|IBB|HBP|SO|ER|R|HOLD|HP|CG|SHO|WPCT|WP|BK
master,_data\master_csv\pitching_1983_CL_from_master.csv,1983,CL,ERA,ER,IP,R,94,94,2,3,92,57,57,year|league|team|player_id|player_name_ja|player_name_en|G|IP|W|L|SV|ERA|BF|H|HR|BB|IBB|HBP|SO|ER|R|HOLD|HP|CG|SHO|WPCT|WP|BK
master,_data\master_csv\pitching_1983_PL_from_master.csv,1983,PL,ERA,ER,IP,R,96,96,3,3,93,57,57,year|league|team|player_id|player_name_ja|player_name_en|G|IP|W|L|SV|ERA|BF|H|HR|BB|IBB|HBP|SO|ER|R|HOLD|HP|CG|SHO|WPCT|WP|BK
master,_data\master_csv\pitching_1984_CL_from_master.csv,1984,CL,ERA,ER,IP,R,97,97,2,2,94,56,56,year|league|team|player_id|player_name_ja|player_name_en|G|IP|W|L|SV|ERA|BF|H|HR|BB|IBB|HBP|SO|ER|R|HOLD|HP|CG|SHO|WPCT|WP|BK
master,_data\master_csv\pitching_1984_PL_from_master.csv,1984,PL,ERA,ER,IP,R,98,98,2,2,96,59,59,year|league|team|player_id|player_name_ja|player_name_en|G|IP|W|L|SV|ERA|BF|H|HR|BB|IBB|HBP|SO|ER|R|HOLD|HP|CG|SHO|WPCT|WP|BK
master,_data\master_csv\pitching_1985_CL_from_master.csv,1985,CL,ERA,ER,IP,R,101,101,1,2,99,56,56,year|league|team|player_id|player_name_ja|player_name_en|G|IP|W|L|SV|ERA|BF|H|HR|BB|IBB|HBP|SO|ER|R|HOLD|HP|CG|SHO|WPCT|WP|BK
master,_data\master_csv\pitching_1985_PL_from_master.csv,1985,PL,ERA,ER,IP,R,103,103,0,0,102,60,60,year|league|team|player_id|player_name_ja|player_name_en|G|IP|W|L|SV|ERA|BF|H|HR|BB|IBB|HBP|SO|ER|R|HOLD|HP|CG|SHO|WPCT|WP|BK
master,_data\master_csv\pitching_1986_CL_from_master.csv,1986,CL,ERA,ER,IP,R,103,103,2,2,101,57,57,year|league|team|player_id|player_name_ja|player_name_en|G|IP|W|L|SV|ERA|BF|H|HR|BB|IBB|HBP|SO|ER|R|HOLD|HP|CG|SHO|WPCT|WP|BK
master,_data\master_csv\pitching_1986_PL_from_master.csv,1986,PL,ERA,ER,IP,R,111,111,4,5,106,55,55,year|league|team|player_id|player_name_ja|player_name_en|G|IP|W|L|SV|ERA|BF|H|HR|BB|IBB|HBP|SO|ER|R|HOLD|HP|CG|SHO|WPCT|WP|BK
master,_data\master_csv\pitching_1987_CL_from_master.csv,1987,CL,ERA,ER,IP,R,102,102,3,2,99,55,55,year|league|team|player_id|player_name_ja|player_name_en|G|IP|W|L|SV|ERA|BF|H|HR|BB|IBB|HBP|SO|ER|R|HOLD|HP|CG|SHO|WPCT|WP|BK
master,_data\master_csv\pitching_1987_PL_from_master.csv,1987,PL,ERA,ER,IP,R,102,102,6,7,96,54,54,year|league|team|player_id|player_name_ja|player_name_en|G|IP|W|L|SV|ERA|BF|H|HR|BB|IBB|HBP|SO|ER|R|HOLD|HP|CG|SHO|WPCT|WP|BK
master,_data\master_csv\pitching_1988_CL_from_master.csv,1988,CL,ERA,ER,IP,R,102,102,5,5,97,55,55,year|league|team|player_id|player_name_ja|player_name_en|G|IP|W|L|SV|ERA|BF|H|HR|BB|IBB|HBP|SO|ER|R|HOLD|HP|CG|SHO|WPCT|WP|BK
master,_data\master_csv\pitching_1988_PL_from_master.csv,1988,PL,ERA,ER,IP,R,104,104,1,1,103,50,50,year|league|team|player_id|player_name_ja|player_name_en|G|IP|W|L|SV|ERA|BF|H|HR|BB|IBB|HBP|SO|ER|R|HOLD|HP|CG|SHO|WPCT|WP|BK
master,_data\master_csv\pitching_1989_CL_from_master.csv,1989,CL,ERA,ER,IP,R,111,111,2,3,109,58,58,year|league|team|player_id|player_name_ja|player_name_en|G|IP|W|L|SV|ERA|BF|H|HR|BB|IBB|HBP|SO|ER|R|HOLD|HP|CG|SHO|WPCT|WP|BK
master,_data\master_csv\pitching_1989_PL_from_master.csv,1989,PL,ERA,ER,IP,R,106,106,6,7,100,60,60,year|league|team|player_id|player_name_ja|player_name_en|G|IP|W|L|SV|ERA|BF|H|HR|BB|IBB|HBP|SO|ER|R|HOLD|HP|CG|SHO|WPCT|WP|BK
master,_data\master_csv\pitching_1990_CL_from_master.csv,1990,CL,ERA,ER,IP,R,116,116,5,5,111,62,62,year|league|team|player_id|player_name_ja|player_name_en|G|IP|W|L|SV|ERA|BF|H|HR|BB|IBB|HBP|SO|ER|R|HOLD|HP|CG|SHO|WPCT|WP|BK
master,_data\master_csv\pitching_1990_PL_from_master.csv,1990,PL,ERA,ER,IP,R,107,107,0,0,107,69,69,year|league|team|player_id|player_name_ja|player_name_en|G|IP|W|L|SV|ERA|BF|H|HR|BB|IBB|HBP|SO|ER|R|HOLD|HP|CG|SHO|WPCT|WP|BK
master,_data\master_csv\pitching_1991_CL_from_master.csv,1991,CL,ERA,ER,IP,R,116,116,5,5,111,55,55,year|league|team|player_id|player_name_ja|player_name_en|G|IP|W|L|SV|ERA|BF|H|HR|BB|IBB|HBP|SO|ER|R|HOLD|HP|CG|SHO|WPCT|WP|BK
master,_data\master_csv\pitching_1991_PL_from_master.csv,1991,PL,ERA,ER,IP,R,108,108,3,4,104,59,59,year|league|team|player_id|player_name_ja|player_name_en|G|IP|W|L|SV|ERA|BF|H|HR|BB|IBB|HBP|SO|ER|R|HOLD|HP|CG|SHO|WPCT|WP|BK
master,_data\master_csv\pitching_1992_CL_from_master.csv,1992,CL,ERA,ER,IP,R,109,109,4,4,105,55,55,year|league|team|player_id|player_name_ja|player_name_en|G|IP|W|L|SV|ERA|BF|H|HR|BB|IBB|HBP|SO|ER|R|HOLD|HP|CG|SHO|WPCT|WP|BK
master,_data\master_csv\pitching_1992_PL_from_master.csv,1992,PL,ERA,ER,IP,R,104,104,3,3,101,60,60,year|league|team|player_id|player_name_ja|player_name_en|G|IP|W|L|SV|ERA|BF|H|HR|BB|IBB|HBP|SO|ER|R|HOLD|HP|CG|SHO|WPCT|WP|BK
master,_data\master_csv\pitching_1993_CL_from_master.csv,1993,CL,ERA,ER,IP,R,114,114,3,4,110,65,65,year|league|team|player_id|player_name_ja|player_name_en|G|IP|W|L|SV|ERA|BF|H|HR|BB|IBB|HBP|SO|ER|R|HOLD|HP|CG|SHO|WPCT|WP|BK
master,_data\master_csv\pitching_1993_PL_from_master.csv,1993,PL,ERA,ER,IP,R,99,99,2,3,97,60,60,year|league|team|player_id|player_name_ja|player_name_en|G|IP|W|L|SV|ERA|BF|H|HR|BB|IBB|HBP|SO|ER|R|HOLD|HP|CG|SHO|WPCT|WP|BK
master,_data\master_csv\pitching_1994_CL_from_master.csv,1994,CL,ERA,ER,IP,R,115,115,3,4,112,63,63,year|league|team|player_id|player_name_ja|player_name_en|G|IP|W|L|SV|ERA|BF|H|HR|BB|IBB|HBP|SO|ER|R|HOLD|HP|CG|SHO|WPCT|WP|BK
master,_data\master_csv\pitching_1994_PL_from_master.csv,1994,PL,ERA,ER,IP,R,115,115,5,4,110,65,65,year|league|team|player_id|player_name_ja|player_name_en|G|IP|W|L|SV|ERA|BF|H|HR|BB|IBB|HBP|SO|ER|R|HOLD|HP|CG|SHO|WPCT|WP|BK
master,_data\master_csv\pitching_1995_CL_from_master.csv,1995,CL,ERA,ER,IP,R,130,130,3,5,126,59,59,year|league|team|player_id|player_name_ja|player_name_en|G|IP|W|L|SV|ERA|BF|H|HR|BB|IBB|HBP|SO|ER|R|HOLD|HP|CG|SHO|WPCT|WP|BK
master,_data\master_csv\pitching_1995_PL_from_master.csv,1995,PL,ERA,ER,IP,R,119,119,5,5,113,60,60,year|league|team|player_id|player_name_ja|player_name_en|G|IP|W|L|SV|ERA|BF|H|HR|BB|IBB|HBP|SO|ER|R|HOLD|HP|CG|SHO|WPCT|WP|BK
master,_data\master_csv\pitching_1996_CL_from_master.csv,1996,CL,ERA,ER,IP,R,129,129,2,2,127,62,62,year|league|team|player_id|player_name_ja|player_name_en|G|IP|W|L|SV|ERA|BF|H|HR|BB|IBB|HBP|SO|ER|R|HOLD|HP|CG|SHO|WPCT|WP|BK
master,_data\master_csv\pitching_1996_PL_from_master.csv,1996,PL,ERA,ER,IP,R,118,118,3,5,115,59,59,year|league|team|player_id|player_name_ja|player_name_en|G|IP|W|L|SV|ERA|BF|H|HR|BB|IBB|HBP|SO|ER|R|HOLD|HP|CG|SHO|WPCT|WP|BK
master,_data\master_csv\pitching_1997_CL_from_master.csv,1997,CL,ERA,ER,IP,R,138,138,6,7,132,62,62,year|league|team|player_id|player_name_ja|player_name_en|G|IP|W|L|SV|ERA|BF|H|HR|BB|IBB|HBP|SO|ER|R|HOLD|HP|CG|SHO|WPCT|WP|BK
master,_data\master_csv\pitching_1997_PL_from_master.csv,1997,PL,ERA,ER,IP,R,137,137,7,6,130,64,64,year|league|team|player_id|player_name_ja|player_name_en|G|IP|W|L|SV|ERA|BF|H|HR|BB|IBB|HBP|SO|ER|R|HOLD|HP|CG|SHO|WPCT|WP|BK
master,_data\master_csv\pitching_1998_CL_from_master.csv,1998,CL,ERA,ER,IP,R,130,130,6,6,124,58,58,year|league|team|player_id|player_name_ja|player_name_en|G|IP|W|L|SV|ERA|BF|H|HR|BB|IBB|HBP|SO|ER|R|HOLD|HP|CG|SHO|WPCT|WP|BK
master,_data\master_csv\pitching_1998_PL_from_master.csv,1998,PL,ERA,ER,IP,R,132,132,5,5,126,65,65,year|league|team|player_id|player_name_ja|player_name_en|G|IP|W|L|SV|ERA|BF|H|HR|BB|IBB|HBP|SO|ER|R|HOLD|HP|CG|SHO|WPCT|WP|BK
master,_data\master_csv\pitching_1999_CL_from_master.csv,1999,CL,ERA,ER,IP,R,135,135,2,2,133,64,64,year|league|team|player_id|player_name_ja|player_name_en|G|IP|W|L|SV|ERA|BF|H|HR|BB|IBB|HBP|SO|ER|R|HOLD|HP|CG|SHO|WPCT|WP|BK
master,_data\master_csv\pitching_1999_PL_from_master.csv,1999,PL,ERA,ER,IP,R,145,145,5,7,142,64,66,year|league|team|player_id|player_name_ja|player_name_en|G|IP|W|L|SV|ERA|BF|H|HR|BB|IBB|HBP|SO|ER|R|HOLD|HP|CG|SHO|WPCT|WP|BK
master,_data\master_csv\pitching_2000_CL_from_master.csv,2000,CL,ERA,ER,IP,R,149,149,2,3,147,62,62,year|league|team|player_id|player_name_ja|player_name_en|G|IP|W|L|SV|ERA|BF|H|HR|BB|IBB|HBP|SO|ER|R|HOLD|HP|CG|SHO|WPCT|WP|BK
master,_data\master_csv\pitching_2000_PL_from_master.csv,2000,PL,ERA,ER,IP,R,143,143,3,2,138,69,69,year|league|team|player_id|player_name_ja|player_name_en|G|IP|W|L|SV|ERA|BF|H|HR|BB|IBB|HBP|SO|ER|R|HOLD|HP|CG|SHO|WPCT|WP|BK
master,_data\master_csv\pitching_2001_CL_from_master.csv,2001,CL,ERA,ER,IP,R,150,150,6,7,143,66,66,year|league|team|player_id|player_name_ja|player_name_en|G|IP|W|L|SV|ERA|BF|H|HR|BB|IBB|HBP|SO|ER|R|HOLD|HP|CG|SHO|WPCT|WP|BK
master,_data\master_csv\pitching_2001_PL_from_master.csv,2001,PL,ERA,ER,IP,R,160,160,8,8,152,72,72,year|league|team|player_id|player_name_ja|player_name_en|G|IP|W|L|SV|ERA|BF|H|HR|BB|IBB|HBP|SO|ER|R|HOLD|HP|CG|SHO|WPCT|WP|BK
master,_data\master_csv\pitching_2002_CL_from_master.csv,2002,CL,ERA,ER,IP,R,151,151,6,8,145,64,64,year|league|team|player_id|player_name_ja|player_name_en|G|IP|W|L|SV|ERA|BF|H|HR|BB|IBB|HBP|SO|ER|R|HOLD|HP|CG|SHO|WPCT|WP|BK
master,_data\master_csv\pitching_2002_PL_from_master.csv,2002,PL,ERA,ER,IP,R,146,146,4,7,143,58,59,year|league|team|player_id|player_name_ja|player_name_en|G|IP|W|L|SV|ERA|BF|H|HR|BB|IBB|HBP|SO|ER|R|HOLD|HP|CG|SHO|WPCT|WP|BK
master,_data\master_csv\pitching_2003_CL_from_master.csv,2003,CL,ERA,ER,IP,R,146,146,2,2,144,70,70,year|league|team|player_id|player_name_ja|player_name_en|G|IP|W|L|SV|ERA|BF|H|HR|BB|IBB|HBP|SO|ER|R|HOLD|HP|CG|SHO|WPCT|WP|BK
master,_data\master_csv\pitching_2003_PL_from_master.csv,2003,PL,ERA,ER,IP,R,149,149,6,6,143,73,73,year|league|team|player_id|player_name_ja|player_name_en|G|IP|W|L|SV|ERA|BF|H|HR|BB|IBB|HBP|SO|ER|R|HOLD|HP|CG|SHO|WPCT|WP|BK
master,_data\master_csv\pitching_2004_CL_from_master.csv,2004,CL,ERA,ER,IP,R,150,150,4,4,146,70,70,year|league|team|player_id|player_name_ja|player_name_en|G|IP|W|L|SV|ERA|BF|H|HR|BB|IBB|HBP|SO|ER|R|HOLD|HP|CG|SHO|WPCT|WP|BK
master,_data\master_csv\pitching_2004_PL_from_master.csv,2004,PL,ERA,ER,IP,R,151,151,5,5,145,77,77,year|league|team|player_id|player_name_ja|player_name_en|G|IP|W|L|SV|ERA|BF|H|HR|BB|IBB|HBP|SO|ER|R|HOLD|HP|CG|SHO|WPCT|WP|BK
master,_data\master_csv\pitching_2005_CL_from_master.csv,2005,CL,ERA,ER,IP,R,123,123,2,2,0,4,4,year|league|team|player_id|player_name_ja|player_name_en|G|IP|W|L|SV|ERA|BF|H|HR|BB|IBB|HBP|SO|ER|R|HOLD|HP|CG|SHO|WPCT|WP|BK
master,_data\master_csv\pitching_2005_PL_from_master.csv,2005,PL,ERA,ER,IP,R,115,115,5,4,0,4,4,year|league|team|player_id|player_name_ja|player_name_en|G|IP|W|L|SV|ERA|BF|H|HR|BB|IBB|HBP|SO|ER|R|HOLD|HP|CG|SHO|WPCT|WP|BK
master,_data\master_csv\pitching_2006_CL_from_master.csv,2006,CL,ERA,ER,IP,R,119,119,7,7,0,4,4,year|league|team|player_id|player_name_ja|player_name_en|G|IP|W|L|SV|ERA|BF|H|HR|BB|IBB|HBP|SO|ER|R|HOLD|HP|CG|SHO|WPCT|WP|BK
master,_data\master_csv\pitching_2006_PL_from_master.csv,2006,PL,ERA,ER,IP,R,109,109,5,6,0,0,0,year|league|team|player_id|player_name_ja|player_name_en|G|IP|W|L|SV|ERA|BF|H|HR|BB|IBB|HBP|SO|ER|R|HOLD|HP|CG|SHO|WPCT|WP|BK
master,_data\master_csv\pitching_2007_CL_from_master.csv,2007,CL,ERA,ER,IP,R,124,124,6,6,0,2,2,year|league|team|player_id|player_name_ja|player_name_en|G|IP|W|L|SV|ERA|BF|H|HR|BB|IBB|HBP|SO|ER|R|HOLD|HP|CG|SHO|WPCT|WP|BK
master,_data\master_csv\pitching_2007_PL_from_master.csv,2007,PL,ERA,ER,IP,R,117,117,3,3,0,2,2,year|league|team|player_id|player_name_ja|player_name_en|G|IP|W|L|SV|ERA|BF|H|HR|BB|IBB|HBP|SO|ER|R|HOLD|HP|CG|SHO|WPCT|WP|BK
master,_data\master_csv\pitching_2008_CL_from_master.csv,2008,CL,ERA,ER,IP,R,124,122,6,6,0,0,0,year|league|team|player_id|player_name_ja|player_name_en|G|IP|W|L|SV|ERA|BF|H|HR|BB|IBB|HBP|SO|ER|R|HOLD|HP|CG|SHO|WPCT|WP|BK
master,_data\master_csv\pitching_2008_PL_from_master.csv,2008,PL,ERA,ER,IP,R,115,115,4,3,0,1,1,year|league|team|player_id|player_name_ja|player_name_en|G|IP|W|L|SV|ERA|BF|H|HR|BB|IBB|HBP|SO|ER|R|HOLD|HP|CG|SHO|WPCT|WP|BK
master,_data\master_csv\pitching_2009_CL_from_master.csv,2009,CL,ERA,ER,IP,R,123,121,7,6,0,1,1,year|league|team|player_id|player_name_ja|player_name_en|G|IP|W|L|SV|ERA|BF|H|HR|BB|IBB|HBP|SO|ER|R|HOLD|HP|CG|SHO|WPCT|WP|BK
master,_data\master_csv\pitching_2009_PL_from_master.csv,2009,PL,ERA,ER,IP,R,120,119,2,2,0,3,3,year|league|team|player_id|player_name_ja|player_name_en|G|IP|W|L|SV|ERA|BF|H|HR|BB|IBB|HBP|SO|ER|R|HOLD|HP|CG|SHO|WPCT|WP|BK
master,_data\master_csv\pitching_2010_CL_from_master.csv,2010,CL,ERA,ER,IP,R,136,136,6,4,0,3,3,year|league|team|player_id|player_name_ja|player_name_en|G|IP|W|L|SV|ERA|BF|H|HR|BB|IBB|HBP|SO|ER|R|HOLD|HP|CG|SHO|WPCT|WP|BK
master,_data\master_csv\pitching_2010_PL_from_master.csv,2010,PL,ERA,ER,IP,R,135,135,4,2,0,3,3,year|league|team|player_id|player_name_ja|player_name_en|G|IP|W|L|SV|ERA|BF|H|HR|BB|IBB|HBP|SO|ER|R|HOLD|HP|CG|SHO|WPCT|WP|BK
master,_data\master_csv\pitching_2011_CL_from_master.csv,2011,CL,ERA,ER,IP,R,129,129,10,10,0,4,4,year|league|team|player_id|player_name_ja|player_name_en|G|IP|W|L|SV|ERA|BF|H|HR|BB|IBB|HBP|SO|ER|R|HOLD|HP|CG|SHO|WPCT|WP|BK
master,_data\master_csv\pitching_2011_PL_from_master.csv,2011,PL,ERA,ER,IP,R,117,117,2,2,0,2,2,year|league|team|player_id|player_name_ja|player_name_en|G|IP|W|L|SV|ERA|BF|H|HR|BB|IBB|HBP|SO|ER|R|HOLD|HP|CG|SHO|WPCT|WP|BK
master,_data\master_csv\pitching_2012_CL_from_master.csv,2012,CL,ERA,ER,IP,R,153,152,8,6,0,0,0,year|league|team|player_id|player_name_ja|player_name_en|G|IP|W|L|SV|ERA|BF|H|HR|BB|IBB|HBP|SO|ER|R|HOLD|HP|CG|SHO|WPCT|WP|BK
master,_data\master_csv\pitching_2012_PL_from_master.csv,2012,PL,ERA,ER,IP,R,132,131,6,6,0,0,0,year|league|team|player_id|player_name_ja|player_name_en|G|IP|W|L|SV|ERA|BF|H|HR|BB|IBB|HBP|SO|ER|R|HOLD|HP|CG|SHO|WPCT|WP|BK
master,_data\master_csv\pitching_2013_CL_from_master.csv,2013,CL,ERA,ER,IP,R,166,166,4,4,0,4,4,year|league|team|player_id|player_name_ja|player_name_en|G|IP|W|L|SV|ERA|BF|H|HR|BB|IBB|HBP|SO|ER|R|HOLD|HP|CG|SHO|WPCT|WP|BK
master,_data\master_csv\pitching_2013_PL_from_master.csv,2013,PL,ERA,ER,IP,R,135,135,4,2,0,0,0,year|league|team|player_id|player_name_ja|player_name_en|G|IP|W|L|SV|ERA|BF|H|HR|BB|IBB|HBP|SO|ER|R|HOLD|HP|CG|SHO|WPCT|WP|BK
master,_data\master_csv\pitching_2014_CL_from_master.csv,2014,CL,ERA,ER,IP,R,161,160,4,3,0,5,5,year|league|team|player_id|player_name_ja|player_name_en|G|IP|W|L|SV|ERA|BF|H|HR|BB|IBB|HBP|SO|ER|R|HOLD|HP|CG|SHO|WPCT|WP|BK
master,_data\master_csv\pitching_2014_PL_from_master.csv,2014,PL,ERA,ER,IP,R,135,135,4,3,0,1,1,year|league|team|player_id|player_name_ja|player_name_en|G|IP|W|L|SV|ERA|BF|H|HR|BB|IBB|HBP|SO|ER|R|HOLD|HP|CG|SHO|WPCT|WP|BK
master,_data\master_csv\pitching_2015_CL_from_master.csv,2015,CL,ERA,ER,IP,R,156,156,6,6,0,4,4,year|league|team|player_id|player_name_ja|player_name_en|G|IP|W|L|SV|ERA|BF|H|HR|BB|IBB|HBP|SO|ER|R|HOLD|HP|CG|SHO|WPCT|WP|BK
master,_data\master_csv\pitching_2015_PL_from_master.csv,2015,PL,ERA,ER,IP,R,136,136,11,10,0,1,1,year|league|team|player_id|player_name_ja|player_name_en|G|IP|W|L|SV|ERA|BF|H|HR|BB|IBB|HBP|SO|ER|R|HOLD|HP|CG|SHO|WPCT|WP|BK
master,_data\master_csv\pitching_2016_CL_from_master.csv,2016,CL,ERA,ER,IP,R,169,169,8,6,0,6,6,year|league|team|player_id|player_name_ja|player_name_en|G|IP|W|L|SV|ERA|BF|H|HR|BB|IBB|HBP|SO|ER|R|HOLD|HP|CG|SHO|WPCT|WP|BK
master,_data\master_csv\pitching_2016_PL_from_master.csv,2016,PL,ERA,ER,IP,R,141,141,10,10,0,3,3,year|league|team|player_id|player_name_ja|player_name_en|G|IP|W|L|SV|ERA|BF|H|HR|BB|IBB|HBP|SO|ER|R|HOLD|HP|CG|SHO|WPCT|WP|BK
master,_data\master_csv\pitching_2017_CL_from_master.csv,2017,CL,ERA,ER,IP,R,165,164,5,5,0,5,5,year|league|team|player_id|player_name_ja|player_name_en|G|IP|W|L|SV|ERA|BF|H|HR|BB|IBB|HBP|SO|ER|R|HOLD|HP|CG|SHO|WPCT|WP|BK
master,_data\master_csv\pitching_2017_PL_from_master.csv,2017,PL,ERA,ER,IP,R,136,136,2,2,0,3,3,year|league|team|player_id|player_name_ja|player_name_en|G|IP|W|L|SV|ERA|BF|H|HR|BB|IBB|HBP|SO|ER|R|HOLD|HP|CG|SHO|WPCT|WP|BK
master,_data\master_csv\pitching_2018_CL_from_master.csv,2018,CL,ERA,ER,IP,R,167,167,8,7,0,4,4,year|league|team|player_id|player_name_ja|player_name_en|G|IP|W|L|SV|ERA|BF|H|HR|BB|IBB|HBP|SO|ER|R|HOLD|HP|CG|SHO|WPCT|WP|BK
master,_data\master_csv\pitching_2018_PL_from_master.csv,2018,PL,ERA,ER,IP,R,173,172,7,5,0,3,3,year|league|team|player_id|player_name_ja|player_name_en|G|IP|W|L|SV|ERA|BF|H|HR|BB|IBB|HBP|SO|ER|R|HOLD|HP|CG|SHO|WPCT|WP|BK
master,_data\master_csv\pitching_2019_CL_from_master.csv,2019,CL,ERA,ER,IP,R,182,182,5,6,0,4,4,year|league|team|player_id|player_name_ja|player_name_en|G|IP|W|L|SV|ERA|BF|H|HR|BB|IBB|HBP|SO|ER|R|HOLD|HP|CG|SHO|WPCT|WP|BK
master,_data\master_csv\pitching_2019_PL_from_master.csv,2019,PL,ERA,ER,IP,R,181,180,10,10,0,2,2,year|league|team|player_id|player_name_ja|player_name_en|G|IP|W|L|SV|ERA|BF|H|HR|BB|IBB|HBP|SO|ER|R|HOLD|HP|CG|SHO|WPCT|WP|BK
master,_data\master_csv\pitching_2020_CL_from_master.csv,2020,CL,ERA,ER,IP,R,169,169,7,7,0,3,3,year|league|team|player_id|player_name_ja|player_name_en|G|IP|W|L|SV|ERA|BF|H|HR|BB|IBB|HBP|SO|ER|R|HOLD|HP|CG|SHO|WPCT|WP|BK
master,_data\master_csv\pitching_2020_PL_from_master.csv,2020,PL,ERA,ER,IP,R,170,169,7,6,0,3,3,year|league|team|player_id|player_name_ja|player_name_en|G|IP|W|L|SV|ERA|BF|H|HR|BB|IBB|HBP|SO|ER|R|HOLD|HP|CG|SHO|WPCT|WP|BK
master,_data\master_csv\pitching_2021_CL_from_master.csv,2021,CL,ERA,ER,IP,R,169,169,8,7,0,2,2,year|league|team|player_id|player_name_ja|player_name_en|G|IP|W|L|SV|ERA|BF|H|HR|BB|IBB|HBP|SO|ER|R|HOLD|HP|CG|SHO|WPCT|WP|BK
master,_data\master_csv\pitching_2021_PL_from_master.csv,2021,PL,ERA,ER,IP,R,174,174,9,8,0,0,0,year|league|team|player_id|player_name_ja|player_name_en|G|IP|W|L|SV|ERA|BF|H|HR|BB|IBB|HBP|SO|ER|R|HOLD|HP|CG|SHO|WPCT|WP|BK
master,_data\master_csv\pitching_2022_CL_from_master.csv,2022,CL,ERA,ER,IP,R,174,173,5,4,0,0,0,year|league|team|player_id|player_name_ja|player_name_en|G|IP|W|L|SV|ERA|BF|H|HR|BB|IBB|HBP|SO|ER|R|HOLD|HP|CG|SHO|WPCT|WP|BK
master,_data\master_csv\pitching_2022_PL_from_master.csv,2022,PL,ERA,ER,IP,R,180,180,11,10,0,2,2,year|league|team|player_id|player_name_ja|player_name_en|G|IP|W|L|SV|ERA|BF|H|HR|BB|IBB|HBP|SO|ER|R|HOLD|HP|CG|SHO|WPCT|WP|BK
master,_data\master_csv\pitching_2023_CL_from_master.csv,2023,CL,ERA,ER,IP,R,168,168,5,4,0,2,2,year|league|team|player_id|player_name_ja|player_name_en|G|IP|W|L|SV|ERA|BF|H|HR|BB|IBB|HBP|SO|ER|R|HOLD|HP|CG|SHO|WPCT|WP|BK
master,_data\master_csv\pitching_2023_PL_from_master.csv,2023,PL,ERA,ER,IP,R,173,173,5,5,0,3,3,year|league|team|player_id|player_name_ja|player_name_en|G|IP|W|L|SV|ERA|BF|H|HR|BB|IBB|HBP|SO|ER|R|HOLD|HP|CG|SHO|WPCT|WP|BK
master,_data\master_csv\pitching_2024_CL_from_master.csv,2024,CL,ERA,ER,IP,R,169,169,11,11,0,1,1,year|league|team|player_id|player_name_ja|player_name_en|G|IP|W|L|SV|ERA|BF|H|HR|BB|IBB|HBP|SO|ER|R|HOLD|HP|CG|SHO|WPCT|WP|BK
master,_data\master_csv\pitching_2024_PL_from_master.csv,2024,PL,ERA,ER,IP,R,181,181,12,11,0,0,0,year|league|team|player_id|player_name_ja|player_name_en|G|IP|W|L|SV|ERA|BF|H|HR|BB|IBB|HBP|SO|ER|R|HOLD|HP|CG|SHO|WPCT|WP|BK
master,_data\master_csv\pitching_2025_CL_from_master.csv,2025,CL,ERA,ER,IP,R,156,156,10,9,1,1,1,year|league|team|player_id|player_name_ja|player_name_en|G|IP|W|L|SV|ERA|BF|H|HR|BB|IBB|HBP|SO|ER|R|HOLD|HP|CG|SHO|WPCT|WP|BK
master,_data\master_csv\pitching_2025_PL_from_master.csv,2025,PL,ERA,ER,IP,R,163,163,14,12,0,1,1,year|league|team|player_id|player_name_ja|player_name_en|G|IP|W|L|SV|ERA|BF|H|HR|BB|IBB|HBP|SO|ER|R|HOLD|HP|CG|SHO|WPCT|WP|BK
