year,player_id,player_name,csv_IP,html_投球回,ip_match,csv_ER,html_自責点,er_match,csv_ERA,html_防御率,era_match,table_idx,html_headers,html_row,csv_file,line
1950,41743801,大友　工,85.0,85,True,0,0,True,41.0,41,True,1,年度|所属球団|登板|勝利|敗北|セーブ|H|HP|完投|完封勝|無四球|勝率|打者|投球回|安打|本塁打|四球|死球|三振|暴投|ボーク|失点|自責点|防御率,1950|読　売|15|4|4||||5|0|0|.500|356|85|85||71|3|39|0|44|1|0|41|35|3.71,_data\master_csv__rescrape_staging\pitching_1950_CL_from_master.csv,2
1950,71373893,多田　文久三,244.0,244,True,0,0,True,103.0,103,True,1,年度|所属球団|登板|勝利|敗北|セーブ|H|HP|完投|完封勝|無四球|勝率|打者|投球回|安打|本塁打|四球|死球|三振|暴投|ボーク|失点|自責点|防御率,1950|読　売|40|14|9||||13|2|1|.609|1009|244|244||215|12|89|5|138|2|0|103|79|2.91,_data\master_csv__rescrape_staging\pitching_1950_CL_from_master.csv,3
1950,01703878,中尾　碩志,194.1,194 .1,False,0,0,True,105.0,105,True,1,年度|所属球団|登板|勝利|敗北|セーブ|H|HP|完投|完封勝|無四球|勝率|打者|投球回|安打|本塁打|四球|死球|三振|暴投|ボーク|失点|自責点|防御率,1950|読　売|38|12|11||||8|2|1|.522|838|194 .1|194|.1|193|26|76|1|112|3|0|105|84|3.88,_data\master_csv__rescrape_staging\pitching_1950_CL_from_master.csv,4
1950,81783895,藤本　英雄,360.1,360 .1,False,0,0,True,117.0,117,True,1,年度|所属球団|登板|勝利|敗北|セーブ|H|HP|完投|完封勝|無四球|勝率|打者|投球回|安打|本塁打|四球|死球|三振|暴投|ボーク|失点|自責点|防御率,1950|読　売|49|26|14||||33|6|8|.650|1442|360 .1|360|.1|307|25|70|2|156|1|0|117|98|2.44,_data\master_csv__rescrape_staging\pitching_1950_CL_from_master.csv,5
1950,31933895,別所　毅彦,314.0,314,True,1,1,True,114.0,114,True,1,年度|所属球団|登板|勝利|敗北|セーブ|H|HP|完投|完封勝|無四球|勝率|打者|投球回|安打|本塁打|四球|死球|三振|暴投|ボーク|失点|自責点|防御率,1950|読　売|43|22|11||||27|8|0|.667|1287|314|314||273|24|93|4|157|1|1|114|89|2.55,_data\master_csv__rescrape_staging\pitching_1950_CL_from_master.csv,6
1950,31133898,阿部　八郎,278.0,278,True,2,2,True,134.0,134,True,1,年度|所属球団|登板|勝利|敗北|セーブ|H|HP|完投|完封勝|無四球|勝率|打者|投球回|安打|本塁打|四球|死球|三振|暴投|ボーク|失点|自責点|防御率,1950|阪　急|53|14|18||||14|4|0|.438|1180|278|278||251|16|104|1|156|2|2|134|109|3.53,_data\master_csv__rescrape_staging\pitching_1950_PL_from_master.csv,2
1950,01603801,柴田　英治,75.2,75 .2,False,0,0,True,29.0,29,True,1,年度|所属球団|登板|勝利|敗北|セーブ|H|HP|完投|完封勝|無四球|勝率|打者|投球回|安打|本塁打|四球|死球|三振|暴投|ボーク|失点|自責点|防御率,1950|阪　急|14|4|3||||3|0|2|.571|311|75 .2|75|.2|72|7|9|1|32|0|0|29|22|2.61,_data\master_csv__rescrape_staging\pitching_1950_PL_from_master.csv,4
1950,61563895,天保　義夫,328.0,328,True,0,0,True,164.0,164,True,1,年度|所属球団|登板|勝利|敗北|セーブ|H|HP|完投|完封勝|無四球|勝率|打者|投球回|安打|本塁打|四球|死球|三振|暴投|ボーク|失点|自責点|防御率,1950|阪　急|57|18|24||||21|0|3|.429|1380|328|328||322|20|102|0|141|6|0|164|134|3.68,_data\master_csv__rescrape_staging\pitching_1950_PL_from_master.csv,5
1950,81783878,野口　二郎,181.2,181 .2,False,0,0,True,85.0,85,True,1,年度|所属球団|登板|勝利|敗北|セーブ|H|HP|完投|完封勝|無四球|勝率|打者|投球回|安打|本塁打|四球|死球|三振|暴投|ボーク|失点|自責点|防御率,1950|阪　急|35|15|9||||10|2|7|.625|750|181 .2|181|.2|190|20|14|1|61|0|0|85|64|3.16,_data\master_csv__rescrape_staging\pitching_1950_PL_from_master.csv,6
1950,31533894,浜崎　真二,28.0,28,True,0,0,True,25.0,25,True,1,年度|所属球団|登板|勝利|敗北|セーブ|H|HP|完投|完封勝|無四球|勝率|打者|投球回|安打|本塁打|四球|死球|三振|暴投|ボーク|失点|自責点|防御率,1950|阪　急|9|1|2||||0|0|0|.333|129|28|28||34|3|19|0|12|2|0|25|22|7.07,_data\master_csv__rescrape_staging\pitching_1950_PL_from_master.csv,7
1951,41743801,大友　工,137.2,137 .2,False,3,3,True,44.0,44,True,1,年度|所属球団|登板|勝利|敗北|セーブ|H|HP|完投|完封勝|無四球|勝率|打者|投球回|安打|本塁打|四球|死球|三振|暴投|ボーク|失点|自責点|防御率,1951|読　売|29|11|4||||3|0|0|.733|556|137 .2|137|.2|114|11|43|3|51|1|3|44|37|2.41,_data\master_csv__rescrape_staging\pitching_1951_CL_from_master.csv,2
1951,01703878,中尾　碩志,130.1,130 .1,False,2,2,True,56.0,56,True,1,年度|所属球団|登板|勝利|敗北|セーブ|H|HP|完投|完封勝|無四球|勝率|打者|投球回|安打|本塁打|四球|死球|三振|暴投|ボーク|失点|自責点|防御率,1951|読　売|29|9|6||||4|0|1|.600|541|130 .1|130|.1|124|8|37|0|60|0|2|56|44|3.02,_data\master_csv__rescrape_staging\pitching_1951_CL_from_master.csv,5
1951,81783895,藤本　英雄,206.1,206 .1,False,1,1,True,89.0,89,True,1,年度|所属球団|登板|勝利|敗北|セーブ|H|HP|完投|完封勝|無四球|勝率|打者|投球回|安打|本塁打|四球|死球|三振|暴投|ボーク|失点|自責点|防御率,1951|読　売|31|15|7||||16|3|3|.682|822|206 .1|206|.1|189|7|41|3|88|1|1|89|72|3.13,_data\master_csv__rescrape_staging\pitching_1951_CL_from_master.csv,6
1951,31933895,別所　毅彦,301.1,301 .1,False,0,0,True,112.0,112,True,1,年度|所属球団|登板|勝利|敗北|セーブ|H|HP|完投|完封勝|無四球|勝率|打者|投球回|安打|本塁打|四球|死球|三振|暴投|ボーク|失点|自責点|防御率,1951|読　売|47|21|9||||25|4|4|.700|1222|301 .1|301|.1|252|15|88|1|131|3|0|112|82|2.44,_data\master_csv__rescrape_staging\pitching_1951_CL_from_master.csv,7
1951,03203801,松田　清,227.2,227 .2,False,2,2,True,61.0,61,True,1,年度|所属球団|登板|勝利|敗北|セーブ|H|HP|完投|完封勝|無四球|勝率|打者|投球回|安打|本塁打|四球|死球|三振|暴投|ボーク|失点|自責点|防御率,1951|読　売|34|23|3||||15|4|0|.885|896|227 .2|227|.2|186|5|64|5|93|3|2|61|51|2.01,_data\master_csv__rescrape_staging\pitching_1951_CL_from_master.csv,8
1951,31133898,阿部　八郎,254.2,254 .2,False,0,0,True,102.0,102,True,1,年度|所属球団|登板|勝利|敗北|セーブ|H|HP|完投|完封勝|無四球|勝率|打者|投球回|安打|本塁打|四球|死球|三振|暴投|ボーク|失点|自責点|防御率,1951|阪　急|40|12|14||||14|2|0|.462|1098|254 .2|254|.2|232|12|100|1|150|2|0|102|79|2.79,_data\master_csv__rescrape_staging\pitching_1951_PL_from_master.csv,2
1951,21023801,川口　敬次郎,36.1,36 .1,False,0,0,True,26.0,26,True,1,年度|所属球団|登板|勝利|敗北|セーブ|H|HP|完投|完封勝|無四球|勝率|打者|投球回|安打|本塁打|四球|死球|三振|暴投|ボーク|失点|自責点|防御率,1951|阪　急|13|0|0||||0|0|0|.000|176|36 .1|36|.1|45|4|13|3|9|0|0|26|15|3.65,_data\master_csv__rescrape_staging\pitching_1951_PL_from_master.csv,3
1951,01603801,柴田　英治,175.2,175 .2,False,1,1,True,76.0,76,True,1,年度|所属球団|登板|勝利|敗北|セーブ|H|HP|完投|完封勝|無四球|勝率|打者|投球回|安打|本塁打|四球|死球|三振|暴投|ボーク|失点|自責点|防御率,1951|阪　急|33|6|13||||5|1|1|.316|734|175 .2|175|.2|184|9|30|6|55|0|1|76|66|3.38,_data\master_csv__rescrape_staging\pitching_1951_PL_from_master.csv,4
1951,21523803,鈴木　幸雄,65.0,65,True,1,1,True,31.0,31,True,1,年度|所属球団|登板|勝利|敗北|セーブ|H|HP|完投|完封勝|無四球|勝率|打者|投球回|安打|本塁打|四球|死球|三振|暴投|ボーク|失点|自責点|防御率,1951|阪　急|19|4|3||||2|1|1|.571|270|65|65||62|3|16|5|23|0|1|31|27|3.74,_data\master_csv__rescrape_staging\pitching_1951_PL_from_master.csv,5
1951,61563895,天保　義夫,157.1,157 .1,False,1,1,True,67.0,67,True,1,年度|所属球団|登板|勝利|敗北|セーブ|H|HP|完投|完封勝|無四球|勝率|打者|投球回|安打|本塁打|四球|死球|三振|暴投|ボーク|失点|自責点|防御率,1951|阪　急|29|9|10||||9|1|4|.474|665|157 .1|157|.1|156|9|48|1|44|1|1|67|51|2.91,_data\master_csv__rescrape_staging\pitching_1951_PL_from_master.csv,6
1952,41743801,大友　工,207.1,207 .1,False,1,1,True,78.0,78,True,1,年度|所属球団|登板|勝利|敗北|セーブ|H|HP|完投|完封勝|無四球|勝率|打者|投球回|安打|本塁打|四球|死球|三振|暴投|ボーク|失点|自責点|防御率,1952|読　売|40|17|8||||9|4|2|.680|827|207 .1|207|.1|158|10|51|4|120|2|1|78|52|2.25,_data\master_csv__rescrape_staging\pitching_1952_CL_from_master.csv,3
1952,01703878,中尾　碩志,42.1,42 .1,False,1,1,True,26.0,26,True,1,年度|所属球団|登板|勝利|敗北|セーブ|H|HP|完投|完封勝|無四球|勝率|打者|投球回|安打|本塁打|四球|死球|三振|暴投|ボーク|失点|自責点|防御率,1952|読　売|14|1|2||||1|0|0|.333|193|42 .1|42|.1|42|1|27|2|23|0|1|26|19|3.98,_data\master_csv__rescrape_staging\pitching_1952_CL_from_master.csv,4
1952,91293805,西田　亨,75.1,75 .1,False,0,0,True,42.0,42,True,1,年度|所属球団|登板|勝利|敗北|セーブ|H|HP|完投|完封勝|無四球|勝率|打者|投球回|安打|本塁打|四球|死球|三振|暴投|ボーク|失点|自責点|防御率,1952|読　売|21|3|1||||2|0|1|.750|312|75 .1|75|.1|69|6|25|3|30|1|0|42|27|3.20,_data\master_csv__rescrape_staging\pitching_1952_CL_from_master.csv,5
1952,81783895,藤本　英雄,213.2,213 .2,False,0,0,True,68.0,68,True,1,年度|所属球団|登板|勝利|敗北|セーブ|H|HP|完投|完封勝|無四球|勝率|打者|投球回|安打|本塁打|四球|死球|三振|暴投|ボーク|失点|自責点|防御率,1952|読　売|34|16|6||||14|5|3|.727|830|213 .2|213|.2|169|11|38|2|89|0|0|68|56|2.36,_data\master_csv__rescrape_staging\pitching_1952_CL_from_master.csv,6
1952,31933895,別所　毅彦,371.1,371 .1,False,1,1,True,107.0,107,True,1,年度|所属球団|登板|勝利|敗北|セーブ|H|HP|完投|完封勝|無四球|勝率|打者|投球回|安打|本塁打|四球|死球|三振|暴投|ボーク|失点|自責点|防御率,1952|読　売|52|33|13||||28|7|6|.717|1473|371 .1|371|.1|299|13|93|6|153|5|1|107|80|1.94,_data\master_csv__rescrape_staging\pitching_1952_CL_from_master.csv,7
1952,01103894,池田　善蔵,99.1,99 .1,False,1,1,True,53.0,53,True,1,年度|所属球団|登板|勝利|敗北|セーブ|H|HP|完投|完封勝|無四球|勝率|打者|投球回|安打|本塁打|四球|死球|三振|暴投|ボーク|失点|自責点|防御率,1952|阪　急|25|5|6||||1|1|0|.455|434|99 .1|99|.1|94|5|51|1|39|5|1|53|47|4.23,_data\master_csv__rescrape_staging\pitching_1952_PL_from_master.csv,2
1952,01603801,柴田　英治,155.2,155 .2,False,0,0,True,69.0,69,True,1,年度|所属球団|登板|勝利|敗北|セーブ|H|HP|完投|完封勝|無四球|勝率|打者|投球回|安打|本塁打|四球|死球|三振|暴投|ボーク|失点|自責点|防御率,1952|阪　急|28|10|11||||8|4|3|.476|632|155 .2|155|.2|149|7|24|0|56|0|0|69|55|3.17,_data\master_csv__rescrape_staging\pitching_1952_PL_from_master.csv,6
1952,21523803,鈴木　幸雄,156.2,156 .2,False,0,0,True,68.0,68,True,1,年度|所属球団|登板|勝利|敗北|セーブ|H|HP|完投|完封勝|無四球|勝率|打者|投球回|安打|本塁打|四球|死球|三振|暴投|ボーク|失点|自責点|防御率,1952|阪　急|28|8|8||||6|0|2|.500|647|156 .2|156|.2|138|13|41|3|91|0|0|68|62|3.55,_data\master_csv__rescrape_staging\pitching_1952_PL_from_master.csv,7
1952,61563895,天保　義夫,106.1,106 .1,False,0,0,True,57.0,57,True,1,年度|所属球団|登板|勝利|敗北|セーブ|H|HP|完投|完封勝|無四球|勝率|打者|投球回|安打|本塁打|四球|死球|三振|暴投|ボーク|失点|自責点|防御率,1952|阪　急|23|4|12||||7|0|1|.250|454|106 .1|106|.1|112|6|28|3|30|1|0|57|45|3.79,_data\master_csv__rescrape_staging\pitching_1952_PL_from_master.csv,10
1952,51253805,Ｊ．ニューベリー,206.1,206 .1,False,6,6,True,84.0,84,True,1,年度|所属球団|登板|勝利|敗北|セーブ|H|HP|完投|完封勝|無四球|勝率|打者|投球回|安打|本塁打|四球|死球|三振|暴投|ボーク|失点|自責点|防御率,1952|阪　急|36|11|10||||10|1|2|.524|830|206 .1|206|.1|183|7|65|2|100|1|6|84|74|3.22,_data\master_csv__rescrape_staging\pitching_1952_PL_from_master.csv,11
1953,41143805,入谷　正典,174.1,174 .1,False,1,1,True,61.0,61,True,1,年度|所属球団|登板|勝利|敗北|セーブ|H|HP|完投|完封勝|無四球|勝率|打者|投球回|安打|本塁打|四球|死球|三振|暴投|ボーク|失点|自責点|防御率,1953|読　売|29|11|7||||10|2|0|.611|716|174 .1|174|.1|159|14|44|1|63|0|1|61|46|2.37,_data\master_csv__rescrape_staging\pitching_1953_CL_from_master.csv,2
1953,41743801,大友　工,281.1,281 .1,False,1,1,True,65.0,65,True,1,年度|所属球団|登板|勝利|敗北|セーブ|H|HP|完投|完封勝|無四球|勝率|打者|投球回|安打|本塁打|四球|死球|三振|暴投|ボーク|失点|自責点|防御率,1953|読　売|43|27|6||||22|3|4|.818|1076|281 .1|281|.1|199|13|63|1|173|1|1|65|58|1.85,_data\master_csv__rescrape_staging\pitching_1953_CL_from_master.csv,4
1953,01703878,中尾　碩志,181.2,181 .2,False,0,0,True,76.0,76,True,1,年度|所属球団|登板|勝利|敗北|セーブ|H|HP|完投|完封勝|無四球|勝率|打者|投球回|安打|本塁打|四球|死球|三振|暴投|ボーク|失点|自責点|防御率,1953|読　売|34|14|8||||6|2|0|.636|734|181 .2|181|.2|157|5|40|2|68|0|0|76|55|2.72,_data\master_csv__rescrape_staging\pitching_1953_CL_from_master.csv,8
1953,81783895,藤本　英雄,198.2,198 .2,False,0,0,True,60.0,60,True,1,年度|所属球団|登板|勝利|敗北|セーブ|H|HP|完投|完封勝|無四球|勝率|打者|投球回|安打|本塁打|四球|死球|三振|暴投|ボーク|失点|自責点|防御率,1953|読　売|29|17|6||||13|3|7|.739|777|198 .2|198|.2|166|9|30|1|73|0|0|60|46|2.08,_data\master_csv__rescrape_staging\pitching_1953_CL_from_master.csv,9
1953,31933895,別所　毅彦,191.1,191 .1,False,0,0,True,70.0,70,True,1,年度|所属球団|登板|勝利|敗北|セーブ|H|HP|完投|完封勝|無四球|勝率|打者|投球回|安打|本塁打|四球|死球|三振|暴投|ボーク|失点|自責点|防御率,1953|読　売|32|16|8||||16|4|1|.667|781|191 .1|191|.1|179|10|43|5|75|3|0|70|56|2.63,_data\master_csv__rescrape_staging\pitching_1953_CL_from_master.csv,10
1953,31133898,阿部　八郎,148.1,148 .1,False,0,0,True,38.0,38,True,1,年度|所属球団|登板|勝利|敗北|セーブ|H|HP|完投|完封勝|無四球|勝率|打者|投球回|安打|本塁打|四球|死球|三振|暴投|ボーク|失点|自責点|防御率,1953|阪　急|23|11|4||||8|2|0|.733|594|148 .1|148|.1|121|6|41|2|90|3|0|38|31|1.87,_data\master_csv__rescrape_staging\pitching_1953_PL_from_master.csv,2
1953,01103894,池田　善蔵,125.0,125,True,1,1,True,50.0,50,True,1,年度|所属球団|登板|勝利|敗北|セーブ|H|HP|完投|完封勝|無四球|勝率|打者|投球回|安打|本塁打|四球|死球|三振|暴投|ボーク|失点|自責点|防御率,1953|阪　急|33|4|9||||1|0|0|.308|521|125|125||113|5|40|0|42|4|1|50|42|3.02,_data\master_csv__rescrape_staging\pitching_1953_PL_from_master.csv,4
1953,41743807,Ｒ．ゲインズ,220.2,220 .2,False,1,1,True,76.0,76,True,1,年度|所属球団|登板|勝利|敗北|セーブ|H|HP|完投|完封勝|無四球|勝率|打者|投球回|安打|本塁打|四球|死球|三振|暴投|ボーク|失点|自責点|防御率,1953|阪　急|36|14|9||||14|4|2|.609|904|220 .2|220|.2|184|9|94|0|142|5|1|76|62|2.52,_data\master_csv__rescrape_staging\pitching_1953_PL_from_master.csv,6
1953,41443801,佐藤　平七,75.0,75,True,0,0,True,29.0,29,True,1,年度|所属球団|登板|勝利|敗北|セーブ|H|HP|完投|完封勝|無四球|勝率|打者|投球回|安打|本塁打|四球|死球|三振|暴投|ボーク|失点|自責点|防御率,1953|阪　急|22|4|4||||3|0|2|.500|321|75|75||74|1|25|2|28|2|0|29|20|2.40,_data\master_csv__rescrape_staging\pitching_1953_PL_from_master.csv,7
1953,01603801,柴田　英治,209.2,209 .2,False,0,0,True,86.0,86,True,1,年度|所属球団|登板|勝利|敗北|セーブ|H|HP|完投|完封勝|無四球|勝率|打者|投球回|安打|本塁打|四球|死球|三振|暴投|ボーク|失点|自責点|防御率,1953|阪　急|43|17|13||||8|2|2|.567|865|209 .2|209|.2|214|12|40|3|98|1|0|86|71|3.04,_data\master_csv__rescrape_staging\pitching_1953_PL_from_master.csv,8
1954,41143805,入谷　正典,115.0,115,True,0,0,True,41.0,41,True,1,年度|所属球団|登板|勝利|敗北|セーブ|H|HP|完投|完封勝|無四球|勝率|打者|投球回|安打|本塁打|四球|死球|三振|暴投|ボーク|失点|自責点|防御率,1954|読　売|23|7|6||||5|2|1|.538|458|115|115||105|7|18|1|45|0|0|41|30|2.35,_data\master_csv__rescrape_staging\pitching_1954_CL_from_master.csv,2
1954,41743801,大友　工,278.2,278 .2,False,0,0,True,63.0,63,True,1,年度|所属球団|登板|勝利|敗北|セーブ|H|HP|完投|完封勝|無四球|勝率|打者|投球回|安打|本塁打|四球|死球|三振|暴投|ボーク|失点|自責点|防御率,1954|読　売|48|21|15||||17|5|4|.583|1081|278 .2|278|.2|202|13|62|9|199|0|0|63|52|1.68,_data\master_csv__rescrape_staging\pitching_1954_CL_from_master.csv,3
1954,01503807,笠原　正行,115.0,115,True,1,1,True,60.0,60,True,1,年度|所属球団|登板|勝利|敗北|セーブ|H|HP|完投|完封勝|無四球|勝率|打者|投球回|安打|本塁打|四球|死球|三振|暴投|ボーク|失点|自責点|防御率,1954|読　売|30|9|4||||3|2|0|.692|503|115|115||128|7|41|5|28|3|1|60|46|3.60,_data\master_csv__rescrape_staging\pitching_1954_CL_from_master.csv,4
1954,01703878,中尾　碩志,187.2,187 .2,False,0,0,True,63.0,63,True,1,年度|所属球団|登板|勝利|敗北|セーブ|H|HP|完投|完封勝|無四球|勝率|打者|投球回|安打|本塁打|四球|死球|三振|暴投|ボーク|失点|自責点|防御率,1954|読　売|37|15|5||||8|4|1|.750|743|187 .2|187|.2|161|12|44|5|76|2|0|63|54|2.59,_data\master_csv__rescrape_staging\pitching_1954_CL_from_master.csv,6
1954,31933895,別所　毅彦,330.0,330,True,0,0,True,84.0,84,True,1,年度|所属球団|登板|勝利|敗北|セーブ|H|HP|完投|完封勝|無四球|勝率|打者|投球回|安打|本塁打|四球|死球|三振|暴投|ボーク|失点|自責点|防御率,1954|読　売|50|26|12||||23|6|7|.684|1279|330|330||269|13|50|6|158|0|0|84|66|1.80,_data\master_csv__rescrape_staging\pitching_1954_CL_from_master.csv,8
1954,31133898,阿部　八郎,125.1,125 .1,False,1,1,True,57.0,57,True,1,年度|所属球団|登板|勝利|敗北|セーブ|H|HP|完投|完封勝|無四球|勝率|打者|投球回|安打|本塁打|四球|死球|三振|暴投|ボーク|失点|自責点|防御率,1954|阪　急|25|6|6||||6|0|1|.500|522|125 .1|125|.1|121|8|36|1|71|2|1|57|46|3.29,_data\master_csv__rescrape_staging\pitching_1954_PL_from_master.csv,2
1954,91793809,梶本　隆夫,309.1,309 .1,False,1,1,True,112.0,112,True,1,年度|所属球団|登板|勝利|敗北|セーブ|H|HP|完投|完封勝|無四球|勝率|打者|投球回|安打|本塁打|四球|死球|三振|暴投|ボーク|失点|自責点|防御率,1954|阪　急|55|20|12||||17|2|0|.625|1300|309 .1|309|.1|266|19|118|4|228|2|1|112|94|2.73,_data\master_csv__rescrape_staging\pitching_1954_PL_from_master.csv,5
1954,51053809,国頭　光仁,29.0,29,True,0,0,True,22.0,22,True,1,年度|所属球団|登板|勝利|敗北|セーブ|H|HP|完投|完封勝|無四球|勝率|打者|投球回|安打|本塁打|四球|死球|三振|暴投|ボーク|失点|自責点|防御率,1954|阪　急|9|1|4||||0|0|0|.200|134|29|29||25|2|23|2|11|0|0|22|19|5.90,_data\master_csv__rescrape_staging\pitching_1954_PL_from_master.csv,7
1954,01603801,柴田　英治,234.2,234 .2,False,1,1,True,85.0,85,True,1,年度|所属球団|登板|勝利|敗北|セーブ|H|HP|完投|完封勝|無四球|勝率|打者|投球回|安打|本塁打|四球|死球|三振|暴投|ボーク|失点|自責点|防御率,1954|阪　急|46|17|16||||8|4|1|.515|946|234 .2|234|.2|196|11|57|8|117|1|1|85|67|2.57,_data\master_csv__rescrape_staging\pitching_1954_PL_from_master.csv,9
1954,21523803,鈴木　幸雄,150.1,150 .1,False,1,1,True,60.0,60,True,1,年度|所属球団|登板|勝利|敗北|セーブ|H|HP|完投|完封勝|無四球|勝率|打者|投球回|安打|本塁打|四球|死球|三振|暴投|ボーク|失点|自責点|防御率,1954|阪　急|31|5|7||||6|2|1|.417|612|150 .1|150|.1|127|12|42|4|79|0|1|60|54|3.22,_data\master_csv__rescrape_staging\pitching_1954_PL_from_master.csv,10
1955,41743801,大友　工,303.2,303 .2,False,0,0,True,73.0,73,True,1,年度|所属球団|登板|勝利|敗北|セーブ|H|HP|完投|完封勝|無四球|勝率|打者|投球回|安打|本塁打|四球|死球|三振|暴投|ボーク|失点|自責点|防御率,1955|読　売|42|30|6||||25|7|3|.833|1164|303 .2|303|.2|213|15|54|9|206|0|0|73|59|1.75,_data\master_csv__rescrape_staging\pitching_1955_CL_from_master.csv,4
1955,01703878,中尾　碩志,183.0,183,True,0,0,True,54.0,54,True,1,年度|所属球団|登板|勝利|敗北|セーブ|H|HP|完投|完封勝|無四球|勝率|打者|投球回|安打|本塁打|四球|死球|三振|暴投|ボーク|失点|自責点|防御率,1955|読　売|31|16|9||||7|1|3|.640|722|183|183||149|11|44|5|81|0|0|54|43|2.11,_data\master_csv__rescrape_staging\pitching_1955_CL_from_master.csv,6
1955,31933895,別所　毅彦,312.0,312,True,0,0,True,65.0,65,True,1,年度|所属球団|登板|勝利|敗北|セーブ|H|HP|完投|完封勝|無四球|勝率|打者|投球回|安打|本塁打|四球|死球|三振|暴投|ボーク|失点|自責点|防御率,1955|読　売|50|23|8||||17|7|5|.742|1197|312|312||241|12|45|2|152|1|0|65|46|1.33,_data\master_csv__rescrape_staging\pitching_1955_CL_from_master.csv,9
1955,53353809,安原　達佳,195.1,195 .1,False,0,0,True,48.0,48,True,1,年度|所属球団|登板|勝利|敗北|セーブ|H|HP|完投|完封勝|無四球|勝率|打者|投球回|安打|本塁打|四球|死球|三振|暴投|ボーク|失点|自責点|防御率,1955|読　売|37|12|8||||8|4|1|.600|777|195 .1|195|.1|144|11|64|3|98|3|0|48|38|1.74,_data\master_csv__rescrape_staging\pitching_1955_CL_from_master.csv,13
1955,11513807,大崎　三男,182.2,182 .2,False,0,0,True,77.0,77,True,1,年度|所属球団|登板|勝利|敗北|セーブ|H|HP|完投|完封勝|無四球|勝率|打者|投球回|安打|本塁打|四球|死球|三振|暴投|ボーク|失点|自責点|防御率,1955|阪　神|39|8|13||||3|1|1|.381|750|182 .2|182|.2|166|7|40|7|76|1|0|77|61|3.00,_data\master_csv__rescrape_staging\pitching_1955_CL_from_master.csv,16
1955,31133898,阿部　八郎,212.2,212 .2,False,1,1,True,74.0,74,True,1,年度|所属球団|登板|勝利|敗北|セーブ|H|HP|完投|完封勝|無四球|勝率|打者|投球回|安打|本塁打|四球|死球|三振|暴投|ボーク|失点|自責点|防御率,1955|阪　急|46|15|11||||10|2|0|.577|874|212 .2|212|.2|172|10|85|3|124|0|1|74|52|2.20,_data\master_csv__rescrape_staging\pitching_1955_PL_from_master.csv,2
1955,91793809,梶本　隆夫,273.1,273 .1,False,1,1,True,104.0,104,True,1,年度|所属球団|登板|勝利|敗北|セーブ|H|HP|完投|完封勝|無四球|勝率|打者|投球回|安打|本塁打|四球|死球|三振|暴投|ボーク|失点|自責点|防御率,1955|阪　急|49|18|14||||19|6|2|.563|1112|273 .1|273|.1|232|10|84|4|222|4|1|104|87|2.86,_data\master_csv__rescrape_staging\pitching_1955_PL_from_master.csv,3
1955,01603801,柴田　英治,235.2,235 .2,False,0,0,True,78.0,78,True,1,年度|所属球団|登板|勝利|敗北|セーブ|H|HP|完投|完封勝|無四球|勝率|打者|投球回|安打|本塁打|四球|死球|三振|暴投|ボーク|失点|自責点|防御率,1955|阪　急|50|17|8||||3|0|2|.680|946|235 .2|235|.2|219|4|39|5|111|0|0|78|67|2.56,_data\master_csv__rescrape_staging\pitching_1955_PL_from_master.csv,6
1955,21523803,鈴木　幸雄,48.0,48,True,0,0,True,25.0,25,True,1,年度|所属球団|登板|勝利|敗北|セーブ|H|HP|完投|完封勝|無四球|勝率|打者|投球回|安打|本塁打|四球|死球|三振|暴投|ボーク|失点|自責点|防御率,1955|阪　急|19|2|2||||0|0|0|.500|199|48|48||42|6|15|0|15|0|0|25|23|4.31,_data\master_csv__rescrape_staging\pitching_1955_PL_from_master.csv,7
1955,91293800,Ａ．スピアマン,138.0,138,True,2,2,True,46.0,46,True,1,年度|所属球団|登板|勝利|敗北|セーブ|H|HP|完投|完封勝|無四球|勝率|打者|投球回|安打|本塁打|四球|死球|三振|暴投|ボーク|失点|自責点|防御率,1955|阪　急|31|9|8||||2|1|0|.529|567|138|138||115|3|54|2|79|4|2|46|39|2.54,_data\master_csv__rescrape_staging\pitching_1955_PL_from_master.csv,8
1956,41743801,大友　工,155.0,155,True,0,0,True,33.0,33,True,1,年度|所属球団|登板|勝利|敗北|セーブ|H|HP|完投|完封勝|無四球|勝率|打者|投球回|安打|本塁打|四球|死球|三振|暴投|ボーク|失点|自責点|防御率,1956|読　売|29|12|7||||6|2|1|.632|585|155|155||100|8|32|1|84|1|0|33|28|1.63,_data\master_csv__rescrape_staging\pitching_1956_CL_from_master.csv,4
1956,51753802,木戸　美摸,73.1,73 .1,False,0,0,True,24.0,24,True,1,年度|所属球団|登板|勝利|敗北|セーブ|H|HP|完投|完封勝|無四球|勝率|打者|投球回|安打|本塁打|四球|死球|三振|暴投|ボーク|失点|自責点|防御率,1956|読　売|25|3|1||||1|1|0|.750|277|73 .1|73|.1|57|8|11|0|20|2|0|24|22|2.68,_data\master_csv__rescrape_staging\pitching_1956_CL_from_master.csv,5
1956,01703878,中尾　碩志,93.2,93 .2,False,0,0,True,29.0,29,True,1,年度|所属球団|登板|勝利|敗北|セーブ|H|HP|完投|完封勝|無四球|勝率|打者|投球回|安打|本塁打|四球|死球|三振|暴投|ボーク|失点|自責点|防御率,1956|読　売|29|5|7||||3|2|0|.417|400|93 .2|93|.2|92|4|28|3|41|1|0|29|21|2.01,_data\master_csv__rescrape_staging\pitching_1956_CL_from_master.csv,8
1956,31933895,別所　毅彦,340.1,340 .1,False,0,0,True,90.0,90,True,1,年度|所属球団|登板|勝利|敗北|セーブ|H|HP|完投|完封勝|無四球|勝率|打者|投球回|安打|本塁打|四球|死球|三振|暴投|ボーク|失点|自責点|防御率,1956|読　売|54|27|15||||26|5|9|.643|1327|340 .1|340|.1|282|11|60|5|185|0|0|90|73|1.93,_data\master_csv__rescrape_staging\pitching_1956_CL_from_master.csv,9
1956,23323800,堀内　庄,190.2,190 .2,False,0,0,True,34.0,34,True,1,年度|所属球団|登板|勝利|敗北|セーブ|H|HP|完投|完封勝|無四球|勝率|打者|投球回|安打|本塁打|四球|死球|三振|暴投|ボーク|失点|自責点|防御率,1956|読　売|37|14|4||||7|4|2|.778|742|190 .2|190|.2|125|7|63|2|143|1|0|34|31|1.46,_data\master_csv__rescrape_staging\pitching_1956_CL_from_master.csv,10
1956,31133898,阿部　八郎,191.2,191 .2,False,0,0,True,60.0,60,True,1,年度|所属球団|登板|勝利|敗北|セーブ|H|HP|完投|完封勝|無四球|勝率|打者|投球回|安打|本塁打|四球|死球|三振|暴投|ボーク|失点|自責点|防御率,1956|阪　急|44|14|12||||6|2|2|.538|775|191 .2|191|.2|172|8|51|0|108|2|0|60|53|2.48,_data\master_csv__rescrape_staging\pitching_1956_PL_from_master.csv,2
1956,91793809,梶本　隆夫,364.1,364 .1,False,0,0,True,110.0,110,True,1,年度|所属球団|登板|勝利|敗北|セーブ|H|HP|完投|完封勝|無四球|勝率|打者|投球回|安打|本塁打|四球|死球|三振|暴投|ボーク|失点|自責点|防御率,1956|阪　急|68|28|17||||20|5|2|.622|1478|364 .1|364|.1|284|13|118|12|327|5|0|110|91|2.24,_data\master_csv__rescrape_staging\pitching_1956_PL_from_master.csv,5
1956,01603801,柴田　英治,192.2,192 .2,False,0,0,True,67.0,67,True,1,年度|所属球団|登板|勝利|敗北|セーブ|H|HP|完投|完封勝|無四球|勝率|打者|投球回|安打|本塁打|四球|死球|三振|暴投|ボーク|失点|自責点|防御率,1956|阪　急|44|12|8||||2|2|0|.600|768|192 .2|192|.2|177|8|31|4|77|0|0|67|54|2.52,_data\master_csv__rescrape_staging\pitching_1956_PL_from_master.csv,8
1956,61563803,種田　弘,242.2,242 .2,False,1,1,True,60.0,60,True,1,年度|所属球団|登板|勝利|敗北|セーブ|H|HP|完投|完封勝|無四球|勝率|打者|投球回|安打|本塁打|四球|死球|三振|暴投|ボーク|失点|自責点|防御率,1956|阪　急|41|17|8||||10|4|5|.680|941|242 .2|242|.2|178|7|35|4|95|0|1|60|42|1.56,_data\master_csv__rescrape_staging\pitching_1956_PL_from_master.csv,10
1956,63963801,原田　孝一,86.2,86 .2,False,0,0,True,41.0,41,True,1,年度|所属球団|登板|勝利|敗北|セーブ|H|HP|完投|完封勝|無四球|勝率|打者|投球回|安打|本塁打|四球|死球|三振|暴投|ボーク|失点|自責点|防御率,1956|阪　急|27|5|3||||2|0|0|.625|375|86 .2|86|.2|88|3|27|1|35|1|0|41|32|3.31,_data\master_csv__rescrape_staging\pitching_1956_PL_from_master.csv,11
1957,41743801,大友　工,81.0,81,True,0,0,True,39.0,39,True,1,年度|所属球団|登板|勝利|敗北|セーブ|H|HP|完投|完封勝|無四球|勝率|打者|投球回|安打|本塁打|四球|死球|三振|暴投|ボーク|失点|自責点|防御率,1957|読　売|21|5|4||||3|2|2|.556|327|81|81||78|10|13|3|46|0|0|39|35|3.89,_data\master_csv__rescrape_staging\pitching_1957_CL_from_master.csv,2
1957,51753802,木戸　美摸,202.0,202,True,0,0,True,71.0,71,True,1,年度|所属球団|登板|勝利|敗北|セーブ|H|HP|完投|完封勝|無四球|勝率|打者|投球回|安打|本塁打|四球|死球|三振|暴投|ボーク|失点|自責点|防御率,1957|読　売|44|17|7||||5|0|0|.708|808|202|202||155|16|50|6|134|3|0|71|53|2.36,_data\master_csv__rescrape_staging\pitching_1957_CL_from_master.csv,3
1957,51053800,後藤　修,80.1,80 .1,False,1,1,True,29.0,29,True,1,年度|所属球団|登板|勝利|敗北|セーブ|H|HP|完投|完封勝|無四球|勝率|打者|投球回|安打|本塁打|四球|死球|三振|暴投|ボーク|失点|自責点|防御率,1957|読　売|26|2|3||||1|0|0|.400|329|80 .1|80|.1|67|12|27|2|61|0|1|29|27|3.00,_data\master_csv__rescrape_staging\pitching_1957_CL_from_master.csv,4
1957,41243804,藤田　元司,235.2,235 .2,False,0,0,True,86.0,86,True,1,年度|所属球団|登板|勝利|敗北|セーブ|H|HP|完投|完封勝|無四球|勝率|打者|投球回|安打|本塁打|四球|死球|三振|暴投|ボーク|失点|自責点|防御率,1957|読　売|60|17|13||||4|0|0|.567|964|235 .2|235|.2|190|10|80|5|156|7|0|86|65|2.48,_data\master_csv__rescrape_staging\pitching_1957_CL_from_master.csv,10
1957,31933895,別所　毅彦,219.2,219 .2,False,0,0,True,81.0,81,True,1,年度|所属球団|登板|勝利|敗北|セーブ|H|HP|完投|完封勝|無四球|勝率|打者|投球回|安打|本塁打|四球|死球|三振|暴投|ボーク|失点|自責点|防御率,1957|読　売|40|14|11||||13|4|3|.560|885|219 .2|219|.2|205|9|45|8|100|5|0|81|61|2.50,_data\master_csv__rescrape_staging\pitching_1957_CL_from_master.csv,11
1957,31133898,阿部　八郎,122.2,122 .2,False,0,0,True,46.0,46,True,1,年度|所属球団|登板|勝利|敗北|セーブ|H|HP|完投|完封勝|無四球|勝率|打者|投球回|安打|本塁打|四球|死球|三振|暴投|ボーク|失点|自責点|防御率,1957|阪　急|28|6|8||||7|4|2|.429|508|122 .2|122|.2|121|4|30|0|61|1|0|46|42|3.07,_data\master_csv__rescrape_staging\pitching_1957_PL_from_master.csv,2
1957,91193802,秋本　祐作,57.0,57,True,0,0,True,30.0,30,True,1,年度|所属球団|登板|勝利|敗北|セーブ|H|HP|完投|完封勝|無四球|勝率|打者|投球回|安打|本塁打|四球|死球|三振|暴投|ボーク|失点|自責点|防御率,1957|阪　急|22|2|2||||0|0|0|.500|234|57|57||49|3|20|3|39|0|0|30|25|3.95,_data\master_csv__rescrape_staging\pitching_1957_PL_from_master.csv,3
1957,91793809,梶本　隆夫,337.1,337 .1,False,0,0,True,95.0,95,True,1,年度|所属球団|登板|勝利|敗北|セーブ|H|HP|完投|完封勝|無四球|勝率|打者|投球回|安打|本塁打|四球|死球|三振|暴投|ボーク|失点|自責点|防御率,1957|阪　急|53|24|16||||26|7|4|.600|1328|337 .1|337|.1|259|13|92|4|301|5|0|95|72|1.92,_data\master_csv__rescrape_staging\pitching_1957_PL_from_master.csv,4
1957,01603801,柴田　英治,112.2,112 .2,False,0,0,True,47.0,47,True,1,年度|所属球団|登板|勝利|敗北|セーブ|H|HP|完投|完封勝|無四球|勝率|打者|投球回|安打|本塁打|四球|死球|三振|暴投|ボーク|失点|自責点|防御率,1957|阪　急|37|4|4||||2|0|0|.500|465|112 .2|112|.2|108|5|25|1|47|2|0|47|41|3.27,_data\master_csv__rescrape_staging\pitching_1957_PL_from_master.csv,7
1957,61563803,種田　弘,149.1,149 .1,False,0,0,True,45.0,45,True,1,年度|所属球団|登板|勝利|敗北|セーブ|H|HP|完投|完封勝|無四球|勝率|打者|投球回|安打|本塁打|四球|死球|三振|暴投|ボーク|失点|自責点|防御率,1957|阪　急|36|8|7||||6|2|1|.533|592|149 .1|149|.1|139|4|21|2|66|0|0|45|33|1.98,_data\master_csv__rescrape_staging\pitching_1957_PL_from_master.csv,9
1958,51753802,木戸　美摸,32.2,32 .2,False,1,1,True,24.0,24,True,1,年度|所属球団|登板|勝利|敗北|セーブ|H|HP|完投|完封勝|無四球|勝率|打者|投球回|安打|本塁打|四球|死球|三振|暴投|ボーク|失点|自責点|防御率,1958|読　売|13|1|3||||0|0|0|.250|140|32 .2|32|.2|37|3|8|1|14|0|1|24|20|5.45,_data\master_csv__rescrape_staging\pitching_1958_CL_from_master.csv,3
1958,41243804,藤田　元司,359.0,359,True,0,0,True,75.0,75,True,1,年度|所属球団|登板|勝利|敗北|セーブ|H|HP|完投|完封勝|無四球|勝率|打者|投球回|安打|本塁打|四球|死球|三振|暴投|ボーク|失点|自責点|防御率,1958|読　売|58|29|13||||24|7|1|.690|1380|359|359||251|11|114|5|199|11|0|75|61|1.53,_data\master_csv__rescrape_staging\pitching_1958_CL_from_master.csv,8
1958,31933895,別所　毅彦,126.1,126 .1,False,0,0,True,47.0,47,True,1,年度|所属球団|登板|勝利|敗北|セーブ|H|HP|完投|完封勝|無四球|勝率|打者|投球回|安打|本塁打|四球|死球|三振|暴投|ボーク|失点|自責点|防御率,1958|読　売|26|9|5||||5|1|1|.643|508|126 .1|126|.1|111|8|33|1|42|0|0|47|36|2.55,_data\master_csv__rescrape_staging\pitching_1958_CL_from_master.csv,9
1958,23323800,堀内　庄,223.2,223 .2,False,0,0,True,78.0,78,True,1,年度|所属球団|登板|勝利|敗北|セーブ|H|HP|完投|完封勝|無四球|勝率|打者|投球回|安打|本塁打|四球|死球|三振|暴投|ボーク|失点|自責点|防御率,1958|読　売|43|14|13||||8|2|1|.519|903|223 .2|223|.2|173|12|73|1|218|7|0|78|69|2.77,_data\master_csv__rescrape_staging\pitching_1958_CL_from_master.csv,10
1958,53353809,安原　達佳,189.2,189 .2,False,0,0,True,65.0,65,True,1,年度|所属球団|登板|勝利|敗北|セーブ|H|HP|完投|完封勝|無四球|勝率|打者|投球回|安打|本塁打|四球|死球|三振|暴投|ボーク|失点|自責点|防御率,1958|読　売|39|14|10||||7|3|3|.583|743|189 .2|189|.2|151|17|30|3|97|5|0|65|57|2.70,_data\master_csv__rescrape_staging\pitching_1958_CL_from_master.csv,11
1958,31133898,阿部　八郎,82.1,82 .1,False,1,1,True,28.0,28,True,1,年度|所属球団|登板|勝利|敗北|セーブ|H|HP|完投|完封勝|無四球|勝率|打者|投球回|安打|本塁打|四球|死球|三振|暴投|ボーク|失点|自責点|防御率,1958|阪　急|22|6|8||||2|1|0|.429|334|82 .1|82|.1|82|3|18|0|27|1|1|28|27|2.93,_data\master_csv__rescrape_staging\pitching_1958_PL_from_master.csv,2
1958,91193802,秋本　祐作,205.0,205,True,0,0,True,54.0,54,True,1,年度|所属球団|登板|勝利|敗北|セーブ|H|HP|完投|完封勝|無四球|勝率|打者|投球回|安打|本塁打|四球|死球|三振|暴投|ボーク|失点|自責点|防御率,1958|阪　急|48|14|4||||7|2|2|.778|805|205|205||173|3|48|3|109|0|0|54|43|1.89,_data\master_csv__rescrape_staging\pitching_1958_PL_from_master.csv,3
1958,91793809,梶本　隆夫,265.0,265,True,0,0,True,98.0,98,True,1,年度|所属球団|登板|勝利|敗北|セーブ|H|HP|完投|完封勝|無四球|勝率|打者|投球回|安打|本塁打|四球|死球|三振|暴投|ボーク|失点|自責点|防御率,1958|阪　急|44|16|18||||15|3|3|.471|1078|265|265||232|18|79|5|186|4|0|98|88|2.99,_data\master_csv__rescrape_staging\pitching_1958_PL_from_master.csv,5
1958,61563803,種田　弘,131.0,131,True,0,0,True,54.0,54,True,1,年度|所属球団|登板|勝利|敗北|セーブ|H|HP|完投|完封勝|無四球|勝率|打者|投球回|安打|本塁打|四球|死球|三振|暴投|ボーク|失点|自責点|防御率,1958|阪　急|33|3|5||||3|0|0|.375|540|131|131||137|5|29|2|55|1|0|54|44|3.02,_data\master_csv__rescrape_staging\pitching_1958_PL_from_master.csv,8
1958,71073804,西田　稔,59.1,59 .1,False,0,0,True,24.0,24,True,1,年度|所属球団|登板|勝利|敗北|セーブ|H|HP|完投|完封勝|無四球|勝率|打者|投球回|安打|本塁打|四球|死球|三振|暴投|ボーク|失点|自責点|防御率,1958|阪　急|26|6|1||||1|0|0|.857|237|59 .1|59|.1|48|2|18|0|30|1|0|24|19|2.85,_data\master_csv__rescrape_staging\pitching_1958_PL_from_master.csv,9
1959,61163808,伊藤　芳明,154.0,154,True,0,0,True,58.0,58,True,1,年度|所属球団|登板|勝利|敗北|セーブ|H|HP|完投|完封勝|無四球|勝率|打者|投球回|安打|本塁打|四球|死球|三振|暴投|ボーク|失点|自責点|防御率,1959|読　売|36|7|9||||6|4|1|.438|627|154|154||115|16|64|2|131|1|0|58|51|2.98,_data\master_csv__rescrape_staging\pitching_1959_CL_from_master.csv,2
1959,51753802,木戸　美摸,85.0,85,True,1,1,True,38.0,38,True,1,年度|所属球団|登板|勝利|敗北|セーブ|H|HP|完投|完封勝|無四球|勝率|打者|投球回|安打|本塁打|四球|死球|三振|暴投|ボーク|失点|自責点|防御率,1959|読　売|31|5|4||||0|0|0|.556|350|85|85||72|7|27|7|54|2|1|38|37|3.92,_data\master_csv__rescrape_staging\pitching_1959_CL_from_master.csv,3
1959,41243804,藤田　元司,330.0,330,True,0,0,True,76.0,76,True,1,年度|所属球団|登板|勝利|敗北|セーブ|H|HP|完投|完封勝|無四球|勝率|打者|投球回|安打|本塁打|四球|死球|三振|暴投|ボーク|失点|自責点|防御率,1959|読　売|55|27|11||||24|3|2|.711|1288|330|330||250|14|93|4|181|6|0|76|67|1.83,_data\master_csv__rescrape_staging\pitching_1959_CL_from_master.csv,8
1959,31933895,別所　毅彦,110.0,110,True,0,0,True,41.0,41,True,1,年度|所属球団|登板|勝利|敗北|セーブ|H|HP|完投|完封勝|無四球|勝率|打者|投球回|安打|本塁打|四球|死球|三振|暴投|ボーク|失点|自責点|防御率,1959|読　売|22|7|7||||3|0|0|.500|449|110|110||98|8|23|3|56|1|0|41|35|2.86,_data\master_csv__rescrape_staging\pitching_1959_CL_from_master.csv,9
1959,23323800,堀内　庄,96.2,96 .2,False,0,0,True,30.0,30,True,1,年度|所属球団|登板|勝利|敗北|セーブ|H|HP|完投|完封勝|無四球|勝率|打者|投球回|安打|本塁打|四球|死球|三振|暴投|ボーク|失点|自責点|防御率,1959|読　売|16|8|3||||7|3|2|.727|376|96 .2|96|.2|64|3|26|0|56|2|0|30|21|1.95,_data\master_csv__rescrape_staging\pitching_1959_CL_from_master.csv,10
1959,91193802,秋本　祐作,112.0,112,True,0,0,True,58.0,58,True,1,年度|所属球団|登板|勝利|敗北|セーブ|H|HP|完投|完封勝|無四球|勝率|打者|投球回|安打|本塁打|四球|死球|三振|暴投|ボーク|失点|自責点|防御率,1959|阪　急|40|3|9||||2|1|0|.250|490|112|112||128|3|37|4|68|0|0|58|51|4.10,_data\master_csv__rescrape_staging\pitching_1959_PL_from_master.csv,2
1959,51153808,安藤　治久,169.2,169 .2,False,0,0,True,70.0,70,True,1,年度|所属球団|登板|勝利|敗北|セーブ|H|HP|完投|完封勝|無四球|勝率|打者|投球回|安打|本塁打|四球|死球|三振|暴投|ボーク|失点|自責点|防御率,1959|阪　急|44|8|10||||5|0|0|.444|728|169 .2|169|.2|167|13|60|3|125|3|0|70|61|3.23,_data\master_csv__rescrape_staging\pitching_1959_PL_from_master.csv,3
1959,71173808,足立　光宏,111.2,111 .2,False,0,0,True,57.0,57,True,1,年度|所属球団|登板|勝利|敗北|セーブ|H|HP|完投|完封勝|無四球|勝率|打者|投球回|安打|本塁打|四球|死球|三振|暴投|ボーク|失点|自責点|防御率,1959|阪　急|36|4|7||||2|0|0|.364|466|111 .2|111|.2|113|4|25|3|63|0|0|57|47|3.78,_data\master_csv__rescrape_staging\pitching_1959_PL_from_master.csv,4
1959,41143806,石井　茂雄,55.2,55 .2,False,0,0,True,33.0,33,True,1,年度|所属球団|登板|勝利|敗北|セーブ|H|HP|完投|完封勝|無四球|勝率|打者|投球回|安打|本塁打|四球|死球|三振|暴投|ボーク|失点|自責点|防御率,1959|阪　急|25|0|1||||0|0|0|.000|231|55 .2|55|.2|43|8|25|0|41|0|0|33|28|4.50,_data\master_csv__rescrape_staging\pitching_1959_PL_from_master.csv,5
1959,91793809,梶本　隆夫,199.1,199 .1,False,0,0,True,86.0,86,True,1,年度|所属球団|登板|勝利|敗北|セーブ|H|HP|完投|完封勝|無四球|勝率|打者|投球回|安打|本塁打|四球|死球|三振|暴投|ボーク|失点|自責点|防御率,1959|阪　急|39|11|17||||5|2|1|.393|847|199 .1|199|.1|198|14|58|5|136|0|0|86|72|3.24,_data\master_csv__rescrape_staging\pitching_1959_PL_from_master.csv,6
1960,51153821,青木　宥明,64.2,64 .2,False,0,0,True,32.0,32,True,1,年度|所属球団|登板|勝利|敗北|セーブ|H|HP|完投|完封勝|無四球|勝率|打者|投球回|安打|本塁打|四球|死球|三振|暴投|ボーク|失点|自責点|防御率,1960|読　売|23|6|2||||1|0|0|.750|277|64 .2|64|.2|62|4|19|4|33|0|0|32|27|3.74,_data\master_csv__rescrape_staging\pitching_1960_CL_from_master.csv,2
1960,61163808,伊藤　芳明,187.2,187 .2,False,0,0,True,76.0,76,True,1,年度|所属球団|登板|勝利|敗北|セーブ|H|HP|完投|完封勝|無四球|勝率|打者|投球回|安打|本塁打|四球|死球|三振|暴投|ボーク|失点|自責点|防御率,1960|読　売|53|10|9||||5|1|0|.526|747|187 .2|187|.2|150|20|58|1|157|4|0|76|67|3.21,_data\master_csv__rescrape_staging\pitching_1960_CL_from_master.csv,3
1960,81983804,中村　稔,61.0,61,True,0,0,True,36.0,36,True,1,年度|所属球団|登板|勝利|敗北|セーブ|H|HP|完投|完封勝|無四球|勝率|打者|投球回|安打|本塁打|四球|死球|三振|暴投|ボーク|失点|自責点|防御率,1960|読　売|35|2|4||||0|0|0|.333|264|61|61||69|5|16|1|38|1|0|36|35|5.16,_data\master_csv__rescrape_staging\pitching_1960_CL_from_master.csv,9
1960,41243804,藤田　元司,141.0,141,True,0,0,True,60.0,60,True,1,年度|所属球団|登板|勝利|敗北|セーブ|H|HP|完投|完封勝|無四球|勝率|打者|投球回|安打|本塁打|四球|死球|三振|暴投|ボーク|失点|自責点|防御率,1960|読　売|36|7|12||||4|2|0|.368|592|141|141||128|12|53|1|70|4|0|60|48|3.06,_data\master_csv__rescrape_staging\pitching_1960_CL_from_master.csv,11
1960,31933895,別所　毅彦,129.1,129 .1,False,0,0,True,52.0,52,True,1,年度|所属球団|登板|勝利|敗北|セーブ|H|HP|完投|完封勝|無四球|勝率|打者|投球回|安打|本塁打|四球|死球|三振|暴投|ボーク|失点|自責点|防御率,1960|読　売|35|9|4||||3|1|1|.692|536|129 .1|129|.1|117|11|37|7|72|1|0|52|44|3.05,_data\master_csv__rescrape_staging\pitching_1960_CL_from_master.csv,13
1960,91193802,秋本　祐作,143.0,143,True,0,0,True,61.0,61,True,1,年度|所属球団|登板|勝利|敗北|セーブ|H|HP|完投|完封勝|無四球|勝率|打者|投球回|安打|本塁打|四球|死球|三振|暴投|ボーク|失点|自責点|防御率,1960|阪　急|36|6|8||||3|2|0|.429|603|143|143||140|7|45|5|100|0|0|61|54|3.40,_data\master_csv__rescrape_staging\pitching_1960_PL_from_master.csv,2
1960,51153808,安藤　治久,166.1,166 .1,False,0,0,True,78.0,78,True,1,年度|所属球団|登板|勝利|敗北|セーブ|H|HP|完投|完封勝|無四球|勝率|打者|投球回|安打|本塁打|四球|死球|三振|暴投|ボーク|失点|自責点|防御率,1960|阪　急|42|7|13||||4|2|2|.350|700|166 .1|166|.1|177|13|40|3|103|0|0|78|64|3.45,_data\master_csv__rescrape_staging\pitching_1960_PL_from_master.csv,3
1960,71173808,足立　光宏,112.1,112 .1,False,0,0,True,42.0,42,True,1,年度|所属球団|登板|勝利|敗北|セーブ|H|HP|完投|完封勝|無四球|勝率|打者|投球回|安打|本塁打|四球|死球|三振|暴投|ボーク|失点|自責点|防御率,1960|阪　急|41|4|7||||1|1|0|.364|449|112 .1|112|.1|101|6|19|3|52|1|0|42|40|3.19,_data\master_csv__rescrape_staging\pitching_1960_PL_from_master.csv,4
1960,41143806,石井　茂雄,67.1,67 .1,False,0,0,True,30.0,30,True,1,年度|所属球団|登板|勝利|敗北|セーブ|H|HP|完投|完封勝|無四球|勝率|打者|投球回|安打|本塁打|四球|死球|三振|暴投|ボーク|失点|自責点|防御率,1960|阪　急|27|2|2||||1|1|1|.500|282|67 .1|67|.1|54|3|27|0|55|1|0|30|23|3.04,_data\master_csv__rescrape_staging\pitching_1960_PL_from_master.csv,5
1960,91793809,梶本　隆夫,297.2,297 .2,False,0,0,True,97.0,97,True,1,年度|所属球団|登板|勝利|敗北|セーブ|H|HP|完投|完封勝|無四球|勝率|打者|投球回|安打|本塁打|四球|死球|三振|暴投|ボーク|失点|自責点|防御率,1960|阪　急|48|21|18||||18|4|4|.538|1228|297 .2|297|.2|266|31|82|4|171|1|0|97|84|2.54,_data\master_csv__rescrape_staging\pitching_1960_PL_from_master.csv,6
1961,61163808,伊藤　芳明,187.2,187 .2,False,1,1,True,49.0,49,True,1,年度|所属球団|登板|勝利|敗北|セーブ|H|HP|完投|完封勝|無四球|勝率|打者|投球回|安打|本塁打|四球|死球|三振|暴投|ボーク|失点|自責点|防御率,1961|読　売|51|13|6||||1|1|0|.684|778|187 .2|187|.2|146|9|83|3|166|2|1|49|44|2.11,_data\master_csv__rescrape_staging\pitching_1961_CL_from_master.csv,3
1961,81983804,中村　稔,241.0,241,True,1,1,True,69.0,69,True,1,年度|所属球団|登板|勝利|敗北|セーブ|H|HP|完投|完封勝|無四球|勝率|打者|投球回|安打|本塁打|四球|死球|三振|暴投|ボーク|失点|自責点|防御率,1961|読　売|63|17|10||||5|3|0|.630|975|241|241||202|13|63|9|142|5|1|69|57|2.13,_data\master_csv__rescrape_staging\pitching_1961_CL_from_master.csv,10
1961,41243804,藤田　元司,141.0,141,True,0,0,True,54.0,54,True,1,年度|所属球団|登板|勝利|敗北|セーブ|H|HP|完投|完封勝|無四球|勝率|打者|投球回|安打|本塁打|四球|死球|三振|暴投|ボーク|失点|自責点|防御率,1961|読　売|42|8|13||||3|1|0|.381|589|141|141||130|4|61|3|64|4|0|54|43|2.74,_data\master_csv__rescrape_staging\pitching_1961_CL_from_master.csv,12
1961,23323800,堀内　庄,76.1,76 .1,False,1,1,True,27.0,27,True,1,年度|所属球団|登板|勝利|敗北|セーブ|H|HP|完投|完封勝|無四球|勝率|打者|投球回|安打|本塁打|四球|死球|三振|暴投|ボーク|失点|自責点|防御率,1961|読　売|29|5|2||||0|0|0|.714|303|76 .1|76|.1|64|5|19|1|34|1|1|27|26|3.04,_data\master_csv__rescrape_staging\pitching_1961_CL_from_master.csv,13
1961,11213821,堀本　律雄,179.1,179 .1,False,0,0,True,68.0,68,True,1,年度|所属球団|登板|勝利|敗北|セーブ|H|HP|完投|完封勝|無四球|勝率|打者|投球回|安打|本塁打|四球|死球|三振|暴投|ボーク|失点|自責点|防御率,1961|読　売|40|11|12||||7|2|0|.478|751|179 .1|179|.1|156|15|73|5|93|1|0|68|62|3.10,_data\master_csv__rescrape_staging\pitching_1961_CL_from_master.csv,14
1961,91193802,秋本　祐作,161.0,161,True,0,0,True,75.0,75,True,1,年度|所属球団|登板|勝利|敗北|セーブ|H|HP|完投|完封勝|無四球|勝率|打者|投球回|安打|本塁打|四球|死球|三振|暴投|ボーク|失点|自責点|防御率,1961|阪　急|44|6|10||||3|0|0|.375|669|161|161||163|9|37|2|81|0|0|75|68|3.80,_data\master_csv__rescrape_staging\pitching_1961_PL_from_master.csv,2
1961,51153808,安藤　治久,153.1,153 .1,False,0,0,True,60.0,60,True,1,年度|所属球団|登板|勝利|敗北|セーブ|H|HP|完投|完封勝|無四球|勝率|打者|投球回|安打|本塁打|四球|死球|三振|暴投|ボーク|失点|自責点|防御率,1961|阪　急|47|6|7||||2|1|0|.462|639|153 .1|153|.1|154|7|41|3|97|1|0|60|48|2.81,_data\master_csv__rescrape_staging\pitching_1961_PL_from_master.csv,3
1961,71173808,足立　光宏,62.0,62,True,0,0,True,33.0,33,True,1,年度|所属球団|登板|勝利|敗北|セーブ|H|HP|完投|完封勝|無四球|勝率|打者|投球回|安打|本塁打|四球|死球|三振|暴投|ボーク|失点|自責点|防御率,1961|阪　急|27|1|4||||0|0|0|.200|267|62|62||71|7|11|2|37|0|0|33|28|4.06,_data\master_csv__rescrape_staging\pitching_1961_PL_from_master.csv,4
1961,41143806,石井　茂雄,26.2,26 .2,False,0,0,True,20.0,20,True,1,年度|所属球団|登板|勝利|敗北|セーブ|H|HP|完投|完封勝|無四球|勝率|打者|投球回|安打|本塁打|四球|死球|三振|暴投|ボーク|失点|自責点|防御率,1961|阪　急|11|1|1||||0|0|0|.500|119|26 .2|26|.2|31|5|7|0|9|1|0|20|16|5.33,_data\master_csv__rescrape_staging\pitching_1961_PL_from_master.csv,6
1961,91793809,梶本　隆夫,269.2,269 .2,False,0,0,True,108.0,108,True,1,年度|所属球団|登板|勝利|敗北|セーブ|H|HP|完投|完封勝|無四球|勝率|打者|投球回|安打|本塁打|四球|死球|三振|暴投|ボーク|失点|自責点|防御率,1961|阪　急|54|17|23||||17|3|4|.425|1105|269 .2|269|.2|261|25|56|2|141|1|0|108|84|2.80,_data\master_csv__rescrape_staging\pitching_1961_PL_from_master.csv,7
1962,61163808,伊藤　芳明,123.0,123,True,1,1,True,44.0,44,True,1,年度|所属球団|登板|勝利|敗北|セーブ|H|HP|完投|完封勝|無四球|勝率|打者|投球回|安打|本塁打|四球|死球|三振|暴投|ボーク|失点|自責点|防御率,1962|読　売|39|4|5||||3|1|0|.444|520|123|123||108|9|55|2|96|5|1|44|37|2.71,_data\master_csv__rescrape_staging\pitching_1962_CL_from_master.csv,2
1962,51053825,城之内　邦雄,280.2,280 .2,False,0,0,True,78.0,78,True,1,年度|所属球団|登板|勝利|敗北|セーブ|H|HP|完投|完封勝|無四球|勝率|打者|投球回|安打|本塁打|四球|死球|三振|暴投|ボーク|失点|自責点|防御率,1962|読　売|56|24|12||||14|5|2|.667|1091|280 .2|280|.2|207|11|62|8|173|3|0|78|69|2.21,_data\master_csv__rescrape_staging\pitching_1962_CL_from_master.csv,4
1962,81983804,中村　稔,212.1,212 .1,False,0,0,True,59.0,59,True,1,年度|所属球団|登板|勝利|敗北|セーブ|H|HP|完投|完封勝|無四球|勝率|打者|投球回|安打|本塁打|四球|死球|三振|暴投|ボーク|失点|自責点|防御率,1962|読　売|52|9|12||||6|2|1|.429|819|212 .1|212|.1|150|14|54|7|133|0|0|59|54|2.28,_data\master_csv__rescrape_staging\pitching_1962_CL_from_master.csv,7
1962,41243804,藤田　元司,199.2,199 .2,False,0,0,True,55.0,55,True,1,年度|所属球団|登板|勝利|敗北|セーブ|H|HP|完投|完封勝|無四球|勝率|打者|投球回|安打|本塁打|四球|死球|三振|暴投|ボーク|失点|自責点|防御率,1962|読　売|42|13|11||||6|2|1|.542|805|199 .2|199|.2|165|9|58|4|103|5|0|55|45|2.03,_data\master_csv__rescrape_staging\pitching_1962_CL_from_master.csv,8
1962,23323800,堀内　庄,112.2,112 .2,False,0,0,True,29.0,29,True,1,年度|所属球団|登板|勝利|敗北|セーブ|H|HP|完投|完封勝|無四球|勝率|打者|投球回|安打|本塁打|四球|死球|三振|暴投|ボーク|失点|自責点|防御率,1962|読　売|35|6|8||||1|0|1|.429|430|112 .2|112|.2|74|5|27|1|83|2|0|29|21|1.67,_data\master_csv__rescrape_staging\pitching_1962_CL_from_master.csv,9
1962,91193802,秋本　祐作,81.1,81 .1,False,0,0,True,48.0,48,True,1,年度|所属球団|登板|勝利|敗北|セーブ|H|HP|完投|完封勝|無四球|勝率|打者|投球回|安打|本塁打|四球|死球|三振|暴投|ボーク|失点|自責点|防御率,1962|阪　急|30|2|7||||2|0|0|.222|359|81 .1|81|.1|96|7|20|0|56|0|0|48|37|4.06,_data\master_csv__rescrape_staging\pitching_1962_PL_from_master.csv,3
1962,51153808,安藤　治久,120.1,120 .1,False,0,0,True,61.0,61,True,1,年度|所属球団|登板|勝利|敗北|セーブ|H|HP|完投|完封勝|無四球|勝率|打者|投球回|安打|本塁打|四球|死球|三振|暴投|ボーク|失点|自責点|防御率,1962|阪　急|36|7|11||||4|2|0|.389|517|120 .1|120|.1|130|9|32|4|52|1|0|61|53|3.94,_data\master_csv__rescrape_staging\pitching_1962_PL_from_master.csv,4
1962,71173808,足立　光宏,123.2,123 .2,False,0,0,True,32.0,32,True,1,年度|所属球団|登板|勝利|敗北|セーブ|H|HP|完投|完封勝|無四球|勝率|打者|投球回|安打|本塁打|四球|死球|三振|暴投|ボーク|失点|自責点|防御率,1962|阪　急|39|8|4||||4|4|2|.667|483|123 .2|123|.2|92|8|22|1|94|0|0|32|27|1.96,_data\master_csv__rescrape_staging\pitching_1962_PL_from_master.csv,5
1962,41143806,石井　茂雄,147.1,147 .1,False,0,0,True,75.0,75,True,1,年度|所属球団|登板|勝利|敗北|セーブ|H|HP|完投|完封勝|無四球|勝率|打者|投球回|安打|本塁打|四球|死球|三振|暴投|ボーク|失点|自責点|防御率,1962|阪　急|47|4|9||||1|0|0|.308|622|147 .1|147|.1|137|8|52|5|98|1|0|75|70|4.26,_data\master_csv__rescrape_staging\pitching_1962_PL_from_master.csv,6
1962,91793809,梶本　隆夫,235.2,235 .2,False,0,0,True,103.0,103,True,1,年度|所属球団|登板|勝利|敗北|セーブ|H|HP|完投|完封勝|無四球|勝率|打者|投球回|安打|本塁打|四球|死球|三振|暴投|ボーク|失点|自責点|防御率,1962|阪　急|50|14|15||||12|0|0|.483|983|235 .2|235|.2|244|18|59|3|154|7|0|103|86|3.28,_data\master_csv__rescrape_staging\pitching_1962_PL_from_master.csv,8
1963,61163808,伊藤　芳明,236.1,236 .1,False,0,0,True,56.0,56,True,1,年度|所属球団|登板|勝利|敗北|セーブ|H|HP|完投|完封勝|無四球|勝率|打者|投球回|安打|本塁打|四球|死球|三振|暴投|ボーク|失点|自責点|防御率,1963|読　売|39|19|8||||18|10|2|.704|917|236 .1|236|.1|153|12|78|1|166|3|0|56|50|1.90,_data\master_csv__rescrape_staging\pitching_1963_CL_from_master.csv,2
1963,51753808,北川　芳男,172.1,172 .1,False,0,0,True,56.0,56,True,1,年度|所属球団|登板|勝利|敗北|セーブ|H|HP|完投|完封勝|無四球|勝率|打者|投球回|安打|本塁打|四球|死球|三振|暴投|ボーク|失点|自責点|防御率,1963|読　売|35|11|7||||6|2|2|.611|682|172 .1|172|.1|151|11|26|3|52|0|0|56|47|2.45,_data\master_csv__rescrape_staging\pitching_1963_CL_from_master.csv,4
1963,51053825,城之内　邦雄,247.2,247 .2,False,0,0,True,97.0,97,True,1,年度|所属球団|登板|勝利|敗北|セーブ|H|HP|完投|完封勝|無四球|勝率|打者|投球回|安打|本塁打|四球|死球|三振|暴投|ボーク|失点|自責点|防御率,1963|読　売|45|17|14||||12|3|3|.548|994|247 .2|247|.2|219|15|53|9|112|3|0|97|74|2.69,_data\master_csv__rescrape_staging\pitching_1963_CL_from_master.csv,5
1963,41943823,高橋　明,208.2,208 .2,False,1,1,True,71.0,71,True,1,年度|所属球団|登板|勝利|敗北|セーブ|H|HP|完投|完封勝|無四球|勝率|打者|投球回|安打|本塁打|四球|死球|三振|暴投|ボーク|失点|自責点|防御率,1963|読　売|42|14|13||||12|3|5|.519|826|208 .2|208|.2|186|11|31|4|82|2|1|71|65|2.80,_data\master_csv__rescrape_staging\pitching_1963_CL_from_master.csv,6
1963,81983804,中村　稔,101.0,101,True,1,1,True,42.0,42,True,1,年度|所属球団|登板|勝利|敗北|セーブ|H|HP|完投|完封勝|無四球|勝率|打者|投球回|安打|本塁打|四球|死球|三振|暴投|ボーク|失点|自責点|防御率,1963|読　売|30|3|4||||2|1|0|.429|400|101|101||82|6|21|4|35|2|1|42|35|3.12,_data\master_csv__rescrape_staging\pitching_1963_CL_from_master.csv,7
1963,91193802,秋本　祐作,67.0,67,True,0,0,True,44.0,44,True,1,年度|所属球団|登板|勝利|敗北|セーブ|H|HP|完投|完封勝|無四球|勝率|打者|投球回|安打|本塁打|四球|死球|三振|暴投|ボーク|失点|自責点|防御率,1963|阪　急|26|0|3||||0|0|0|.000|294|67|67||79|8|16|2|36|0|0|44|31|4.16,_data\master_csv__rescrape_staging\pitching_1963_PL_from_master.csv,2
1963,51153808,安藤　治久,114.2,114 .2,False,0,0,True,68.0,68,True,1,年度|所属球団|登板|勝利|敗北|セーブ|H|HP|完投|完封勝|無四球|勝率|打者|投球回|安打|本塁打|四球|死球|三振|暴投|ボーク|失点|自責点|防御率,1963|阪　急|29|7|10||||3|1|0|.412|508|114 .2|114|.2|126|10|47|4|37|1|0|68|60|4.70,_data\master_csv__rescrape_staging\pitching_1963_PL_from_master.csv,3
1963,71173808,足立　光宏,200.2,200 .2,False,0,0,True,89.0,89,True,1,年度|所属球団|登板|勝利|敗北|セーブ|H|HP|完投|完封勝|無四球|勝率|打者|投球回|安打|本塁打|四球|死球|三振|暴投|ボーク|失点|自責点|防御率,1963|阪　急|47|6|18||||5|2|0|.250|803|200 .2|200|.2|187|24|31|6|121|0|0|89|77|3.45,_data\master_csv__rescrape_staging\pitching_1963_PL_from_master.csv,4
1963,41143806,石井　茂雄,256.0,256,True,0,0,True,96.0,96,True,1,年度|所属球団|登板|勝利|敗北|セーブ|H|HP|完投|完封勝|無四球|勝率|打者|投球回|安打|本塁打|四球|死球|三振|暴投|ボーク|失点|自責点|防御率,1963|阪　急|49|17|17||||11|1|2|.500|1046|256|256||253|22|59|1|144|1|0|96|83|2.92,_data\master_csv__rescrape_staging\pitching_1963_PL_from_master.csv,5
1963,91793809,梶本　隆夫,180.1,180 .1,False,0,0,True,98.0,98,True,1,年度|所属球団|登板|勝利|敗北|セーブ|H|HP|完投|完封勝|無四球|勝率|打者|投球回|安打|本塁打|四球|死球|三振|暴投|ボーク|失点|自責点|防御率,1963|阪　急|46|9|17||||7|1|0|.346|790|180 .1|180|.1|204|19|57|1|107|1|0|98|87|4.33,_data\master_csv__rescrape_staging\pitching_1963_PL_from_master.csv,7
1964,61163808,伊藤　芳明,206.2,206 .2,False,2,2,True,84.0,84,True,1,年度|所属球団|登板|勝利|敗北|セーブ|H|HP|完投|完封勝|無四球|勝率|打者|投球回|安打|本塁打|四球|死球|三振|暴投|ボーク|失点|自責点|防御率,1964|読　売|44|11|12||||9|2|1|.478|847|206 .2|206|.2|173|21|75|4|130|1|2|84|79|3.43,_data\master_csv__rescrape_staging\pitching_1964_CL_from_master.csv,2
1964,51753808,北川　芳男,130.1,130 .1,False,0,0,True,52.0,52,True,1,年度|所属球団|登板|勝利|敗北|セーブ|H|HP|完投|完封勝|無四球|勝率|打者|投球回|安打|本塁打|四球|死球|三振|暴投|ボーク|失点|自責点|防御率,1964|読　売|38|8|5||||2|1|1|.615|528|130 .1|130|.1|127|15|31|4|35|0|0|52|47|3.25,_data\master_csv__rescrape_staging\pitching_1964_CL_from_master.csv,4
1964,51053825,城之内　邦雄,262.0,262,True,0,0,True,79.0,79,True,1,年度|所属球団|登板|勝利|敗北|セーブ|H|HP|完投|完封勝|無四球|勝率|打者|投球回|安打|本塁打|四球|死球|三振|暴投|ボーク|失点|自責点|防御率,1964|読　売|52|18|16||||17|5|4|.529|1040|262|262||238|15|39|6|119|2|0|79|65|2.23,_data\master_csv__rescrape_staging\pitching_1964_CL_from_master.csv,5
1964,41943823,高橋　明,181.0,181,True,1,1,True,71.0,71,True,1,年度|所属球団|登板|勝利|敗北|セーブ|H|HP|完投|完封勝|無四球|勝率|打者|投球回|安打|本塁打|四球|死球|三振|暴投|ボーク|失点|自責点|防御率,1964|読　売|35|12|14||||10|2|5|.462|742|181|181||190|17|27|1|90|1|1|71|61|3.03,_data\master_csv__rescrape_staging\pitching_1964_CL_from_master.csv,6
1964,41243804,藤田　元司,175.1,175 .1,False,0,0,True,63.0,63,True,1,年度|所属球団|登板|勝利|敗北|セーブ|H|HP|完投|完封勝|無四球|勝率|打者|投球回|安打|本塁打|四球|死球|三振|暴投|ボーク|失点|自責点|防御率,1964|読　売|41|8|11||||3|2|0|.421|710|175 .1|175|.1|149|15|61|3|86|6|0|63|53|2.73,_data\master_csv__rescrape_staging\pitching_1964_CL_from_master.csv,10
1964,51153808,安藤　治久,109.2,109 .2,False,0,0,True,50.0,50,True,1,年度|所属球団|登板|勝利|敗北|セーブ|H|HP|完投|完封勝|無四球|勝率|打者|投球回|安打|本塁打|四球|死球|三振|暴投|ボーク|失点|自責点|防御率,1964|阪　急|31|4|3||||3|0|0|.571|453|109 .2|109|.2|101|5|33|3|42|0|0|50|43|3.52,_data\master_csv__rescrape_staging\pitching_1964_PL_from_master.csv,3
1964,71173808,足立　光宏,236.0,236,True,0,0,True,82.0,82,True,1,年度|所属球団|登板|勝利|敗北|セーブ|H|HP|完投|完封勝|無四球|勝率|打者|投球回|安打|本塁打|四球|死球|三振|暴投|ボーク|失点|自責点|防御率,1964|阪　急|46|13|15||||8|4|2|.464|927|236|236||200|26|37|5|125|0|0|82|73|2.78,_data\master_csv__rescrape_staging\pitching_1964_PL_from_master.csv,4
1964,41143806,石井　茂雄,325.0,325,True,0,0,True,122.0,122,True,1,年度|所属球団|登板|勝利|敗北|セーブ|H|HP|完投|完封勝|無四球|勝率|打者|投球回|安打|本塁打|四球|死球|三振|暴投|ボーク|失点|自責点|防御率,1964|阪　急|62|28|15||||18|3|4|.651|1325|325|325||304|21|63|8|176|1|0|122|103|2.85,_data\master_csv__rescrape_staging\pitching_1964_PL_from_master.csv,5
1964,61563825,大石　弥太郎,43.2,43 .2,False,0,0,True,28.0,28,True,1,年度|所属球団|登板|勝利|敗北|セーブ|H|HP|完投|完封勝|無四球|勝率|打者|投球回|安打|本塁打|四球|死球|三振|暴投|ボーク|失点|自責点|防御率,1964|阪　急|25|1|0||||0|0|0|1.000|186|43 .2|43|.2|48|5|6|1|18|0|0|28|22|4.50,_data\master_csv__rescrape_staging\pitching_1964_PL_from_master.csv,6
1964,91793809,梶本　隆夫,231.2,231 .2,False,0,0,True,96.0,96,True,1,年度|所属球団|登板|勝利|敗北|セーブ|H|HP|完投|完封勝|無四球|勝率|打者|投球回|安打|本塁打|四球|死球|三振|暴投|ボーク|失点|自責点|防御率,1964|阪　急|53|9|13||||6|1|1|.409|980|231 .2|231|.2|237|11|61|2|142|3|0|96|86|3.34,_data\master_csv__rescrape_staging\pitching_1964_PL_from_master.csv,7
1965,61163808,伊藤　芳明,66.2,66 .2,False,0,0,True,33.0,33,True,1,年度|所属球団|登板|勝利|敗北|セーブ|H|HP|完投|完封勝|無四球|勝率|打者|投球回|安打|本塁打|四球|死球|三振|暴投|ボーク|失点|自責点|防御率,1965|読　売|23|2|5||||0|0|0|.286|277|66 .2|66|.2|41|10|31|0|55|0|0|33|31|4.16,_data\master_csv__rescrape_staging\pitching_1965_CL_from_master.csv,3
1965,71073801,金田　正一,141.2,141 .2,False,0,0,True,38.0,38,True,1,年度|所属球団|登板|勝利|敗北|セーブ|H|HP|完投|完封勝|無四球|勝率|打者|投球回|安打|本塁打|四球|死球|三振|暴投|ボーク|失点|自責点|防御率,1965|読　売|28|11|6||||9|3|5|.647|542|141 .2|141|.2|95|12|36|0|100|1|0|38|29|1.84,_data\master_csv__rescrape_staging\pitching_1965_CL_from_master.csv,4
1965,51753808,北川　芳男,83.0,83,True,0,0,True,37.0,37,True,1,年度|所属球団|登板|勝利|敗北|セーブ|H|HP|完投|完封勝|無四球|勝率|打者|投球回|安打|本塁打|四球|死球|三振|暴投|ボーク|失点|自責点|防御率,1965|読　売|40|3|3||||0|0|0|.500|336|83|83||86|5|10|1|18|0|0|37|27|2.93,_data\master_csv__rescrape_staging\pitching_1965_CL_from_master.csv,5
1965,51053825,城之内　邦雄,258.0,258,True,0,0,True,80.0,80,True,1,年度|所属球団|登板|勝利|敗北|セーブ|H|HP|完投|完封勝|無四球|勝率|打者|投球回|安打|本塁打|四球|死球|三振|暴投|ボーク|失点|自責点|防御率,1965|読　売|52|21|12||||13|6|5|.636|1008|258|258||206|12|52|12|121|2|0|80|70|2.44,_data\master_csv__rescrape_staging\pitching_1965_CL_from_master.csv,7
1965,41943823,高橋　明,136.0,136,True,0,0,True,49.0,49,True,1,年度|所属球団|登板|勝利|敗北|セーブ|H|HP|完投|完封勝|無四球|勝率|打者|投球回|安打|本塁打|四球|死球|三振|暴投|ボーク|失点|自責点|防御率,1965|読　売|32|4|7||||2|0|0|.364|564|136|136||140|12|28|4|77|0|0|49|47|3.11,_data\master_csv__rescrape_staging\pitching_1965_CL_from_master.csv,8
1965,91193802,秋本　祐作,79.2,79 .2,False,0,0,True,24.0,24,True,1,年度|所属球団|登板|勝利|敗北|セーブ|H|HP|完投|完封勝|無四球|勝率|打者|投球回|安打|本塁打|四球|死球|三振|暴投|ボーク|失点|自責点|防御率,1965|阪　急|32|2|4||||1|0|0|.333|317|79 .2|79|.2|75|8|15|2|56|0|0|24|16|1.80,_data\master_csv__rescrape_staging\pitching_1965_PL_from_master.csv,2
1965,71173808,足立　光宏,171.0,171,True,0,0,True,59.0,59,True,1,年度|所属球団|登板|勝利|敗北|セーブ|H|HP|完投|完封勝|無四球|勝率|打者|投球回|安打|本塁打|四球|死球|三振|暴投|ボーク|失点|自責点|防御率,1965|阪　急|31|15|9||||10|4|2|.625|684|171|171||146|14|35|11|104|0|0|59|52|2.74,_data\master_csv__rescrape_staging\pitching_1965_PL_from_master.csv,3
1965,41143806,石井　茂雄,302.0,302,True,1,1,True,115.0,115,True,1,年度|所属球団|登板|勝利|敗北|セーブ|H|HP|完投|完封勝|無四球|勝率|打者|投球回|安打|本塁打|四球|死球|三振|暴投|ボーク|失点|自責点|防御率,1965|阪　急|51|21|17||||18|4|5|.553|1215|302|302||277|27|51|4|151|1|1|115|95|2.83,_data\master_csv__rescrape_staging\pitching_1965_PL_from_master.csv,4
1965,91793809,梶本　隆夫,177.1,177 .1,False,0,0,True,76.0,76,True,1,年度|所属球団|登板|勝利|敗北|セーブ|H|HP|完投|完封勝|無四球|勝率|打者|投球回|安打|本塁打|四球|死球|三振|暴投|ボーク|失点|自責点|防御率,1965|阪　急|51|5|11||||2|1|0|.313|747|177 .1|177|.1|183|16|50|1|137|1|0|76|71|3.61,_data\master_csv__rescrape_staging\pitching_1965_PL_from_master.csv,6
1965,51753823,佐藤　公博,118.0,118,True,0,0,True,57.0,57,True,1,年度|所属球団|登板|勝利|敗北|セーブ|H|HP|完投|完封勝|無四球|勝率|打者|投球回|安打|本塁打|四球|死球|三振|暴投|ボーク|失点|自責点|防御率,1965|阪　急|42|3|6||||2|1|1|.333|495|118|118||117|8|30|2|48|1|0|57|49|3.74,_data\master_csv__rescrape_staging\pitching_1965_PL_from_master.csv,8
1966,71073801,金田　正一,84.1,84 .1,False,0,0,True,36.0,36,True,1,年度|所属球団|登板|勝利|敗北|セーブ|H|HP|完投|完封勝|無四球|勝率|打者|投球回|安打|本塁打|四球|死球|三振|暴投|ボーク|失点|自責点|防御率,1966|読　売|19|4|6||||1|0|0|.400|341|84 .1|84|.1|72|12|25|3|58|2|0|36|32|3.43,_data\master_csv__rescrape_staging\pitching_1966_CL_from_master.csv,2
1966,51053825,城之内　邦雄,282.0,282,True,0,0,True,70.0,70,True,1,年度|所属球団|登板|勝利|敗北|セーブ|H|HP|完投|完封勝|無四球|勝率|打者|投球回|安打|本塁打|四球|死球|三振|暴投|ボーク|失点|自責点|防御率,1966|読　売|40|21|8||||21|6|5|.724|1108|282|282||231|11|53|7|134|0|0|70|63|2.01,_data\master_csv__rescrape_staging\pitching_1966_CL_from_master.csv,4
1966,81983804,中村　稔,177.0,177,True,1,1,True,62.0,62,True,1,年度|所属球団|登板|勝利|敗北|セーブ|H|HP|完投|完封勝|無四球|勝率|打者|投球回|安打|本塁打|四球|死球|三振|暴投|ボーク|失点|自責点|防御率,1966|読　売|32|11|7||||8|2|2|.611|701|177|177||150|15|36|3|85|0|1|62|52|2.64,_data\master_csv__rescrape_staging\pitching_1966_CL_from_master.csv,9
1966,91093822,堀内　恒夫,181.0,181,True,0,0,True,34.0,34,True,1,年度|所属球団|登板|勝利|敗北|セーブ|H|HP|完投|完封勝|無四球|勝率|打者|投球回|安打|本塁打|四球|死球|三振|暴投|ボーク|失点|自責点|防御率,1966|読　売|33|16|2||||14|7|1|.889|714|181|181||125|5|69|4|117|5|0|34|28|1.39,_data\master_csv__rescrape_staging\pitching_1966_CL_from_master.csv,10
1966,41643829,渡辺　秀武,154.1,154 .1,False,0,0,True,42.0,42,True,1,年度|所属球団|登板|勝利|敗北|セーブ|H|HP|完投|完封勝|無四球|勝率|打者|投球回|安打|本塁打|四球|死球|三振|暴投|ボーク|失点|自責点|防御率,1966|読　売|42|13|6||||6|1|2|.684|599|154 .1|154|.1|124|14|20|7|66|0|0|42|40|2.34,_data\master_csv__rescrape_staging\pitching_1966_CL_from_master.csv,14
1966,91193802,秋本　祐作,104.1,104 .1,False,3,3,True,47.0,47,True,1,年度|所属球団|登板|勝利|敗北|セーブ|H|HP|完投|完封勝|無四球|勝率|打者|投球回|安打|本塁打|四球|死球|三振|暴投|ボーク|失点|自責点|防御率,1966|阪　急|42|2|4||||1|0|0|.333|433|104 .1|104|.1|107|8|29|4|47|1|3|47|44|3.81,_data\master_csv__rescrape_staging\pitching_1966_PL_from_master.csv,2
1966,71173808,足立　光宏,270.1,270 .1,False,0,0,True,98.0,98,True,1,年度|所属球団|登板|勝利|敗北|セーブ|H|HP|完投|完封勝|無四球|勝率|打者|投球回|安打|本塁打|四球|死球|三振|暴投|ボーク|失点|自責点|防御率,1966|阪　急|52|17|14||||10|3|2|.548|1099|270 .1|270|.1|243|27|49|14|158|0|0|98|79|2.63,_data\master_csv__rescrape_staging\pitching_1966_PL_from_master.csv,3
1966,41143806,石井　茂雄,189.1,189 .1,False,0,0,True,65.0,65,True,1,年度|所属球団|登板|勝利|敗北|セーブ|H|HP|完投|完封勝|無四球|勝率|打者|投球回|安打|本塁打|四球|死球|三振|暴投|ボーク|失点|自責点|防御率,1966|阪　急|38|10|13||||11|4|0|.435|763|189 .1|189|.1|170|17|49|4|72|1|0|65|58|2.76,_data\master_csv__rescrape_staging\pitching_1966_PL_from_master.csv,4
1966,91793809,梶本　隆夫,141.2,141 .2,False,0,0,True,69.0,69,True,1,年度|所属球団|登板|勝利|敗北|セーブ|H|HP|完投|完封勝|無四球|勝率|打者|投球回|安打|本塁打|四球|死球|三振|暴投|ボーク|失点|自責点|防御率,1966|阪　急|39|2|15||||3|0|0|.118|586|141 .2|141|.2|120|18|47|4|112|4|0|69|58|3.68,_data\master_csv__rescrape_staging\pitching_1966_PL_from_master.csv,6
1966,51353821,柿本　実,35.1,35 .1,False,0,0,True,22.0,22,True,1,年度|所属球団|登板|勝利|敗北|セーブ|H|HP|完投|完封勝|無四球|勝率|打者|投球回|安打|本塁打|四球|死球|三振|暴投|ボーク|失点|自責点|防御率,1966|阪　急|16|0|1||||0|0|0|.000|155|35 .1|35|.1|42|5|7|4|19|0|0|22|22|5.66,_data\master_csv__rescrape_staging\pitching_1966_PL_from_master.csv,7
1967,71073801,金田　正一,170.0,170,True,0,0,True,47.0,47,True,1,年度|所属球団|登板|勝利|敗北|セーブ|H|HP|完投|完封勝|無四球|勝率|打者|投球回|安打|本塁打|四球|死球|三振|暴投|ボーク|失点|自責点|防御率,1967|読　売|33|16|5||||6|1|1|.762|698|170|170||146|13|57|3|132|3|0|47|43|2.28,_data\master_csv__rescrape_staging\pitching_1967_CL_from_master.csv,3
1967,51053825,城之内　邦雄,227.0,227,True,0,0,True,73.0,73,True,1,年度|所属球団|登板|勝利|敗北|セーブ|H|HP|完投|完封勝|無四球|勝率|打者|投球回|安打|本塁打|四球|死球|三振|暴投|ボーク|失点|自責点|防御率,1967|読　売|33|17|8||||16|5|3|.680|895|227|227||190|23|37|4|94|2|0|73|65|2.58,_data\master_csv__rescrape_staging\pitching_1967_CL_from_master.csv,4
1967,81583822,菅原　勝矢,144.0,144,True,1,1,True,48.0,48,True,1,年度|所属球団|登板|勝利|敗北|セーブ|H|HP|完投|完封勝|無四球|勝率|打者|投球回|安打|本塁打|四球|死球|三振|暴投|ボーク|失点|自責点|防御率,1967|読　売|32|11|4||||4|3|2|.733|557|144|144||101|10|36|3|107|0|1|48|44|2.75,_data\master_csv__rescrape_staging\pitching_1967_CL_from_master.csv,5
1967,41943823,高橋　明,55.2,55 .2,False,0,0,True,28.0,28,True,1,年度|所属球団|登板|勝利|敗北|セーブ|H|HP|完投|完封勝|無四球|勝率|打者|投球回|安打|本塁打|四球|死球|三振|暴投|ボーク|失点|自責点|防御率,1967|読　売|24|1|0||||0|0|0|1.000|221|55 .2|55|.2|48|13|8|3|29|1|0|28|25|4.02,_data\master_csv__rescrape_staging\pitching_1967_CL_from_master.csv,6
1967,01703820,高橋　一三,104.1,104 .1,False,0,0,True,45.0,45,True,1,年度|所属球団|登板|勝利|敗北|セーブ|H|HP|完投|完封勝|無四球|勝率|打者|投球回|安打|本塁打|四球|死球|三振|暴投|ボーク|失点|自責点|防御率,1967|読　売|28|6|7||||2|0|0|.462|426|104 .1|104|.1|87|11|31|3|89|1|0|45|36|3.12,_data\master_csv__rescrape_staging\pitching_1967_CL_from_master.csv,8
1967,91193802,秋本　祐作,47.2,47 .2,False,0,0,True,22.0,22,True,1,年度|所属球団|登板|勝利|敗北|セーブ|H|HP|完投|完封勝|無四球|勝率|打者|投球回|安打|本塁打|四球|死球|三振|暴投|ボーク|失点|自責点|防御率,1967|阪　急|27|1|0||||0|0|0|1.000|200|47 .2|47|.2|46|2|15|4|25|0|0|22|20|3.75,_data\master_csv__rescrape_staging\pitching_1967_PL_from_master.csv,2
1967,71173808,足立　光宏,268.0,268,True,0,0,True,65.0,65,True,1,年度|所属球団|登板|勝利|敗北|セーブ|H|HP|完投|完封勝|無四球|勝率|打者|投球回|安打|本塁打|四球|死球|三振|暴投|ボーク|失点|自責点|防御率,1967|阪　急|43|20|10||||17|5|1|.667|1042|268|268||191|13|60|9|130|0|0|65|52|1.75,_data\master_csv__rescrape_staging\pitching_1967_PL_from_master.csv,3
1967,41143806,石井　茂雄,134.2,134 .2,False,0,0,True,67.0,67,True,1,年度|所属球団|登板|勝利|敗北|セーブ|H|HP|完投|完封勝|無四球|勝率|打者|投球回|安打|本塁打|四球|死球|三振|暴投|ボーク|失点|自責点|防御率,1967|阪　急|36|9|4||||5|1|0|.692|561|134 .2|134|.2|138|8|27|5|47|1|0|67|56|3.73,_data\master_csv__rescrape_staging\pitching_1967_PL_from_master.csv,4
1967,41343808,大石　清,111.1,111 .1,False,0,0,True,35.0,35,True,1,年度|所属球団|登板|勝利|敗北|セーブ|H|HP|完投|完封勝|無四球|勝率|打者|投球回|安打|本塁打|四球|死球|三振|暴投|ボーク|失点|自責点|防御率,1967|阪　急|47|5|8||||0|0|0|.385|448|111 .1|111|.1|87|12|41|4|77|1|0|35|32|2.59,_data\master_csv__rescrape_staging\pitching_1967_PL_from_master.csv,5
1967,91793809,梶本　隆夫,188.1,188 .1,False,0,0,True,58.0,58,True,1,年度|所属球団|登板|勝利|敗北|セーブ|H|HP|完投|完封勝|無四球|勝率|打者|投球回|安打|本塁打|四球|死球|三振|暴投|ボーク|失点|自責点|防御率,1967|阪　急|37|15|9||||9|3|2|.625|786|188 .1|188|.1|167|11|70|4|136|5|0|58|51|2.44,_data\master_csv__rescrape_staging\pitching_1967_PL_from_master.csv,6
1968,71073801,金田　正一,138.1,138 .1,False,0,0,True,57.0,57,True,1,年度|所属球団|登板|勝利|敗北|セーブ|H|HP|完投|完封勝|無四球|勝率|打者|投球回|安打|本塁打|四球|死球|三振|暴投|ボーク|失点|自責点|防御率,1968|読　売|32|11|10||||4|0|0|.524|585|138 .1|138|.1|122|21|71|0|87|3|0|57|53|3.46,_data\master_csv__rescrape_staging\pitching_1968_CL_from_master.csv,3
1968,91593820,倉田　誠,96.2,96 .2,False,1,1,True,38.0,38,True,1,年度|所属球団|登板|勝利|敗北|セーブ|H|HP|完投|完封勝|無四球|勝率|打者|投球回|安打|本塁打|四球|死球|三振|暴投|ボーク|失点|自責点|防御率,1968|読　売|21|6|5||||4|1|0|.545|389|96 .2|96|.2|68|10|43|2|54|7|1|38|36|3.34,_data\master_csv__rescrape_staging\pitching_1968_CL_from_master.csv,4
1968,31733821,嵯峨　健四郎,42.0,42,True,0,0,True,22.0,22,True,1,年度|所属球団|登板|勝利|敗北|セーブ|H|HP|完投|完封勝|無四球|勝率|打者|投球回|安打|本塁打|四球|死球|三振|暴投|ボーク|失点|自責点|防御率,1968|読　売|14|2|0||||1|1|0|1.000|180|42|42||38|7|19|2|26|1|0|22|20|4.29,_data\master_csv__rescrape_staging\pitching_1968_CL_from_master.csv,5
1968,51053825,城之内　邦雄,162.0,162,True,0,0,True,63.0,63,True,1,年度|所属球団|登板|勝利|敗北|セーブ|H|HP|完投|完封勝|無四球|勝率|打者|投球回|安打|本塁打|四球|死球|三振|暴投|ボーク|失点|自責点|防御率,1968|読　売|30|11|7||||9|4|1|.611|654|162|162||147|19|40|6|83|0|0|63|55|3.06,_data\master_csv__rescrape_staging\pitching_1968_CL_from_master.csv,6
1968,81583822,菅原　勝矢,72.0,72,True,1,1,True,36.0,36,True,1,年度|所属球団|登板|勝利|敗北|セーブ|H|HP|完投|完封勝|無四球|勝率|打者|投球回|安打|本塁打|四球|死球|三振|暴投|ボーク|失点|自責点|防御率,1968|読　売|22|4|1||||1|1|0|.800|312|72|72||67|11|36|2|49|3|1|36|34|4.25,_data\master_csv__rescrape_staging\pitching_1968_CL_from_master.csv,7
1968,41143806,石井　茂雄,180.2,180 .2,False,0,0,True,72.0,72,True,1,年度|所属球団|登板|勝利|敗北|セーブ|H|HP|完投|完封勝|無四球|勝率|打者|投球回|安打|本塁打|四球|死球|三振|暴投|ボーク|失点|自責点|防御率,1968|阪　急|41|11|14||||7|4|2|.440|740|180 .2|180|.2|172|17|47|7|79|1|0|72|59|2.93,_data\master_csv__rescrape_staging\pitching_1968_PL_from_master.csv,4
1968,41343808,大石　清,100.0,100,True,0,0,True,33.0,33,True,1,年度|所属球団|登板|勝利|敗北|セーブ|H|HP|完投|完封勝|無四球|勝率|打者|投球回|安打|本塁打|四球|死球|三振|暴投|ボーク|失点|自責点|防御率,1968|阪　急|48|10|3||||0|0|0|.769|412|100|100||87|11|35|4|71|0|0|33|30|2.70,_data\master_csv__rescrape_staging\pitching_1968_PL_from_master.csv,5
1968,91793809,梶本　隆夫,221.1,221 .1,False,0,0,True,82.0,82,True,1,年度|所属球団|登板|勝利|敗北|セーブ|H|HP|完投|完封勝|無四球|勝率|打者|投球回|安打|本塁打|四球|死球|三振|暴投|ボーク|失点|自責点|防御率,1968|阪　急|45|12|8||||7|2|0|.600|926|221 .1|221|.1|207|27|63|5|175|1|0|82|73|2.97,_data\master_csv__rescrape_staging\pitching_1968_PL_from_master.csv,6
1968,71273824,水谷　孝,194.0,194,True,0,0,True,63.0,63,True,1,年度|所属球団|登板|勝利|敗北|セーブ|H|HP|完投|完封勝|無四球|勝率|打者|投球回|安打|本塁打|四球|死球|三振|暴投|ボーク|失点|自責点|防御率,1968|阪　急|46|15|7||||4|1|1|.682|782|194|194||158|16|60|1|98|2|0|63|61|2.83,_data\master_csv__rescrape_staging\pitching_1968_PL_from_master.csv,12
1968,21023826,宮本　幸信,80.2,80 .2,False,0,0,True,32.0,32,True,1,年度|所属球団|登板|勝利|敗北|セーブ|H|HP|完投|完封勝|無四球|勝率|打者|投球回|安打|本塁打|四球|死球|三振|暴投|ボーク|失点|自責点|防御率,1968|阪　急|38|3|4||||0|0|0|.429|342|80 .2|80|.2|68|4|43|2|53|1|0|32|28|3.11,_data\master_csv__rescrape_staging\pitching_1968_PL_from_master.csv,13
1969,71073801,金田　正一,72.1,72 .1,False,0,0,True,39.0,39,True,1,年度|所属球団|登板|勝利|敗北|セーブ|H|HP|完投|完封勝|無四球|勝率|打者|投球回|安打|本塁打|四球|死球|三振|暴投|ボーク|失点|自責点|防御率,1969|読　売|18|5|4||||1|0|0|.556|311|72 .1|72|.1|65|8|35|0|48|3|0|39|34|4.25,_data\master_csv__rescrape_staging\pitching_1969_CL_from_master.csv,2
1969,51053825,城之内　邦雄,120.1,120 .1,False,0,0,True,56.0,56,True,1,年度|所属球団|登板|勝利|敗北|セーブ|H|HP|完投|完封勝|無四球|勝率|打者|投球回|安打|本塁打|四球|死球|三振|暴投|ボーク|失点|自責点|防御率,1969|読　売|20|4|5||||5|1|1|.444|492|120 .1|120|.1|106|20|29|6|41|2|0|56|55|4.13,_data\master_csv__rescrape_staging\pitching_1969_CL_from_master.csv,4
1969,41943823,高橋　明,111.2,111 .2,False,1,1,True,46.0,46,True,1,年度|所属球団|登板|勝利|敗北|セーブ|H|HP|完投|完封勝|無四球|勝率|打者|投球回|安打|本塁打|四球|死球|三振|暴投|ボーク|失点|自責点|防御率,1969|読　売|32|10|5||||3|0|0|.667|457|111 .2|111|.2|100|16|29|3|53|1|1|46|44|3.54,_data\master_csv__rescrape_staging\pitching_1969_CL_from_master.csv,6
1969,01703820,高橋　一三,256.0,256,True,0,0,True,67.0,67,True,1,年度|所属球団|登板|勝利|敗北|セーブ|H|HP|完投|完封勝|無四球|勝率|打者|投球回|安打|本塁打|四球|死球|三振|暴投|ボーク|失点|自責点|防御率,1969|読　売|45|22|5||||19|3|2|.815|1018|256|256||180|25|83|9|221|3|0|67|63|2.21,_data\master_csv__rescrape_staging\pitching_1969_CL_from_master.csv,7
1969,51753828,田中　章,73.1,73 .1,False,0,0,True,30.0,30,True,1,年度|所属球団|登板|勝利|敗北|セーブ|H|HP|完投|完封勝|無四球|勝率|打者|投球回|安打|本塁打|四球|死球|三振|暴投|ボーク|失点|自責点|防御率,1969|読　売|35|3|3||||0|0|0|.500|294|73 .1|73|.1|58|8|14|3|56|0|0|30|24|2.96,_data\master_csv__rescrape_staging\pitching_1969_CL_from_master.csv,8
1969,71173808,足立　光宏,60.1,60 .1,False,0,0,True,39.0,39,True,1,年度|所属球団|登板|勝利|敗北|セーブ|H|HP|完投|完封勝|無四球|勝率|打者|投球回|安打|本塁打|四球|死球|三振|暴投|ボーク|失点|自責点|防御率,1969|阪　急|33|2|1||||0|0|0|.667|265|60 .1|60|.1|73|10|10|6|32|0|0|39|32|4.80,_data\master_csv__rescrape_staging\pitching_1969_PL_from_master.csv,2
1969,41143806,石井　茂雄,197.2,197 .2,False,0,0,True,79.0,79,True,1,年度|所属球団|登板|勝利|敗北|セーブ|H|HP|完投|完封勝|無四球|勝率|打者|投球回|安打|本塁打|四球|死球|三振|暴投|ボーク|失点|自責点|防御率,1969|阪　急|44|12|6||||8|1|2|.667|792|197 .2|197|.2|179|21|41|4|86|1|0|79|68|3.09,_data\master_csv__rescrape_staging\pitching_1969_PL_from_master.csv,3
1969,41343808,大石　清,79.1,79 .1,False,0,0,True,32.0,32,True,1,年度|所属球団|登板|勝利|敗北|セーブ|H|HP|完投|完封勝|無四球|勝率|打者|投球回|安打|本塁打|四球|死球|三振|暴投|ボーク|失点|自責点|防御率,1969|阪　急|43|6|4||||0|0|0|.600|320|79 .1|79|.1|63|14|26|3|37|0|0|32|28|3.19,_data\master_csv__rescrape_staging\pitching_1969_PL_from_master.csv,5
1969,91793809,梶本　隆夫,187.2,187 .2,False,0,0,True,73.0,73,True,1,年度|所属球団|登板|勝利|敗北|セーブ|H|HP|完投|完封勝|無四球|勝率|打者|投球回|安打|本塁打|四球|死球|三振|暴投|ボーク|失点|自責点|防御率,1969|阪　急|40|18|10||||9|1|1|.643|766|187 .2|187|.2|178|16|39|4|93|5|0|73|62|2.97,_data\master_csv__rescrape_staging\pitching_1969_PL_from_master.csv,6
1969,71373822,佐々木　誠吾,79.2,79 .2,False,1,1,True,29.0,29,True,1,年度|所属球団|登板|勝利|敗北|セーブ|H|HP|完投|完封勝|無四球|勝率|打者|投球回|安打|本塁打|四球|死球|三振|暴投|ボーク|失点|自責点|防御率,1969|阪　急|21|5|2||||2|0|0|.714|329|79 .2|79|.2|65|10|20|2|45|0|1|29|26|2.93,_data\master_csv__rescrape_staging\pitching_1969_PL_from_master.csv,7
1970,51053825,城之内　邦雄,118.0,118,True,0,0,True,42.0,42,True,1,年度|所属球団|登板|勝利|敗北|セーブ|H|HP|完投|完封勝|無四球|勝率|打者|投球回|安打|本塁打|四球|死球|三振|暴投|ボーク|失点|自責点|防御率,1970|読　売|21|7|6||||5|1|4|.538|475|118|118||111|13|16|2|50|0|0|42|39|2.97,_data\master_csv__rescrape_staging\pitching_1970_CL_from_master.csv,5
1970,01703820,高橋　一三,215.0,215,True,0,0,True,77.0,77,True,1,年度|所属球団|登板|勝利|敗北|セーブ|H|HP|完投|完封勝|無四球|勝率|打者|投球回|安打|本塁打|四球|死球|三振|暴投|ボーク|失点|自責点|防御率,1970|読　売|35|12|10||||10|5|1|.545|890|215|215||167|23|89|6|180|2|0|77|71|2.97,_data\master_csv__rescrape_staging\pitching_1970_CL_from_master.csv,8
1970,91093822,堀内　恒夫,282.2,282 .2,False,0,0,True,82.0,82,True,1,年度|所属球団|登板|勝利|敗北|セーブ|H|HP|完投|完封勝|無四球|勝率|打者|投球回|安打|本塁打|四球|死球|三振|暴投|ボーク|失点|自責点|防御率,1970|読　売|42|18|10||||18|1|0|.643|1130|282 .2|282|.2|202|22|103|7|228|2|0|82|65|2.07,_data\master_csv__rescrape_staging\pitching_1970_CL_from_master.csv,10
1970,31233828,山内　新一,111.1,111 .1,False,0,0,True,28.0,28,True,1,年度|所属球団|登板|勝利|敗北|セーブ|H|HP|完投|完封勝|無四球|勝率|打者|投球回|安打|本塁打|四球|死球|三振|暴投|ボーク|失点|自責点|防御率,1970|読　売|41|8|4||||0|0|0|.667|430|111 .1|111|.1|85|7|23|4|57|0|0|28|22|1.78,_data\master_csv__rescrape_staging\pitching_1970_CL_from_master.csv,12
1970,41643829,渡辺　秀武,260.1,260 .1,False,0,0,True,75.0,75,True,1,年度|所属球団|登板|勝利|敗北|セーブ|H|HP|完投|完封勝|無四球|勝率|打者|投球回|安打|本塁打|四球|死球|三振|暴投|ボーク|失点|自責点|防御率,1970|読　売|42|23|8||||18|7|3|.742|1011|260 .1|260|.1|200|20|39|14|183|3|0|75|73|2.53,_data\master_csv__rescrape_staging\pitching_1970_CL_from_master.csv,14
1970,71173808,足立　光宏,117.0,117,True,0,0,True,45.0,45,True,1,年度|所属球団|登板|勝利|敗北|セーブ|H|HP|完投|完封勝|無四球|勝率|打者|投球回|安打|本塁打|四球|死球|三振|暴投|ボーク|失点|自責点|防御率,1970|阪　急|46|9|2||||3|0|0|.818|469|117|117||112|11|24|3|59|0|0|45|39|3.00,_data\master_csv__rescrape_staging\pitching_1970_PL_from_master.csv,2
1970,41143806,石井　茂雄,229.1,229 .1,False,0,0,True,90.0,90,True,1,年度|所属球団|登板|勝利|敗北|セーブ|H|HP|完投|完封勝|無四球|勝率|打者|投球回|安打|本塁打|四球|死球|三振|暴投|ボーク|失点|自責点|防御率,1970|阪　急|40|16|12||||13|2|3|.571|927|229 .1|229|.1|202|26|54|4|109|2|0|90|82|3.22,_data\master_csv__rescrape_staging\pitching_1970_PL_from_master.csv,4
1970,91793809,梶本　隆夫,103.1,103 .1,False,0,0,True,62.0,62,True,1,年度|所属球団|登板|勝利|敗北|セーブ|H|HP|完投|完封勝|無四球|勝率|打者|投球回|安打|本塁打|四球|死球|三振|暴投|ボーク|失点|自責点|防御率,1970|阪　急|29|4|9||||4|0|1|.308|452|103 .1|103|.1|116|17|35|2|56|1|0|62|55|4.81,_data\master_csv__rescrape_staging\pitching_1970_PL_from_master.csv,6
1970,51053829,戸田　善紀,33.2,33 .2,False,0,0,True,20.0,20,True,1,年度|所属球団|登板|勝利|敗北|セーブ|H|HP|完投|完封勝|無四球|勝率|打者|投球回|安打|本塁打|四球|死球|三振|暴投|ボーク|失点|自責点|防御率,1970|阪　急|17|0|0||||0|0|0|.000|140|33 .2|33|.2|33|6|8|1|32|0|0|20|19|5.03,_data\master_csv__rescrape_staging\pitching_1970_PL_from_master.csv,9
1970,21023826,宮本　幸信,155.2,155 .2,False,0,0,True,72.0,72,True,1,年度|所属球団|登板|勝利|敗北|セーブ|H|HP|完投|完封勝|無四球|勝率|打者|投球回|安打|本塁打|四球|死球|三振|暴投|ボーク|失点|自責点|防御率,1970|阪　急|45|8|9||||4|0|0|.471|669|155 .2|155|.2|153|13|76|6|74|5|0|72|66|3.81,_data\master_csv__rescrape_staging\pitching_1970_PL_from_master.csv,13
1971,91593820,倉田　誠,89.2,89 .2,False,0,0,True,27.0,27,True,1,年度|所属球団|登板|勝利|敗北|セーブ|H|HP|完投|完封勝|無四球|勝率|打者|投球回|安打|本塁打|四球|死球|三振|暴投|ボーク|失点|自責点|防御率,1971|読　売|44|5|4||||0|0|0|.556|368|89 .2|89|.2|75|7|36|1|77|1|0|27|25|2.50,_data\master_csv__rescrape_staging\pitching_1971_CL_from_master.csv,2
1971,51753841,小坂　敏彦,36.0,36,True,0,0,True,22.0,22,True,1,年度|所属球団|登板|勝利|敗北|セーブ|H|HP|完投|完封勝|無四球|勝率|打者|投球回|安打|本塁打|四球|死球|三振|暴投|ボーク|失点|自責点|防御率,1971|読　売|17|2|2||||0|0|0|.500|154|36|36||26|6|19|1|34|1|0|22|22|5.50,_data\master_csv__rescrape_staging\pitching_1971_CL_from_master.csv,3
1971,81583822,菅原　勝矢,78.2,78 .2,False,1,1,True,30.0,30,True,1,年度|所属球団|登板|勝利|敗北|セーブ|H|HP|完投|完封勝|無四球|勝率|打者|投球回|安打|本塁打|四球|死球|三振|暴投|ボーク|失点|自責点|防御率,1971|読　売|25|4|0||||2|1|0|1.000|334|78 .2|78|.2|66|4|35|6|57|4|1|30|22|2.51,_data\master_csv__rescrape_staging\pitching_1971_CL_from_master.csv,6
1971,71973843,関本　四十四,146.2,146 .2,False,0,0,True,49.0,49,True,1,年度|所属球団|登板|勝利|敗北|セーブ|H|HP|完投|完封勝|無四球|勝率|打者|投球回|安打|本塁打|四球|死球|三振|暴投|ボーク|失点|自責点|防御率,1971|読　売|35|10|11||||3|1|0|.476|587|146 .2|146|.2|118|6|39|3|68|1|0|49|35|2.14,_data\master_csv__rescrape_staging\pitching_1971_CL_from_master.csv,7
1971,01703820,高橋　一三,226.2,226 .2,False,1,1,True,80.0,80,True,1,年度|所属球団|登板|勝利|敗北|セーブ|H|HP|完投|完封勝|無四球|勝率|打者|投球回|安打|本塁打|四球|死球|三振|暴投|ボーク|失点|自責点|防御率,1971|読　売|41|14|7||||13|1|0|.667|904|226 .2|226|.2|164|28|72|6|151|4|1|80|74|2.93,_data\master_csv__rescrape_staging\pitching_1971_CL_from_master.csv,8
1971,71173808,足立　光宏,252.2,252 .2,False,0,0,True,80.0,80,True,1,年度|所属球団|登板|勝利|敗北|セーブ|H|HP|完投|完封勝|無四球|勝率|打者|投球回|安打|本塁打|四球|死球|三振|暴投|ボーク|失点|自責点|防御率,1971|阪　急|43|19|8||||18|4|3|.704|996|252 .2|252|.2|200|21|55|11|116|0|0|80|70|2.49,_data\master_csv__rescrape_staging\pitching_1971_PL_from_master.csv,2
1971,41143806,石井　茂雄,90.2,90 .2,False,0,0,True,41.0,41,True,1,年度|所属球団|登板|勝利|敗北|セーブ|H|HP|完投|完封勝|無四球|勝率|打者|投球回|安打|本塁打|四球|死球|三振|暴投|ボーク|失点|自責点|防御率,1971|阪　急|26|7|7||||4|1|0|.500|388|90 .2|90|.2|91|8|28|6|43|0|0|41|33|3.26,_data\master_csv__rescrape_staging\pitching_1971_PL_from_master.csv,3
1971,91793809,梶本　隆夫,136.0,136,True,1,1,True,57.0,57,True,1,年度|所属球団|登板|勝利|敗北|セーブ|H|HP|完投|完封勝|無四球|勝率|打者|投球回|安打|本塁打|四球|死球|三振|暴投|ボーク|失点|自責点|防御率,1971|阪　急|33|6|8||||4|1|0|.429|576|136|136||134|12|43|1|74|0|1|57|52|3.44,_data\master_csv__rescrape_staging\pitching_1971_PL_from_master.csv,5
1971,81583843,児玉　好弘,91.1,91 .1,False,0,0,True,51.0,51,True,1,年度|所属球団|登板|勝利|敗北|セーブ|H|HP|完投|完封勝|無四球|勝率|打者|投球回|安打|本塁打|四球|死球|三振|暴投|ボーク|失点|自責点|防御率,1971|阪　急|40|6|3||||0|0|0|.667|387|91 .1|91|.1|90|13|32|4|44|0|0|51|46|4.55,_data\master_csv__rescrape_staging\pitching_1971_PL_from_master.csv,6
1971,21023826,宮本　幸信,103.1,103 .1,False,1,1,True,54.0,54,True,1,年度|所属球団|登板|勝利|敗北|セーブ|H|HP|完投|完封勝|無四球|勝率|打者|投球回|安打|本塁打|四球|死球|三振|暴投|ボーク|失点|自責点|防御率,1971|阪　急|34|4|3||||2|0|1|.571|442|103 .1|103|.1|102|15|38|2|58|1|1|54|48|4.19,_data\master_csv__rescrape_staging\pitching_1971_PL_from_master.csv,11
1972,91593820,倉田　誠,104.2,104 .2,False,3,3,True,60.0,60,True,1,年度|所属球団|登板|勝利|敗北|セーブ|H|HP|完投|完封勝|無四球|勝率|打者|投球回|安打|本塁打|四球|死球|三振|暴投|ボーク|失点|自責点|防御率,1972|読　売|36|4|4||||1|0|0|.500|465|104 .2|104|.2|94|13|66|2|71|3|3|60|55|4.71,_data\master_csv__rescrape_staging\pitching_1972_CL_from_master.csv,3
1972,51753841,小坂　敏彦,70.0,70,True,0,0,True,31.0,31,True,1,年度|所属球団|登板|勝利|敗北|セーブ|H|HP|完投|完封勝|無四球|勝率|打者|投球回|安打|本塁打|四球|死球|三振|暴投|ボーク|失点|自責点|防御率,1972|読　売|23|4|4||||1|0|0|.500|300|70|70||66|9|31|0|40|0|0|31|30|3.86,_data\master_csv__rescrape_staging\pitching_1972_CL_from_master.csv,4
1972,81583822,菅原　勝矢,103.2,103 .2,False,0,0,True,33.0,33,True,1,年度|所属球団|登板|勝利|敗北|セーブ|H|HP|完投|完封勝|無四球|勝率|打者|投球回|安打|本塁打|四球|死球|三振|暴投|ボーク|失点|自責点|防御率,1972|読　売|33|13|2||||2|0|0|.867|439|103 .2|103|.2|79|7|44|4|81|2|0|33|28|2.42,_data\master_csv__rescrape_staging\pitching_1972_CL_from_master.csv,5
1972,71973843,関本　四十四,70.2,70 .2,False,0,0,True,37.0,37,True,1,年度|所属球団|登板|勝利|敗北|セーブ|H|HP|完投|完封勝|無四球|勝率|打者|投球回|安打|本塁打|四球|死球|三振|暴投|ボーク|失点|自責点|防御率,1972|読　売|23|2|6||||2|0|0|.250|304|70 .2|70|.2|79|4|25|1|34|2|0|37|34|4.31,_data\master_csv__rescrape_staging\pitching_1972_CL_from_master.csv,6
1972,01703820,高橋　一三,214.1,214 .1,False,0,0,True,81.0,81,True,1,年度|所属球団|登板|勝利|敗北|セーブ|H|HP|完投|完封勝|無四球|勝率|打者|投球回|安打|本塁打|四球|死球|三振|暴投|ボーク|失点|自責点|防御率,1972|読　売|43|12|11||||11|0|0|.522|895|214 .1|214|.1|172|22|113|3|170|3|0|81|71|2.99,_data\master_csv__rescrape_staging\pitching_1972_CL_from_master.csv,7
1972,71173808,足立　光宏,195.1,195 .1,False,0,0,True,69.0,69,True,1,年度|所属球団|登板|勝利|敗北|セーブ|H|HP|完投|完封勝|無四球|勝率|打者|投球回|安打|本塁打|四球|死球|三振|暴投|ボーク|失点|自責点|防御率,1972|阪　急|34|16|6||||12|1|2|.727|785|195 .1|195|.1|174|25|31|4|71|0|0|69|57|2.63,_data\master_csv__rescrape_staging\pitching_1972_PL_from_master.csv,2
1972,41143806,石井　茂雄,100.2,100 .2,False,0,0,True,59.0,59,True,1,年度|所属球団|登板|勝利|敗北|セーブ|H|HP|完投|完封勝|無四球|勝率|打者|投球回|安打|本塁打|四球|死球|三振|暴投|ボーク|失点|自責点|防御率,1972|阪　急|23|5|4||||3|0|0|.556|435|100 .2|100|.2|115|16|24|3|39|0|0|59|46|4.10,_data\master_csv__rescrape_staging\pitching_1972_PL_from_master.csv,4
1972,91793809,梶本　隆夫,69.0,69,True,0,0,True,34.0,34,True,1,年度|所属球団|登板|勝利|敗北|セーブ|H|HP|完投|完封勝|無四球|勝率|打者|投球回|安打|本塁打|四球|死球|三振|暴投|ボーク|失点|自責点|防御率,1972|阪　急|17|2|5||||2|1|0|.286|298|69|69||66|11|28|3|35|0|0|34|28|3.65,_data\master_csv__rescrape_staging\pitching_1972_PL_from_master.csv,6
1972,81583843,児玉　好弘,94.2,94 .2,False,0,0,True,32.0,32,True,1,年度|所属球団|登板|勝利|敗北|セーブ|H|HP|完投|完封勝|無四球|勝率|打者|投球回|安打|本塁打|四球|死球|三振|暴投|ボーク|失点|自責点|防御率,1972|阪　急|39|10|4||||0|0|0|.714|373|94 .2|94|.2|88|7|16|1|27|0|0|32|28|2.65,_data\master_csv__rescrape_staging\pitching_1972_PL_from_master.csv,7
1972,51053829,戸田　善紀,103.1,103 .1,False,0,0,True,40.0,40,True,1,年度|所属球団|登板|勝利|敗北|セーブ|H|HP|完投|完封勝|無四球|勝率|打者|投球回|安打|本塁打|四球|死球|三振|暴投|ボーク|失点|自責点|防御率,1972|阪　急|34|8|4||||3|0|1|.667|414|103 .1|103|.1|89|17|24|2|72|2|0|40|38|3.32,_data\master_csv__rescrape_staging\pitching_1972_PL_from_master.csv,8
1973,91393849,小川　邦和,57.2,57 .2,False,0,0,True,23.0,23,True,1,年度|所属球団|登板|勝利|敗北|セーブ|H|HP|完投|完封勝|無四球|勝率|打者|投球回|安打|本塁打|四球|死球|三振|暴投|ボーク|失点|自責点|防御率,1973|読　売|32|3|0||||0|0|0|1.000|231|57 .2|57|.2|50|12|16|0|34|1|0|23|21|3.26,_data\master_csv__rescrape_staging\pitching_1973_CL_from_master.csv,3
1973,91593820,倉田　誠,187.1,187 .1,False,0,0,True,66.0,66,True,1,年度|所属球団|登板|勝利|敗北|セーブ|H|HP|完投|完封勝|無四球|勝率|打者|投球回|安打|本塁打|四球|死球|三振|暴投|ボーク|失点|自責点|防御率,1973|読　売|49|18|9||||8|2|1|.667|780|187 .1|187|.1|156|13|63|5|142|3|0|66|57|2.74,_data\master_csv__rescrape_staging\pitching_1973_CL_from_master.csv,4
1973,71973843,関本　四十四,140.0,140,True,0,0,True,63.0,63,True,1,年度|所属球団|登板|勝利|敗北|セーブ|H|HP|完投|完封勝|無四球|勝率|打者|投球回|安打|本塁打|四球|死球|三振|暴投|ボーク|失点|自責点|防御率,1973|読　売|38|4|10||||4|1|0|.286|593|140|140||143|17|46|3|69|0|0|63|53|3.41,_data\master_csv__rescrape_staging\pitching_1973_CL_from_master.csv,8
1973,01703820,高橋　一三,306.1,306 .1,False,0,0,True,82.0,82,True,1,年度|所属球団|登板|勝利|敗北|セーブ|H|HP|完投|完封勝|無四球|勝率|打者|投球回|安打|本塁打|四球|死球|三振|暴投|ボーク|失点|自責点|防御率,1973|読　売|45|23|13||||24|7|2|.639|1247|306 .1|306|.1|215|32|139|9|238|5|0|82|75|2.21,_data\master_csv__rescrape_staging\pitching_1973_CL_from_master.csv,9
1973,11913824,高橋　善正,70.1,70 .1,False,0,0,True,31.0,31,True,1,年度|所属球団|登板|勝利|敗北|セーブ|H|HP|完投|完封勝|無四球|勝率|打者|投球回|安打|本塁打|四球|死球|三振|暴投|ボーク|失点|自責点|防御率,1973|読　売|25|1|5||||1|0|0|.167|291|70 .1|70|.1|74|14|11|3|50|2|0|31|27|3.47,_data\master_csv__rescrape_staging\pitching_1973_CL_from_master.csv,10
1973,71173808,足立　光宏,103.0,103,True,7,7,True,60.0,60,True,1,年度|所属球団|登板|勝利|敗北|セーブ|H|HP|完投|完封勝|無四球|勝率|打者|投球回|安打|本塁打|四球|死球|三振|暴投|ボーク|失点|自責点|防御率,1973|阪　急|27|4|6||||3|0|1|.400|443|103|103||117|20|23|6|41|0|7|60|53|4.63,_data\master_csv__rescrape_staging\pitching_1973_PL_from_master.csv,2
1973,71173841,新井　良夫,111.2,111 .2,False,0,0,True,38.0,38,True,1,年度|所属球団|登板|勝利|敗北|セーブ|H|HP|完投|完封勝|無四球|勝率|打者|投球回|安打|本塁打|四球|死球|三振|暴投|ボーク|失点|自責点|防御率,1973|阪　急|51|2|2||||1|0|0|.500|451|111 .2|111|.2|100|9|22|2|55|3|0|38|36|2.89,_data\master_csv__rescrape_staging\pitching_1973_PL_from_master.csv,3
1973,81583843,児玉　好弘,51.2,51 .2,False,0,0,True,28.0,28,True,1,年度|所属球団|登板|勝利|敗北|セーブ|H|HP|完投|完封勝|無四球|勝率|打者|投球回|安打|本塁打|四球|死球|三振|暴投|ボーク|失点|自責点|防御率,1973|阪　急|30|4|4||||0|0|0|.500|217|51 .2|51|.2|58|5|11|2|18|1|0|28|21|3.63,_data\master_csv__rescrape_staging\pitching_1973_PL_from_master.csv,6
1973,51053829,戸田　善紀,138.2,138 .2,False,2,2,True,55.0,55,True,1,年度|所属球団|登板|勝利|敗北|セーブ|H|HP|完投|完封勝|無四球|勝率|打者|投球回|安打|本塁打|四球|死球|三振|暴投|ボーク|失点|自責点|防御率,1973|阪　急|39|8|9||||1|0|0|.471|572|138 .2|138|.2|131|19|45|1|71|2|2|55|47|3.04,_data\master_csv__rescrape_staging\pitching_1973_PL_from_master.csv,8
1973,91293820,三好　幸雄,40.1,40 .1,False,0,0,True,24.0,24,True,1,年度|所属球団|登板|勝利|敗北|セーブ|H|HP|完投|完封勝|無四球|勝率|打者|投球回|安打|本塁打|四球|死球|三振|暴投|ボーク|失点|自責点|防御率,1973|阪　急|17|1|3||||0|0|0|.250|173|40 .1|40|.1|39|7|18|2|14|1|0|24|21|4.73,_data\master_csv__rescrape_staging\pitching_1973_PL_from_master.csv,10
1974,91393849,小川　邦和,102.1,102 .1,False,0,0,True,44.0,44,True,1,年度|所属球団|登板|勝利|敗北|セーブ|H|HP|完投|完封勝|無四球|勝率|打者|投球回|安打|本塁打|四球|死球|三振|暴投|ボーク|失点|自責点|防御率,1974|読　売|42|12|4|0|||2|1|0|.750|417|102 .1|102|.1|86|15|38|4|73|1|0|44|43|3.79,_data\master_csv__rescrape_staging\pitching_1974_CL_from_master.csv,2
1974,91593820,倉田　誠,74.1,74 .1,False,0,0,True,33.0,33,True,1,年度|所属球団|登板|勝利|敗北|セーブ|H|HP|完投|完封勝|無四球|勝率|打者|投球回|安打|本塁打|四球|死球|三振|暴投|ボーク|失点|自責点|防御率,1974|読　売|38|5|3|6|||0|0|0|.625|307|74 .1|74|.1|65|7|26|2|52|1|0|33|26|3.16,_data\master_csv__rescrape_staging\pitching_1974_CL_from_master.csv,3
1974,71573847,小林　繁,130.1,130 .1,False,0,0,True,48.0,48,True,1,年度|所属球団|登板|勝利|敗北|セーブ|H|HP|完投|完封勝|無四球|勝率|打者|投球回|安打|本塁打|四球|死球|三振|暴投|ボーク|失点|自責点|防御率,1974|読　売|44|8|5|2|||2|1|0|.615|538|130 .1|130|.1|125|10|29|4|72|2|0|48|35|2.42,_data\master_csv__rescrape_staging\pitching_1974_CL_from_master.csv,4
1974,71973843,関本　四十四,162.0,162,True,0,0,True,45.0,45,True,1,年度|所属球団|登板|勝利|敗北|セーブ|H|HP|完投|完封勝|無四球|勝率|打者|投球回|安打|本塁打|四球|死球|三振|暴投|ボーク|失点|自責点|防御率,1974|読　売|37|10|5|1|||6|3|0|.667|652|162|162||136|9|39|11|55|1|0|45|41|2.28,_data\master_csv__rescrape_staging\pitching_1974_CL_from_master.csv,6
1974,01703820,高橋　一三,121.1,121 .1,False,0,0,True,74.0,74,True,1,年度|所属球団|登板|勝利|敗北|セーブ|H|HP|完投|完封勝|無四球|勝率|打者|投球回|安打|本塁打|四球|死球|三振|暴投|ボーク|失点|自責点|防御率,1974|読　売|37|2|11|0|||2|1|0|.154|547|121 .1|121|.1|136|13|51|8|75|1|0|74|69|5.13,_data\master_csv__rescrape_staging\pitching_1974_CL_from_master.csv,7
1974,71173808,足立　光宏,180.2,180 .2,False,1,1,True,76.0,76,True,1,年度|所属球団|登板|勝利|敗北|セーブ|H|HP|完投|完封勝|無四球|勝率|打者|投球回|安打|本塁打|四球|死球|三振|暴投|ボーク|失点|自責点|防御率,1974|阪　急|30|10|9|1|||8|3|0|.526|758|180 .2|180|.2|183|17|40|11|66|1|1|76|63|3.13,_data\master_csv__rescrape_staging\pitching_1974_PL_from_master.csv,2
1974,81583843,児玉　好弘,30.0,30,True,0,0,True,24.0,24,True,1,年度|所属球団|登板|勝利|敗北|セーブ|H|HP|完投|完封勝|無四球|勝率|打者|投球回|安打|本塁打|四球|死球|三振|暴投|ボーク|失点|自責点|防御率,1974|阪　急|16|2|0|0|||0|0|0|1.000|138|30|30||44|5|7|2|13|1|0|24|22|6.60,_data\master_csv__rescrape_staging\pitching_1974_PL_from_master.csv,9
1974,31933826,竹村　一義,136.0,136,True,0,0,True,69.0,69,True,1,年度|所属球団|登板|勝利|敗北|セーブ|H|HP|完投|完封勝|無四球|勝率|打者|投球回|安打|本塁打|四球|死球|三振|暴投|ボーク|失点|自責点|防御率,1974|阪　急|31|9|3|0|||2|0|0|.750|592|136|136||135|14|42|10|60|3|0|69|61|4.04,_data\master_csv__rescrape_staging\pitching_1974_PL_from_master.csv,10
1974,51053829,戸田　善紀,120.1,120 .1,False,2,2,True,51.0,51,True,1,年度|所属球団|登板|勝利|敗北|セーブ|H|HP|完投|完封勝|無四球|勝率|打者|投球回|安打|本塁打|四球|死球|三振|暴投|ボーク|失点|自責点|防御率,1974|阪　急|41|6|6|8|||1|0|0|.500|493|120 .1|120|.1|101|13|44|3|69|1|2|51|46|3.45,_data\master_csv__rescrape_staging\pitching_1974_PL_from_master.csv,11
1974,91293820,三好　幸雄,59.1,59 .1,False,1,1,True,31.0,31,True,1,年度|所属球団|登板|勝利|敗北|セーブ|H|HP|完投|完封勝|無四球|勝率|打者|投球回|安打|本塁打|四球|死球|三振|暴投|ボーク|失点|自責点|防御率,1974|阪　急|26|1|3|0|||1|1|0|.250|263|59 .1|59|.1|62|5|28|5|33|2|1|31|21|3.20,_data\master_csv__rescrape_staging\pitching_1974_PL_from_master.csv,12
1975,91393849,小川　邦和,129.2,129 .2,False,0,0,True,65.0,65,True,1,年度|所属球団|登板|勝利|敗北|セーブ|H|HP|完投|完封勝|無四球|勝率|打者|投球回|安打|本塁打|四球|死球|三振|暴投|ボーク|失点|自責点|防御率,1975|読　売|53|8|10|4|||3|1|0|.444|543|129 .2|129|.2|121|13|38|7|62|4|0|65|54|3.74,_data\master_csv__rescrape_staging\pitching_1975_CL_from_master.csv,2
1975,91593820,倉田　誠,57.0,57,True,0,0,True,22.0,22,True,1,年度|所属球団|登板|勝利|敗北|セーブ|H|HP|完投|完封勝|無四球|勝率|打者|投球回|安打|本塁打|四球|死球|三振|暴投|ボーク|失点|自責点|防御率,1975|読　売|35|3|4|2|||0|0|0|.429|239|57|57||50|5|24|4|37|1|0|22|17|2.68,_data\master_csv__rescrape_staging\pitching_1975_CL_from_master.csv,3
1975,71573847,小林　繁,106.1,106 .1,False,0,0,True,50.0,50,True,1,年度|所属球団|登板|勝利|敗北|セーブ|H|HP|完投|完封勝|無四球|勝率|打者|投球回|安打|本塁打|四球|死球|三振|暴投|ボーク|失点|自責点|防御率,1975|読　売|28|5|6|0|||3|1|1|.455|456|106 .1|106|.1|103|8|32|14|42|0|0|50|39|3.31,_data\master_csv__rescrape_staging\pitching_1975_CL_from_master.csv,4
1975,61763843,島野　修,36.1,36 .1,False,0,0,True,26.0,26,True,1,年度|所属球団|登板|勝利|敗北|セーブ|H|HP|完投|完封勝|無四球|勝率|打者|投球回|安打|本塁打|四球|死球|三振|暴投|ボーク|失点|自責点|防御率,1975|読　売|13|0|3|0|||1|0|0|.000|167|36 .1|36|.1|52|9|11|1|9|0|0|26|25|6.25,_data\master_csv__rescrape_staging\pitching_1975_CL_from_master.csv,5
1975,71973843,関本　四十四,47.2,47 .2,False,0,0,True,27.0,27,True,1,年度|所属球団|登板|勝利|敗北|セーブ|H|HP|完投|完封勝|無四球|勝率|打者|投球回|安打|本塁打|四球|死球|三振|暴投|ボーク|失点|自責点|防御率,1975|読　売|14|0|4|0|||0|0|0|.000|220|47 .2|47|.2|59|7|19|3|18|0|0|27|21|3.94,_data\master_csv__rescrape_staging\pitching_1975_CL_from_master.csv,7
1975,71173808,足立　光宏,191.2,191 .2,False,0,0,True,69.0,69,True,1,年度|所属球団|登板|勝利|敗北|セーブ|H|HP|完投|完封勝|無四球|勝率|打者|投球回|安打|本塁打|四球|死球|三振|暴投|ボーク|失点|自責点|防御率,1975|阪　急|26|11|10|0|||16|1|3|.524|780|191 .2|191|.2|177|12|32|11|66|0|0|69|58|2.72,_data\master_csv__rescrape_staging\pitching_1975_PL_from_master.csv,2
1975,21523822,白石　静生,94.1,94 .1,False,0,0,True,43.0,43,True,1,年度|所属球団|登板|勝利|敗北|セーブ|H|HP|完投|完封勝|無四球|勝率|打者|投球回|安打|本塁打|四球|死球|三振|暴投|ボーク|失点|自責点|防御率,1975|阪　急|23|3|8|0|||4|0|1|.273|414|94 .1|94|.1|90|15|47|3|36|0|0|43|40|3.83,_data\master_csv__rescrape_staging\pitching_1975_PL_from_master.csv,6
1975,31933826,竹村　一義,137.1,137 .1,False,0,0,True,64.0,64,True,1,年度|所属球団|登板|勝利|敗北|セーブ|H|HP|完投|完封勝|無四球|勝率|打者|投球回|安打|本塁打|四球|死球|三振|暴投|ボーク|失点|自責点|防御率,1975|阪　急|26|11|6|0|||7|0|1|.647|581|137 .1|137|.1|126|19|53|3|45|3|0|64|53|3.48,_data\master_csv__rescrape_staging\pitching_1975_PL_from_master.csv,7
1975,51053829,戸田　善紀,125.1,125 .1,False,0,0,True,51.0,51,True,1,年度|所属球団|登板|勝利|敗北|セーブ|H|HP|完投|完封勝|無四球|勝率|打者|投球回|安打|本塁打|四球|死球|三振|暴投|ボーク|失点|自責点|防御率,1975|阪　急|26|11|5|0|||8|3|0|.688|522|125 .1|125|.1|113|17|43|1|57|0|0|51|44|3.17,_data\master_csv__rescrape_staging\pitching_1975_PL_from_master.csv,8
1975,91293820,三好　幸雄,108.1,108 .1,False,0,0,True,44.0,44,True,1,年度|所属球団|登板|勝利|敗北|セーブ|H|HP|完投|完封勝|無四球|勝率|打者|投球回|安打|本塁打|四球|死球|三振|暴投|ボーク|失点|自責点|防御率,1975|阪　急|27|2|2|1|||0|0|0|.500|462|108 .1|108|.1|111|9|45|8|36|3|0|44|38|3.17,_data\master_csv__rescrape_staging\pitching_1975_PL_from_master.csv,9
1976,91393849,小川　邦和,68.2,68 .2,False,0,0,True,28.0,28,True,1,年度|所属球団|登板|勝利|敗北|セーブ|H|HP|完投|完封勝|無四球|勝率|打者|投球回|安打|本塁打|四球|死球|三振|暴投|ボーク|失点|自責点|防御率,1976|読　売|36|3|2|1|||0|0|0|.600|282|68 .2|68|.2|71|13|13|3|32|0|0|28|25|3.26,_data\master_csv__rescrape_staging\pitching_1976_CL_from_master.csv,2
1976,31333845,加藤　初,168.0,168,True,0,0,True,72.0,72,True,1,年度|所属球団|登板|勝利|敗北|セーブ|H|HP|完投|完封勝|無四球|勝率|打者|投球回|安打|本塁打|四球|死球|三振|暴投|ボーク|失点|自責点|防御率,1976|読　売|46|15|4|8|||4|1|0|.789|696|168|168||141|21|63|2|161|8|0|72|69|3.70,_data\master_csv__rescrape_staging\pitching_1976_CL_from_master.csv,3
1976,71573847,小林　繁,217.1,217 .1,False,0,0,True,77.0,77,True,1,年度|所属球団|登板|勝利|敗北|セーブ|H|HP|完投|完封勝|無四球|勝率|打者|投球回|安打|本塁打|四球|死球|三振|暴投|ボーク|失点|自責点|防御率,1976|読　売|43|18|8|2|||7|1|1|.692|868|217 .1|217|.1|192|30|47|9|129|0|0|77|72|2.99,_data\master_csv__rescrape_staging\pitching_1976_CL_from_master.csv,5
1976,11913824,高橋　良昌,62.2,62 .2,False,0,0,True,27.0,27,True,1,年度|所属球団|登板|勝利|敗北|セーブ|H|HP|完投|完封勝|無四球|勝率|打者|投球回|安打|本塁打|四球|死球|三振|暴投|ボーク|失点|自責点|防御率,1976|読　売|25|3|1|1|||0|0|0|.750|252|62 .2|62|.2|62|12|12|3|39|0|0|27|24|3.43,_data\master_csv__rescrape_staging\pitching_1976_CL_from_master.csv,7
1976,91093843,新浦　寿夫,197.1,197 .1,False,0,0,True,82.0,82,True,1,年度|所属球団|登板|勝利|敗北|セーブ|H|HP|完投|完封勝|無四球|勝率|打者|投球回|安打|本塁打|四球|死球|三振|暴投|ボーク|失点|自責点|防御率,1976|読　売|50|11|11|5|||10|3|1|.500|818|197 .1|197|.1|156|20|81|2|162|2|0|82|68|3.11,_data\master_csv__rescrape_staging\pitching_1976_CL_from_master.csv,10
1976,71173808,足立　光宏,212.2,212 .2,False,0,0,True,80.0,80,True,1,年度|所属球団|登板|勝利|敗北|セーブ|H|HP|完投|完封勝|無四球|勝率|打者|投球回|安打|本塁打|四球|死球|三振|暴投|ボーク|失点|自責点|防御率,1976|阪　急|31|17|8|1|||14|2|3|.680|868|212 .2|212|.2|207|18|27|14|67|2|0|80|60|2.54,_data\master_csv__rescrape_staging\pitching_1976_PL_from_master.csv,2
1976,71173841,新井　良夫,25.0,25,True,0,0,True,26.0,26,True,1,年度|所属球団|登板|勝利|敗北|セーブ|H|HP|完投|完封勝|無四球|勝率|打者|投球回|安打|本塁打|四球|死球|三振|暴投|ボーク|失点|自責点|防御率,1976|阪　急|7|1|1|0|||1|0|0|.500|114|25|25||30|8|11|0|7|0|0|26|23|8.28,_data\master_csv__rescrape_staging\pitching_1976_PL_from_master.csv,3
1976,51353843,今井　雄太郎,64.2,64 .2,False,0,0,True,38.0,38,True,1,年度|所属球団|登板|勝利|敗北|セーブ|H|HP|完投|完封勝|無四球|勝率|打者|投球回|安打|本塁打|四球|死球|三振|暴投|ボーク|失点|自責点|防御率,1976|阪　急|16|3|3|0|||2|1|1|.500|276|64 .2|64|.2|66|5|27|2|34|1|0|38|33|4.57,_data\master_csv__rescrape_staging\pitching_1976_PL_from_master.csv,4
1976,61563825,大石　弥太郎,61.1,61 .1,False,0,0,True,28.0,28,True,1,年度|所属球団|登板|勝利|敗北|セーブ|H|HP|完投|完封勝|無四球|勝率|打者|投球回|安打|本塁打|四球|死球|三振|暴投|ボーク|失点|自責点|防御率,1976|阪　急|13|4|3|0|||4|2|0|.571|269|61 .1|61|.1|68|8|22|2|15|2|0|28|26|3.84,_data\master_csv__rescrape_staging\pitching_1976_PL_from_master.csv,5
1976,21523822,白石　静生,69.2,69 .2,False,0,0,True,40.0,40,True,1,年度|所属球団|登板|勝利|敗北|セーブ|H|HP|完投|完封勝|無四球|勝率|打者|投球回|安打|本塁打|四球|死球|三振|暴投|ボーク|失点|自責点|防御率,1976|阪　急|21|4|5|2|||2|0|0|.444|308|69 .2|69|.2|65|9|42|3|30|0|0|40|34|4.37,_data\master_csv__rescrape_staging\pitching_1976_PL_from_master.csv,6
1977,71173824,浅野　啓司,93.1,93 .1,False,0,0,True,32.0,32,True,1,年度|所属球団|登板|勝利|敗北|セーブ|H|HP|完投|完封勝|無四球|勝率|打者|投球回|安打|本塁打|四球|死球|三振|暴投|ボーク|失点|自責点|防御率,1977|読　売|31|9|4|1|||2|0|0|.692|394|93 .1|93|.1|86|13|38|1|61|3|0|32|26|2.52,_data\master_csv__rescrape_staging\pitching_1977_CL_from_master.csv,2
1977,71573847,小林　繁,216.1,216 .1,False,2,2,True,89.0,89,True,1,年度|所属球団|登板|勝利|敗北|セーブ|H|HP|完投|完封勝|無四球|勝率|打者|投球回|安打|本塁打|四球|死球|三振|暴投|ボーク|失点|自責点|防御率,1977|読　売|42|18|8|7|||11|3|0|.692|897|216 .1|216|.1|197|25|65|4|155|0|2|89|70|2.92,_data\master_csv__rescrape_staging\pitching_1977_CL_from_master.csv,6
1977,11913824,高橋　良昌,55.2,55 .2,False,0,0,True,34.0,34,True,1,年度|所属球団|登板|勝利|敗北|セーブ|H|HP|完投|完封勝|無四球|勝率|打者|投球回|安打|本塁打|四球|死球|三振|暴投|ボーク|失点|自責点|防御率,1977|読　売|45|3|2|3|||0|0|0|.600|241|55 .2|55|.2|58|9|22|0|30|3|0|34|27|4.34,_data\master_csv__rescrape_staging\pitching_1977_CL_from_master.csv,9
1977,91093843,新浦　寿夫,136.0,136,True,1,1,True,38.0,38,True,1,年度|所属球団|登板|勝利|敗北|セーブ|H|HP|完投|完封勝|無四球|勝率|打者|投球回|安打|本塁打|四球|死球|三振|暴投|ボーク|失点|自責点|防御率,1977|読　売|44|11|3|9|||5|1|0|.786|549|136|136||104|10|60|1|96|2|1|38|35|2.32,_data\master_csv__rescrape_staging\pitching_1977_CL_from_master.csv,12
1977,91793842,西本　聖,118.0,118,True,0,0,True,44.0,44,True,1,年度|所属球団|登板|勝利|敗北|セーブ|H|HP|完投|完封勝|無四球|勝率|打者|投球回|安打|本塁打|四球|死球|三振|暴投|ボーク|失点|自責点|防御率,1977|読　売|47|8|5|4|||2|1|0|.615|486|118|118||115|10|31|5|54|1|0|44|35|2.67,_data\master_csv__rescrape_staging\pitching_1977_CL_from_master.csv,13
1977,71173808,足立　光宏,114.0,114,True,0,0,True,54.0,54,True,1,年度|所属球団|登板|勝利|敗北|セーブ|H|HP|完投|完封勝|無四球|勝率|打者|投球回|安打|本塁打|四球|死球|三振|暴投|ボーク|失点|自責点|防御率,1977|阪　急|20|7|7|0|||7|2|3|.500|461|114|114||117|10|17|3|38|0|0|54|40|3.16,_data\master_csv__rescrape_staging\pitching_1977_PL_from_master.csv,2
1977,31333843,稲葉　光雄,190.2,190 .2,False,2,2,True,56.0,56,True,1,年度|所属球団|登板|勝利|敗北|セーブ|H|HP|完投|完封勝|無四球|勝率|打者|投球回|安打|本塁打|四球|死球|三振|暴投|ボーク|失点|自責点|防御率,1977|阪　急|30|17|6|1|||9|4|2|.739|757|190 .2|190|.2|146|17|51|7|104|0|2|56|52|2.45,_data\master_csv__rescrape_staging\pitching_1977_PL_from_master.csv,3
1977,51353843,今井　雄太郎,46.2,46 .2,False,0,0,True,30.0,30,True,1,年度|所属球団|登板|勝利|敗北|セーブ|H|HP|完投|完封勝|無四球|勝率|打者|投球回|安打|本塁打|四球|死球|三振|暴投|ボーク|失点|自責点|防御率,1977|阪　急|12|1|3|0|||3|0|0|.250|222|46 .2|46|.2|55|7|26|2|32|0|0|30|22|4.21,_data\master_csv__rescrape_staging\pitching_1977_PL_from_master.csv,4
1977,11513826,川畑　和人,34.0,34,True,0,0,True,23.0,23,True,1,年度|所属球団|登板|勝利|敗北|セーブ|H|HP|完投|完封勝|無四球|勝率|打者|投球回|安打|本塁打|四球|死球|三振|暴投|ボーク|失点|自責点|防御率,1977|阪　急|12|1|2|0|||0|0|0|.333|163|34|34||34|2|27|2|11|1|0|23|13|3.44,_data\master_csv__rescrape_staging\pitching_1977_PL_from_master.csv,6
1977,91393844,佐藤　義則,109.2,109 .2,False,0,0,True,48.0,48,True,1,年度|所属球団|登板|勝利|敗北|セーブ|H|HP|完投|完封勝|無四球|勝率|打者|投球回|安打|本塁打|四球|死球|三振|暴投|ボーク|失点|自責点|防御率,1977|阪　急|20|7|3|1|||5|1|0|.700|474|109 .2|109|.2|104|11|50|5|75|4|0|48|47|3.85,_data\master_csv__rescrape_staging\pitching_1977_PL_from_master.csv,8
1978,71173824,浅野　啓司,45.2,45 .2,False,0,0,True,33.0,33,True,1,年度|所属球団|登板|勝利|敗北|セーブ|H|HP|完投|完封勝|無四球|勝率|打者|投球回|安打|本塁打|四球|死球|三振|暴投|ボーク|失点|自責点|防御率,1978|読　売|23|2|3|0|||0|0|0|.400|206|45 .2|45|.2|45|2|29|0|21|0|0|33|29|5.67,_data\master_csv__rescrape_staging\pitching_1978_CL_from_master.csv,2
1978,01303849,小俣　進,57.1,57 .1,False,1,1,True,27.0,27,True,1,年度|所属球団|登板|勝利|敗北|セーブ|H|HP|完投|完封勝|無四球|勝率|打者|投球回|安打|本塁打|四球|死球|三振|暴投|ボーク|失点|自責点|防御率,1978|読　売|29|2|1|0|||0|0|0|.667|249|57 .1|57|.1|60|3|29|0|28|1|1|27|27|4.26,_data\master_csv__rescrape_staging\pitching_1978_CL_from_master.csv,3
1978,31333845,加藤　初,157.0,157,True,1,1,True,70.0,70,True,1,年度|所属球団|登板|勝利|敗北|セーブ|H|HP|完投|完封勝|無四球|勝率|打者|投球回|安打|本塁打|四球|死球|三振|暴投|ボーク|失点|自責点|防御率,1978|読　売|34|8|5|3|||4|0|0|.615|661|157|157||146|17|64|8|114|5|1|70|63|3.61,_data\master_csv__rescrape_staging\pitching_1978_CL_from_master.csv,4
1978,71573847,小林　繁,191.1,191 .1,False,1,1,True,97.0,97,True,1,年度|所属球団|登板|勝利|敗北|セーブ|H|HP|完投|完封勝|無四球|勝率|打者|投球回|安打|本塁打|四球|死球|三振|暴投|ボーク|失点|自責点|防御率,1978|読　売|43|13|12|2|||5|0|2|.520|805|191 .1|191|.1|176|23|73|12|130|3|1|97|87|4.10,_data\master_csv__rescrape_staging\pitching_1978_CL_from_master.csv,5
1978,91593846,角　三男,112.2,112 .2,False,0,0,True,38.0,38,True,1,年度|所属球団|登板|勝利|敗北|セーブ|H|HP|完投|完封勝|無四球|勝率|打者|投球回|安打|本塁打|四球|死球|三振|暴投|ボーク|失点|自責点|防御率,1978|読　売|60|5|7|7|||0|0|0|.417|477|112 .2|112|.2|76|6|77|6|89|1|0|38|36|2.87,_data\master_csv__rescrape_staging\pitching_1978_CL_from_master.csv,8
1978,71173808,足立　光宏,85.2,85 .2,False,0,0,True,47.0,47,True,1,年度|所属球団|登板|勝利|敗北|セーブ|H|HP|完投|完封勝|無四球|勝率|打者|投球回|安打|本塁打|四球|死球|三振|暴投|ボーク|失点|自責点|防御率,1978|阪　急|15|4|6|1|||3|0|0|.400|371|85 .2|85|.2|101|13|12|6|23|0|0|47|40|4.19,_data\master_csv__rescrape_staging\pitching_1978_PL_from_master.csv,2
1978,31333843,稲葉　光雄,164.0,164,True,0,0,True,62.0,62,True,1,年度|所属球団|登板|勝利|敗北|セーブ|H|HP|完投|完封勝|無四球|勝率|打者|投球回|安打|本塁打|四球|死球|三振|暴投|ボーク|失点|自責点|防御率,1978|阪　急|25|10|5|0|||7|3|0|.667|679|164|164||159|17|51|3|74|2|0|62|53|2.91,_data\master_csv__rescrape_staging\pitching_1978_PL_from_master.csv,3
1978,51353843,今井　雄太郎,188.2,188 .2,False,0,0,True,67.0,67,True,1,年度|所属球団|登板|勝利|敗北|セーブ|H|HP|完投|完封勝|無四球|勝率|打者|投球回|安打|本塁打|四球|死球|三振|暴投|ボーク|失点|自責点|防御率,1978|阪　急|34|13|4|1|||12|2|4|.765|766|188 .2|188|.2|165|15|49|6|122|0|0|67|50|2.38,_data\master_csv__rescrape_staging\pitching_1978_PL_from_master.csv,4
1978,71373844,三枝　規悦,78.2,78 .2,False,0,0,True,32.0,32,True,1,年度|所属球団|登板|勝利|敗北|セーブ|H|HP|完投|完封勝|無四球|勝率|打者|投球回|安打|本塁打|四球|死球|三振|暴投|ボーク|失点|自責点|防御率,1978|阪　急|24|4|2|0|||1|0|0|.667|322|78 .2|78|.2|81|8|15|3|26|1|0|32|29|3.30,_data\master_csv__rescrape_staging\pitching_1978_PL_from_master.csv,5
1978,91393844,佐藤　義則,194.0,194,True,0,0,True,88.0,88,True,1,年度|所属球団|登板|勝利|敗北|セーブ|H|HP|完投|完封勝|無四球|勝率|打者|投球回|安打|本塁打|四球|死球|三振|暴投|ボーク|失点|自責点|防御率,1978|阪　急|33|13|8|1|||12|3|1|.619|814|194|194||176|22|73|6|114|3|0|88|78|3.62,_data\master_csv__rescrape_staging\pitching_1978_PL_from_master.csv,6
1979,71173824,浅野　啓司,49.1,49 .1,False,0,0,True,34.0,34,True,1,年度|所属球団|登板|勝利|敗北|セーブ|H|HP|完投|完封勝|無四球|勝率|打者|投球回|安打|本塁打|四球|死球|三振|暴投|ボーク|失点|自責点|防御率,1979|読　売|21|2|3|0|||0|0|0|.400|229|49 .1|49|.1|60|8|27|1|33|2|0|34|33|6.06,_data\master_csv__rescrape_staging\pitching_1979_CL_from_master.csv,2
1979,41143806,石井　茂雄,39.0,39,True,0,0,True,20.0,20,True,1,年度|所属球団|登板|勝利|敗北|セーブ|H|HP|完投|完封勝|無四球|勝率|打者|投球回|安打|本塁打|四球|死球|三振|暴投|ボーク|失点|自責点|防御率,1979|読　売|15|2|2|0|||0|0|0|.500|169|39|39||40|7|10|2|21|0|0|20|16|3.69,_data\master_csv__rescrape_staging\pitching_1979_CL_from_master.csv,4
1979,91193848,江川　卓,161.0,161,True,1,1,True,57.0,57,True,1,年度|所属球団|登板|勝利|敗北|セーブ|H|HP|完投|完封勝|無四球|勝率|打者|投球回|安打|本塁打|四球|死球|三振|暴投|ボーク|失点|自責点|防御率,1979|読　売|27|9|10|0|||7|2|1|.474|653|161|161||132|22|50|0|138|0|1|57|50|2.80,_data\master_csv__rescrape_staging\pitching_1979_CL_from_master.csv,5
1979,31333845,加藤　初,142.0,142,True,0,0,True,68.0,68,True,1,年度|所属球団|登板|勝利|敗北|セーブ|H|HP|完投|完封勝|無四球|勝率|打者|投球回|安打|本塁打|四球|死球|三振|暴投|ボーク|失点|自責点|防御率,1979|読　売|36|7|10|2|||1|0|0|.412|596|142|142||124|23|57|1|98|1|0|68|63|3.99,_data\master_csv__rescrape_staging\pitching_1979_CL_from_master.csv,7
1979,71373848,鹿取　義隆,59.0,59,True,1,1,True,24.0,24,True,1,年度|所属球団|登板|勝利|敗北|セーブ|H|HP|完投|完封勝|無四球|勝率|打者|投球回|安打|本塁打|四球|死球|三振|暴投|ボーク|失点|自責点|防御率,1979|読　売|38|3|2|2|||0|0|0|.600|244|59|59||45|5|25|5|29|0|1|24|22|3.36,_data\master_csv__rescrape_staging\pitching_1979_CL_from_master.csv,8
1979,31333843,稲葉　光雄,151.0,151,True,1,1,True,84.0,84,True,1,年度|所属球団|登板|勝利|敗北|セーブ|H|HP|完投|完封勝|無四球|勝率|打者|投球回|安打|本塁打|四球|死球|三振|暴投|ボーク|失点|自責点|防御率,1979|阪　急|23|11|9|0|||9|1|1|.550|646|151|151||154|23|47|5|84|1|1|84|73|4.35,_data\master_csv__rescrape_staging\pitching_1979_PL_from_master.csv,3
1979,51353843,今井　雄太郎,166.2,166 .2,False,0,0,True,85.0,85,True,1,年度|所属球団|登板|勝利|敗北|セーブ|H|HP|完投|完封勝|無四球|勝率|打者|投球回|安打|本塁打|四球|死球|三振|暴投|ボーク|失点|自責点|防御率,1979|阪　急|27|11|7|0|||9|2|1|.611|727|166 .2|166|.2|179|12|72|7|65|6|0|85|79|4.26,_data\master_csv__rescrape_staging\pitching_1979_PL_from_master.csv,4
1979,71373844,三枝　規悦,57.1,57 .1,False,0,0,True,35.0,35,True,1,年度|所属球団|登板|勝利|敗北|セーブ|H|HP|完投|完封勝|無四球|勝率|打者|投球回|安打|本塁打|四球|死球|三振|暴投|ボーク|失点|自責点|防御率,1979|阪　急|16|4|1|0|||2|0|0|.800|251|57 .1|57|.1|67|15|12|3|23|0|0|35|33|5.21,_data\master_csv__rescrape_staging\pitching_1979_PL_from_master.csv,5
1979,91393844,佐藤　義則,155.1,155 .1,False,0,0,True,85.0,85,True,1,年度|所属球団|登板|勝利|敗北|セーブ|H|HP|完投|完封勝|無四球|勝率|打者|投球回|安打|本塁打|四球|死球|三振|暴投|ボーク|失点|自責点|防御率,1979|阪　急|26|10|6|2|||11|1|0|.625|696|155 .1|155|.1|177|22|65|4|92|1|0|85|74|4.30,_data\master_csv__rescrape_staging\pitching_1979_PL_from_master.csv,6
1979,21523822,白石　静生,125.1,125 .1,False,0,0,True,64.0,64,True,1,年度|所属球団|登板|勝利|敗北|セーブ|H|HP|完投|完封勝|無四球|勝率|打者|投球回|安打|本塁打|四球|死球|三振|暴投|ボーク|失点|自責点|防御率,1979|阪　急|20|8|5|0|||5|0|0|.615|557|125 .1|125|.1|129|23|52|4|57|1|0|64|58|4.18,_data\master_csv__rescrape_staging\pitching_1979_PL_from_master.csv,7
