year,league,player_id,player_name_ja,changed_cols,old,new,html,csv_file
1950,CL,83683801,渡辺　博之,H|HR|SO,4|+|0||2|0|2|0|0|4|1|----,4|+|2|0|2|0|0|0|0|4|1|----,1950|阪　神|1|0|0||||0|0|0|.000|4|+||+|2|0|2|0|0|0|0|4|1|----,_data\master_csv__rescrape_staging\pitching_1950_CL_from_master.csv
1950,CL,61463801,佐復　良一,H|HR|BB|SO,3|+|0||1|0|2|0|0|2|2|----,3|+|1|0|2|0|0|0|0|2|2|----,1950|国　鉄|1|0|0||||0|0|0|.000|3|+||+|1|0|2|0|0|0|0|2|2|----,_data\master_csv__rescrape_staging\pitching_1950_CL_from_master.csv
1950,CL,73573801,土佐内　吉治,H|HR|BB|SO,3|+|0||2|0|1|0|0|3|3|----,3|+|2|0|1|0|0|0|0|3|3|----,1950|国　鉄|1|0|0||||0|0|0|.000|3|+||+|2|0|1|0|0|0|0|3|3|----,_data\master_csv__rescrape_staging\pitching_1950_CL_from_master.csv
1951,CL,21523898,中津　正三,H|HR|BB|SO,5|+|0||3|0|2|0|0|4|4|----,5|+|3|0|2|0|0|0|0|4|4|----,1951|大　洋|1|0|0||||0|0|0|.000|5|+||+|3|0|2|0|0|0|0|4|4|----,_data\master_csv__rescrape_staging\pitching_1951_CL_from_master.csv
1952,CL,01303805,大辻　秀夫,H|HR|BB|SO|BK,4|+|0||1|0|2|0|0|3|2|----,4|+|1|0|2|0|0|0|1|3|2|----,1952|国　鉄|1|0|0||||0|0|0|.000|4|+||+|1|0|2|0|0|0|1|3|2|----,_data\master_csv__rescrape_staging\pitching_1952_CL_from_master.csv
1952,PL,11513805,岡本　健治,HR|BB|SO,2|+|0||0|0|2|0|0|0|0|0.0,2|+|0|0|2|0|0|0|0|0|0|0.0,1952|西　鉄|1|0|0||||0|0|0|.000|2|+||+|0|0|2|0|0|0|0|0|0|0.00,_data\master_csv__rescrape_staging\pitching_1952_PL_from_master.csv
1954,PL,41943807,白崎　泰夫,H|HR|WP,0|+|||0|0|0|0|0|0|0|0.0,0|+|0|0|0|0|0|1|0|0|0|0.0,1954|南　海|1|0|0||||0|0|0|.000|0|+||+|0|0|0|0|0|1|0|0|0|0.00,_data\master_csv__rescrape_staging\pitching_1954_PL_from_master.csv
1954,PL,41843809,藤川　哲郎,H|HR|BB|SO,5|+|0||2|0|3|0|0|5|4|----,5|+|2|0|3|0|0|0|0|5|4|----,1954|毎　日|1|0|1||||0|0|0|.000|5|+||+|2|0|3|0|0|0|0|5|4|----,_data\master_csv__rescrape_staging\pitching_1954_PL_from_master.csv
1956,PL,71073802,田中　久寿男,H|HR|SO,2|+|0||1|0|1|0|0|0|0|0.0,2|+|1|0|1|0|0|0|0|0|0|0.0,1956|西　鉄|1|0|0||||0|0|0|.000|2|+||+|1|0|1|0|0|0|0|0|0|0.00,_data\master_csv__rescrape_staging\pitching_1956_PL_from_master.csv
1957,PL,21523803,鈴木　幸雄,H|HR|BB,2|+|0||2|0|0|0|0|1|0|0.0,2|+|2|0|0|0|0|0|0|1|0|0.0,1957|阪　急|1|0|0||||0|0|0|.000|2|+||+|2|0|0|0|0|0|0|1|0|0.00,_data\master_csv__rescrape_staging\pitching_1957_PL_from_master.csv
1957,PL,51353809,海野　尚武,H|HR|BB|SO,4|+|0||3|0|1|0|0|3|2|----,4|+|3|0|1|0|0|0|0|3|2|----,1957|東　映|1|0|0||||0|0|0|.000|4|+||+|3|0|1|0|0|0|0|3|2|----,_data\master_csv__rescrape_staging\pitching_1957_PL_from_master.csv
1958,CL,71073800,佐川　守一,H|HR|BB|SO,3|+|0||1|0|2|0|0|3|2|----,3|+|1|0|2|0|0|0|0|3|2|----,1958|広　島|1|0|0||||0|0|0|.000|3|+||+|1|0|2|0|0|0|0|3|2|----,_data\master_csv__rescrape_staging\pitching_1958_CL_from_master.csv
1958,PL,81483804,衆樹　資宏,H|HR|BB|SO|WP,3|+|0||1|0|2|0|0|1|1|----,3|+|1|0|2|0|0|1|0|1|1|----,1958|大　毎|1|0|0||||0|0|0|.000|3|+||+|1|0|2|0|0|1|0|1|1|----,_data\master_csv__rescrape_staging\pitching_1958_PL_from_master.csv
1960,CL,91393821,金子　哲夫,H|HR|BB,3|+|0||3|0|0|0|0|2|2|----,3|+|3|0|0|0|0|0|0|2|2|----,1960|阪　神|1|0|0||||0|0|0|.000|3|+||+|3|0|0|0|0|0|0|2|2|----,_data\master_csv__rescrape_staging\pitching_1960_CL_from_master.csv
1960,CL,01303821,神垣　雅詔,HR|BB|SO,2|+|0||0|0|2|0|0|0|0|0.0,2|+|0|0|2|0|0|0|0|0|0|0.0,1960|広　島|1|0|0||||0|0|0|.000|2|+||+|0|0|2|0|0|0|0|0|0|0.00,_data\master_csv__rescrape_staging\pitching_1960_CL_from_master.csv
1960,CL,51353808,浦西　美治,H|HR|SO|WP,4|+|0||2|0|2|0|0|2|2|----,4|+|2|0|2|0|0|1|0|2|2|----,1960|中　日|2|0|0||||0|0|0|.000|4|+||+|2|0|2|0|0|1|0|2|2|----,_data\master_csv__rescrape_staging\pitching_1960_CL_from_master.csv
1960,PL,31033821,長谷川　武,H|HR|BB|HBP,3|+|0||2|1|0|0|0|3|2|----,3|+|2|1|0|0|0|0|0|3|2|----,1960|大　毎|1|0|0||||0|0|0|.000|3|+||+|2|1|0|0|0|0|0|3|2|----,_data\master_csv__rescrape_staging\pitching_1960_PL_from_master.csv
1961,CL,21523821,近藤　隆正,H|HR|BB|SO,3|+|0||2|0|1|0|0|3|1|----,3|+|2|0|1|0|0|0|0|3|1|----,1961|読　売|1|0|0||||0|0|0|.000|3|+||+|2|0|1|0|0|0|0|3|1|----,_data\master_csv__rescrape_staging\pitching_1961_CL_from_master.csv
1961,PL,91193823,井上　勝巳,HR|BB|SO|WP,2|+|0||0|0|2|0|0|0|0|0.0,2|+|0|0|2|0|0|1|0|0|0|0.0,1961|大　毎|1|0|0||||0|0|0|.000|2|+||+|0|0|2|0|0|1|0|0|0|0.00,_data\master_csv__rescrape_staging\pitching_1961_PL_from_master.csv
1962,CL,93193825,森田　斌,HR|BB|SO,1|+|0||0|0|1|0|0|0|0|0.0,1|+|0|0|1|0|0|0|0|0|0|0.0,1962|大　洋|1|0|0||||0|0|0|.000|1|+||+|0|0|1|0|0|0|0|0|0|0.00,_data\master_csv__rescrape_staging\pitching_1962_CL_from_master.csv
1962,CL,53153825,村上　俊義,HR|BB|SO,1|+|0||0|0|1|0|0|0|0|0.0,1|+|0|0|1|0|0|0|0|0|0|0.0,1962|阪　神|1|0|0||||0|0|0|.000|1|+||+|0|0|1|0|0|0|0|0|0|0.00,_data\master_csv__rescrape_staging\pitching_1962_CL_from_master.csv
1962,PL,01203804,福田　昌久,HR|HBP|WP,1|+|0||0|0|0|1|0|0|0|0.0,1|+|0|0|0|1|0|0|0|0|0|0.0,1962|南　海|1|0|0||||0|0|0|.000|1|+||+|0|0|0|1|0|0|0|0|0|0.00,_data\master_csv__rescrape_staging\pitching_1962_PL_from_master.csv
1963,PL,01703827,長南　恒夫,H|HR|BB|HBP,2|+|0||2|1|0|0|0|1|1|----,2|+|2|1|0|0|0|0|0|1|1|----,1963|東　映|1|0|0||||0|0|0|.000|2|+||+|2|1|0|0|0|0|0|1|1|----,_data\master_csv__rescrape_staging\pitching_1963_PL_from_master.csv
1964,PL,21223827,吉田　勝彦,HR|BB|SO,3|+|0||0|0|3|0|0|1|1|----,3|+|0|0|3|0|0|0|0|1|1|----,1964|近　鉄|1|0|0||||0|0|0|.000|3|+||+|0|0|3|0|0|0|0|1|1|----,_data\master_csv__rescrape_staging\pitching_1964_PL_from_master.csv
1965,CL,91593820,倉田　誠,HR|BB|SO,2|+|0||0|0|2|0|0|0|0|0.0,2|+|0|0|2|0|0|0|0|0|0|0.0,1965|読　売|1|0|0||||0|0|0|.000|2|+||+|0|0|2|0|0|0|0|0|0|0.00,_data\master_csv__rescrape_staging\pitching_1965_CL_from_master.csv
1965,CL,11513820,門谷　昭,HR|BB|SO,1|+|0||0|0|1|0|0|1|1|----,1|+|0|0|1|0|0|0|0|1|1|----,1965|広　島|1|0|0||||0|0|0|.000|1|+||+|0|0|1|0|0|0|0|1|1|----,_data\master_csv__rescrape_staging\pitching_1965_CL_from_master.csv
1966,PL,71073820,橋本　孝志,H|HR|BB|SO,3|+|0||2|0|1|0|0|3|2|----,3|+|2|0|1|0|0|0|0|3|2|----,1966|近　鉄|1|0|0||||0|0|0|.000|3|+||+|2|0|1|0|0|0|0|3|2|----,_data\master_csv__rescrape_staging\pitching_1966_PL_from_master.csv
1967,CL,81983824,橋本　勝隆,HR|BB|SO,1|+|0||0|0|1|0|0|0|0|0.0,1|+|0|0|1|0|0|0|0|0|0|0.0,1967|中　日|1|0|0||||0|0|0|.000|1|+||+|0|0|1|0|0|0|0|0|0|0.00,_data\master_csv__rescrape_staging\pitching_1967_CL_from_master.csv
1968,CL,51653829,吉沢　秀和,H|HR|BB,2|+|0||2|0|0|0|0|0|0|0.0,2|+|2|0|0|0|0|0|0|0|0|0.0,1968|読　売|1|0|0||||0|0|0|.000|2|+||+|2|0|0|0|0|0|0|0|0|0.00,_data\master_csv__rescrape_staging\pitching_1968_CL_from_master.csv
1970,CL,41143822,鏑木　悦純,H|HR|BB,4|+|0||4|0|0|0|0|1|1|----,4|+|4|0|0|0|0|0|0|1|1|----,1970|阪　神|1|0|0||||0|0|0|.000|4|+||+|4|0|0|0|0|0|0|1|1|----,_data\master_csv__rescrape_staging\pitching_1970_CL_from_master.csv
1971,CL,81583808,河村　保彦,H|HR|BB,2|+|0||2|0|0|0|0|0|0|0.0,2|+|2|0|0|0|0|0|0|0|0|0.0,1971|ヤクルト|1|0|0||||0|0|0|.000|2|+||+|2|0|0|0|0|0|0|0|0|0.00,_data\master_csv__rescrape_staging\pitching_1971_CL_from_master.csv
1971,CL,01203843,三橋　豊夫,HR|BB|SO,1|+|0||0|0|1|0|0|1|1|----,1|+|0|0|1|0|0|0|0|1|1|----,1971|ヤクルト|1|0|0||||0|0|0|.000|1|+||+|0|0|1|0|0|0|0|1|1|----,_data\master_csv__rescrape_staging\pitching_1971_CL_from_master.csv
1972,CL,41943845,永射　保,H|HR|BB,1|+|0||1|0|0|0|0|1|1|----,1|+|1|0|0|0|0|0|0|1|1|----,1972|広島東洋|1|0|0||||0|0|0|.000|1|+||+|1|0|0|0|0|0|0|1|1|----,_data\master_csv__rescrape_staging\pitching_1972_CL_from_master.csv
1973,CL,71773843,佐藤　政夫,H|HR|BB,1|+|0||1|0|0|0|0|0|0|0.0,1|+|1|0|0|0|0|0|0|0|0|0.0,1973|ロッテ|1|0|0||||0|0|0|.000|1|+||+|1|0|0|0|0|0|0|0|0|0.00,_data\master_csv__rescrape_staging\pitching_1973_CL_from_master.csv
1973,PL,71773843,佐藤　政夫,H|HR|BB,1|+|0||1|0|0|0|0|0|0|0.0,1|+|1|0|0|0|0|0|0|0|0|0.0,1973|ロッテ|1|0|0||||0|0|0|.000|1|+||+|1|0|0|0|0|0|0|0|0|0.00,_data\master_csv__rescrape_staging\pitching_1973_PL_from_master.csv
1974,CL,71073825,杉山　重雄,HR|BB|SO,1|+|0||0|0|1|0|0|1|0|0.0,1|+|0|0|1|0|0|0|0|1|0|0.0,1974|ヤクルト|1|0|0|0|||0|0|0|.000|1|+||+|0|0|1|0|0|0|0|1|0|0.00,_data\master_csv__rescrape_staging\pitching_1974_CL_from_master.csv
1978,PL,41943827,長谷川　一夫,H|HR|BB,1|+|0||1|0|0|0|0|0|0|0.0,1|+|1|0|0|0|0|0|0|0|0|0.0,1978|クラウン|1|0|0|0|||0|0|0|.000|1|+||+|1|0|0|0|0|0|0|0|0|0.00,_data\master_csv__rescrape_staging\pitching_1978_PL_from_master.csv
1982,CL,01303861,片岡　大蔵,H|HR|BB|SO,3|+|0||2|0|1|0|0|1|1|----,3|+|2|0|1|0|0|0|0|1|1|----,1982|ヤクルト|1|0|0|0|||0|0|0|.000|3|+||+|2|0|1|0|0|0|0|1|1|----,_data\master_csv__rescrape_staging\pitching_1982_CL_from_master.csv
1984,CL,81583848,高橋　三千丈,H|HR|BB|SO,3|+|0||1|0|2|0|0|2|2|----,3|+|1|0|2|0|0|0|0|2|2|----,1984|中　日|1|0|0|0|||0|0|0|.000|3|+||+|1|0|2|0|0|0|0|2|2|----,_data\master_csv__rescrape_staging\pitching_1984_CL_from_master.csv
1985,CL,81583867,近藤　満,H|HR|BB|HBP|SO,4|+|0||3|1|1|0|0|4|4|----,4|+|3|1|1|0|0|0|0|4|4|----,1985|中　日|1|0|0|0|||0|0|0|.000|4|+||+|3|1|1|0|0|0|0|4|4|----,_data\master_csv__rescrape_staging\pitching_1985_CL_from_master.csv
1985,PL,21423867,山川　周一,H|HR|BB|HBP|SO,3|+|0||1|1|2|0|0|3|3|----,3|+|1|1|2|0|0|0|0|3|3|----,1985|南　海|1|0|0|0|||0|0|0|.000|3|+||+|1|1|2|0|0|0|0|3|3|----,_data\master_csv__rescrape_staging\pitching_1985_PL_from_master.csv
1986,PL,31233869,藤村　雅人,H|HR|BB|SO,3|+|0||2|0|1|0|0|2|2|----,3|+|2|0|1|0|0|0|0|2|2|----,1986|南　海|1|0|0|0|||0|0|0|.000|3|+||+|2|0|1|0|0|0|0|2|2|----,_data\master_csv__rescrape_staging\pitching_1986_PL_from_master.csv
1988,CL,11913867,関根　浩史,H|HR|SO,2|+|0||1|0|1|0|0|0|0|0.0,2|+|1|0|1|0|0|0|0|0|0|0.0,1988|横浜大洋|1|0|0|0|||0|0|0|.000|2|+||+|1|0|1|0|0|0|0|0|0|0.00,_data\master_csv__rescrape_staging\pitching_1988_CL_from_master.csv
1989,PL,73673868,石田　雅彦,HR|BB|SO,1|+|0||0|0|1|0|0|0|0|0.0,1|+|0|0|1|0|0|0|0|0|0|0.0,1989|ロッテ|1|0|0|0|||0|0|0|.000|1|+||+|0|0|1|0|0|0|0|0|0|0.00,_data\master_csv__rescrape_staging\pitching_1989_PL_from_master.csv
1990,CL,73173868,服部　裕昭,HR|BB|SO,1|+|0||0|0|1|0|0|0|0|0.0,1|+|0|0|1|0|0|0|0|0|0|0.0,1990|阪　神|1|0|0|0|||0|0|0|.000|1|+||+|0|0|1|0|0|0|0|0|0|0.00,_data\master_csv__rescrape_staging\pitching_1990_CL_from_master.csv
1991,PL,73673868,石田　雅彦,H|HR|BB,1|+|0||1|0|0|0|0|1|1|----,1|+|1|0|0|0|0|0|0|1|1|----,1991|ロッテ|1|0|0|0|||0|0|0|.000|1|+||+|1|0|0|0|0|0|0|1|1|----,_data\master_csv__rescrape_staging\pitching_1991_PL_from_master.csv
1993,CL,81883883,水尾　嘉孝,H|HR|BB|HBP|SO,4|+|0||3|2|1|0|0|4|4|----,4|+|3|2|1|0|0|0|0|4|4|----,1993|横　浜|1|0|1|0|||0|0|0|.000|4|+||+|3|2|1|0|0|0|0|4|4|----,_data\master_csv__rescrape_staging\pitching_1993_CL_from_master.csv
1994,CL,93793868,小早川　幸二,H|HR|BB,1|+|0||1|0|0|0|0|0|0|0.0,1|+|1|0|0|0|0|0|0|0|0|0.0,1994|広島東洋|1|0|0|0|||0|0|0|.000|1|+||+|1|0|0|0|0|0|0|0|0|0.00,_data\master_csv__rescrape_staging\pitching_1994_CL_from_master.csv
1995,CL,31933889,西澤　洋介,H|HR|SO,4|+|0||2|0|2|0|0|3|3|----,4|+|2|0|2|0|0|0|0|3|3|----,1995|横　浜|1|0|0|0|||0|0|0|.000|4|+||+|2|0|2|0|0|0|0|3|3|----,_data\master_csv__rescrape_staging\pitching_1995_CL_from_master.csv
1995,PL,07303868,Ｏ．デストラーデ,H|HR|BB|SO,3|+|0||1|0|2|0|0|0|0|0.0,3|+|1|0|2|0|0|0|0|0|0|0.0,1995|西　武|1|0|0|0|||0|0|0|.000|3|+||+|1|0|2|0|0|0|0|0|0|0.00,_data\master_csv__rescrape_staging\pitching_1995_PL_from_master.csv
1995,PL,41043865,矢野　未乗,H|HR|BB,2|+|0||2|0|0|0|0|1|1|----,2|+|2|0|0|0|0|0|0|1|1|----,1995|福岡ダイエー|1|0|0|0|||0|0|0|.000|2|+||+|2|0|0|0|0|0|0|1|1|----,_data\master_csv__rescrape_staging\pitching_1995_PL_from_master.csv
1996,PL,81883883,水尾　嘉孝,H|HR|BB,1|+|0||1|0|0|0|0|0|0|0.0,1|+|1|0|0|0|0|0|0|0|0|0.0,1996|オリックス|1|0|0|0|||0|0|0|.000|1|+||+|1|0|0|0|0|0|0|0|0|0.00,_data\master_csv__rescrape_staging\pitching_1996_PL_from_master.csv
1997,CL,51153864,阿波野　秀幸,HR|BB|SO,1|+|0||0|0|1|0|0|0|0|0.0,1|+|0|0|1|0|0|0|0|0|0|0.0,1997|読　売|1|0|0|0|||0|0|0|.000|1|+||+|0|0|1|0|0|0|0|0|0|0.00,_data\master_csv__rescrape_staging\pitching_1997_CL_from_master.csv
1998,PL,21023884,前川　克彦,H|HR|BB|SO|WP,4|+|0||1|0|3|0|0|2|2|----,4|+|1|0|3|0|0|1|0|2|2|----,1998|近　鉄|1|0|0|0|||0|0|0|.000|4|+||+|1|0|3|0|0|1|0|2|2|----,_data\master_csv__rescrape_staging\pitching_1998_PL_from_master.csv
2000,PL,11513886,木村　茂,H|HR|SO,2|+|0||1|0|1|0|0|1|1|----,2|+|1|0|1|0|0|0|0|1|1|----,2000|福岡ダイエー|1|0|0|0|||0|0|0|.000|2|+||+|1|0|1|0|0|0|0|1|1|----,_data\master_csv__rescrape_staging\pitching_2000_PL_from_master.csv
2000,PL,61665111,Ｂ．ツイドリー,H|HR|BB|SO|WP,5|+|0||4|0|1|0|0|5|5|----,5|+|4|0|1|0|0|1|0|5|5|----,2000|大阪近鉄|1|0|0|0|||0|0|0|.000|5|+||+|4|0|1|0|0|1|0|5|5|----,_data\master_csv__rescrape_staging\pitching_2000_PL_from_master.csv
2001,CL,31335113,稲嶺　茂夫,H|HR|SO,2|+|0||1|0|1|0|0|2|2|----,2|+|1|0|1|0|0|0|0|2|2|----,2001|横　浜|1|0|0|0|||0|0|0|.000|2|+||+|1|0|1|0|0|0|0|2|2|----,_data\master_csv__rescrape_staging\pitching_2001_CL_from_master.csv
2001,PL,61165111,遠藤　良平,H|HR|BB,1|+|0||1|0|0|0|0|0|0|0.0,1|+|1|0|0|0|0|0|0|0|0|0.0,2001|日本ハム|1|0|0|0|||0|0|0|.000|1|+||+|1|0|0|0|0|0|0|0|0|0.00,_data\master_csv__rescrape_staging\pitching_2001_PL_from_master.csv
2004,CL,11913889,西川　慎一,H|HR|BB,1|+|0||1|0|0|0|0|0|0|0.0,1|+|1|0|0|0|0|0|0|0|0|0.0,2004|広島東洋|1|0|0|0|||0|0|0|.000|1|+||+|1|0|0|0|0|0|0|0|0|0.00,_data\master_csv__rescrape_staging\pitching_2004_CL_from_master.csv
2004,PL,51655119,Ｈ．メルカド,H|HR|SO,2|+|0||1|0|1|0|0|1|1|----,2|+|1|0|1|0|0|0|0|1|1|----,2004|福岡ダイエー|1|0|0|0|||0|0|0|.000|2|+||+|1|0|1|0|0|0|0|1|1|----,_data\master_csv__rescrape_staging\pitching_2004_PL_from_master.csv
