npb_player_id,name_ja,name_en,name_en_full,name_en_short,team,team_code,position,uniform_no,throw_hand,bat_hand,is_new_2026
2103847,大竹 風雅,Ohtake Fuuga,Ohtake Fuuga,F.Ohtake,福岡ソフトバンクホークス,H,投手,,R,R,1
2112130,藤原 大翔,Haruto Fujiwara,Haruto Fujiwara,H.Fujiwara,福岡ソフトバンクホークス,H,投手,22,R,R,1
81985159,庄司 陽斗,Haruto Shoji,Haruto Shoji,H.Shoji,横浜DeNAベイスターズ,DB,投手,93,L,L,1
33735155,Ａ．アルメンタ,Alexander Armenta,Alexander Armenta,A.Armenta,福岡ソフトバンクホークス,H,投手,34,L,L,1
31235150,嶋村 麟士朗,Shimamura Rinshiro,Shimamura Rinshiro,R.Shimamura,阪神タイガース,H,捕手,,R,L,1
91495138,濱田 太貴,Hamada Taiki,Hamada Taiki,T.Hamada,阪神タイガース,H,外野手,,R,R,0
31335151,井上 広大,Inoue Kouta,Inoue Kouta,K.Inoue,千葉ロッテマリーンズ,M,外野手,,R,R,0
31335139,岩崎 優,Iwazaki Suguru,Iwazaki Suguru,S.Iwazaki,阪神タイガース,H,投手,,L,L,0
51355139,岩貞 祐太,Iwasada Yuta,Iwasada Yuta,Y.Iwasada,阪神タイガース,H,投手,,L,L,0
71275118,西 勇輝,Nishi Yuki,Nishi Yuki,Y.Nishi,阪神タイガース,H,投手,,R,R,0
71375150,伊原 陵人,Ihara Takato,Ihara Takato,T.Ihara,阪神タイガース,H,投手,,L,L,0
61965159,下村 海翔,Shimomura Kaito,Shimomura Kaito,K.Shimomura,阪神タイガース,H,投手,,R,R,0
41345136,大竹 耕太郎,Ohtake Koutaro,Ohtake Koutaro,K.Ohtake,阪神タイガース,H,投手,,L,L,0
21925159,椎葉 剛,Shiiba Tsuyoshi,Shiiba Tsuyoshi,T.Shiiba,阪神タイガース,H,投手,,R,R,0
71375153,伊藤 将司,Itoh Masashi,Itoh Masashi,M.Itoh,阪神タイガース,H,投手,,L,L,0
31935150,今朝丸 裕喜,Kesamaru Yuki,Kesamaru Yuki,Y.Kesamaru,阪神タイガース,H,投手,,R,R,0
91095136,髙橋 遥人,Takahashi Haruto,Takahashi Haruto,H.Takahashi,阪神タイガース,H,投手,,L,L,0
53355157,門別 啓人,Mombetsu Keito,Mombetsu Keito,K.Mombetsu,阪神タイガース,H,投手,,L,L,0
41745134,才木 浩人,Saiki Hiroto,Saiki Hiroto,H.Saiki,阪神タイガース,H,投手,,R,R,0
31635134,畠 世周,Hatake Seishu,Hatake Seishu,S.Hatake,阪神タイガース,H,投手,,R,L,0
91795151,及川 雅貴,Oyokawa Masaki,Oyokawa Masaki,M.Oyokawa,阪神タイガース,H,投手,,L,L,0
13315153,村上 頌樹,Murakami Shoki,Murakami Shoki,S.Murakami,阪神タイガース,H,投手,,R,L,0
73975152,Ｅ．ルーカス,Easton Lucas,Easton Lucas,E.Lucas,阪神タイガース,H,投手,,L,L,0
31635152,早瀬 朔,Hayase Saku,Hayase Saku,S.Hayase,阪神タイガース,H,投手,,R,L,0
63765152,Ｃ．ラグズデール,Carson Ragsdale,Carson Ragsdale,C.Ragsdale,阪神タイガース,H,投手,,R,R,0
01705155,桐敷 拓馬,Kirishiki Takuma,Kirishiki Takuma,T.Kirishiki,阪神タイガース,H,投手,,L,L,0
81185157,茨木 秀俊,Ibaragi Hidetoshi,Ibaragi Hidetoshi,H.Ibaragi,阪神タイガース,H,投手,,R,R,0
81785150,工藤 泰成,Kudo Taisei,Kudo Taisei,T.Kudo,阪神タイガース,H,投手,,R,L,0
51255157,富田 蓮,Tomida Ren,Tomida Ren,R.Tomida,阪神タイガース,H,投手,,L,L,0
57955159,早川 太貴,Hayakawa Daiki,Hayakawa Daiki,D.Hayakawa,阪神タイガース,H,投手,,R,R,0
41745150,木下 里都,Kinoshita Rito,Kinoshita Rito,R.Kinoshita,阪神タイガース,H,投手,,R,R,0
17915159,能登 嵩都,Noto Syuto,Noto Syuto,S.Noto,阪神タイガース,H,投手,,R,R,0
01105159,石黒 佑弥,Ishiguro Yuya,Ishiguro Yuya,Y.Ishiguro,阪神タイガース,H,投手,,R,R,0
11515155,岡留 英貴,Okadome Hidetaka,Okadome Hidetaka,H.Okadome,阪神タイガース,H,投手,,R,R,0
41845138,湯浅 京己,Yuasa Atsuki,Yuasa Atsuki,A.Yuasa,阪神タイガース,H,投手,,R,R,0
11415159,津田 淳哉,Tsuda Junya,Tsuda Junya,J.Tsuda,阪神タイガース,H,投手,,R,R,0
41145153,石井 大智,Ishii Daichi,Ishii Daichi,D.Ishii,阪神タイガース,H,投手,,R,R,0
03505132,Ｒ．ドリス,Rafael Dolis,Rafael Dolis,R.Dolis,阪神タイガース,H,投手,,R,R,0
03705152,Ｄ．モレッタ,Dauri Moreta,Dauri Moreta,D.Moreta,阪神タイガース,H,投手,,R,R,0
21325139,梅野 隆太郎,Umeno Ryutaro,Umeno Ryutaro,R.Umeno,阪神タイガース,H,捕手,,R,R,0
11915132,坂本 誠志郎,Sakamoto Seishiro,Sakamoto Seishiro,S.Sakamoto,阪神タイガース,H,捕手,,R,R,0
61065137,伏見 寅威,Fushimi Torai,Fushimi Torai,T.Fushimi,阪神タイガース,H,捕手,,R,R,0
01305159,宇都宮 葵星,Utsunomiya Kisara,Utsunomiya Kisara,K.Utsunomiya,読売ジャイアンツ,G,内野手,68,R,L,1
11815159,福島 圭音,Fukushima Kein,Fukushima Kein,K.Fukushima,阪神タイガース,H,外野手,92,R,L,1
41645159,平山 功太,Hirayama Kota,Hirayama Kota,K.Hirayama,読売ジャイアンツ,G,内野手,033,R,R,1
63965150,Ｎ．ウォルターズ,Nash Walters,Nash Walters,N.Walters,東京ヤクルトスワローズ,S,投手,,R,R,1
03005159,Ｃ．ロドリゲス,Christian Rodriguez,Christian Rodriguez,C.Rodriguez,中日ドラゴンズ,D,内野手,,R,R,1
51055153,榮枝 裕貴,Sakaeda Yuki,Sakaeda Yuki,Y.Sakaeda,阪神タイガース,H,捕手,,R,R,0
41845150,町田 隼乙,Machida Hayato,Machida Hayato,H.Machida,阪神タイガース,H,捕手,,R,R,0
91495134,長坂 拳弥,Nagasaka Kenya,Nagasaka Kenya,K.Nagasaka,阪神タイガース,H,捕手,,R,R,0
91695151,藤田 健斗,Fujita Kento,Fujita Kento,K.Fujita,阪神タイガース,H,捕手,,R,R,0
51455155,中川 勇斗,Nakagawa Hayato,Nakagawa Hayato,H.Nakagawa,阪神タイガース,H,捕手,,R,R,0
33335153,元山 飛優,Motoyama Hiyu,Motoyama Hiyu,H.Motoyama,阪神タイガース,H,内野手,,R,L,0
31735138,木浪 聖也,Kinami Seiya,Kinami Seiya,S.Kinami,阪神タイガース,H,内野手,,R,L,0
21325134,大山 悠輔,Ohyama Yusuke,Ohyama Yusuke,Y.Ohyama,阪神タイガース,H,内野手,,R,R,0
81585136,熊谷 敬宥,Kumagai Takahiro,Kumagai Takahiro,T.Kumagai,阪神タイガース,H,内野手,,R,R,0
41445153,中野 拓夢,Nakano Takumu,Nakano Takumu,T.Nakano,阪神タイガース,H,内野手,,R,L,0
91295152,立石 正広,Tateishi Masahiro,Tateishi Masahiro,M.Tateishi,阪神タイガース,H,内野手,,R,R,0
83585152,Ｃ．ディベイニー,Cam Devanney,Cam Devanney,C.Devanney,阪神タイガース,H,内野手,,R,R,0
01205152,谷端 将伍,Tanihata Shogo,Tanihata Shogo,S.Tanihata,阪神タイガース,H,内野手,,R,R,0
81185134,糸原 健斗,Itohara Kento,Itohara Kento,K.Itohara,阪神タイガース,H,内野手,,R,L,0
31535138,小幡 竜平,Obata Ryuhei,Obata Ryuhei,R.Obata,阪神タイガース,H,内野手,,R,L,0
91095150,佐野 大陽,Sano Taiyo,Sano Taiyo,T.Sano,阪神タイガース,H,内野手,,R,R,0
63365159,山田 脩也,Yamada Shuya,Yamada Shuya,S.Yamada,阪神タイガース,H,内野手,,R,R,0
23325159,百﨑 蒼生,Momosaki Aoi,Momosaki Aoi,A.Momosaki,阪神タイガース,H,内野手,,R,R,0
01305130,植田 海,Ueda Kai,Ueda Kai,K.Ueda,阪神タイガース,H,内野手,,R,B,0
41245153,髙寺 望夢,Takatera Nozomu,Takatera Nozomu,N.Takatera,阪神タイガース,H,内野手,,R,L,0
43145157,森下 翔太,Morishita Shota,Morishita Shota,S.Morishita,阪神タイガース,H,外野手,,R,R,0
71075138,近本 光司,Chikamoto Koji,Chikamoto Koji,K.Chikamoto,阪神タイガース,H,外野手,,L,L,0
91595152,岡城 快生,Okashiro Kaisei,Okashiro Kaisei,K.Okashiro,阪神タイガース,H,外野手,,R,R,0
41145157,井坪 陽生,Itsubo Hinase,Itsubo Hinase,H.Itsubo,阪神タイガース,H,外野手,,R,R,0
91995136,島田 海吏,Shimada Kairi,Shimada Kairi,K.Shimada,阪神タイガース,H,外野手,,R,L,0
21825155,前川 右京,Maegawa Ukyo,Maegawa Ukyo,U.Maegawa,阪神タイガース,H,外野手,,L,L,0
71775151,小野寺 暖,Onodera Dan,Onodera Dan,D.Onodera,阪神タイガース,H,外野手,,R,R,0
31435155,豊田 寛,Toyoda Hiroshi,Toyoda Hiroshi,H.Toyoda,阪神タイガース,H,外野手,,R,R,0
41045153,佐藤 輝明,Sato Teruaki,Sato Teruaki,T.Sato,阪神タイガース,H,内野手,,R,L,0
21825153,平内 龍太,Heinai Ryuta,Heinai Ryuta,R.Heinai,読売ジャイアンツ,G,投手,66,R,R,0
33135155,松浦 慶斗,Matsuura Keito,Matsuura Keito,K.Matsuura,読売ジャイアンツ,G,投手,,L,L,0
31735155,菊地 大稀,Kikuchi Taiki,Kikuchi Taiki,T.Kikuchi,北海道日本ハムファイターズ,F,投手,,R,L,0
11215114,田中 将大,Tanaka Masahiro,Tanaka Masahiro,M.Tanaka,読売ジャイアンツ,G,投手,,R,R,0
81085155,大勢,Ota Taisei,Ota Taisei,T.Ota,読売ジャイアンツ,G,投手,,R,R,0
31635159,西舘 勇陽,Nishidate Yuhi,Nishidate Yuhi,Y.Nishidate,読売ジャイアンツ,G,投手,,R,R,0
03305153,山﨑 伊織,Yamasaki Iori,Yamasaki Iori,I.Yamasaki,読売ジャイアンツ,G,投手,,R,L,0
41045138,戸郷 翔征,Togo Shosei,Togo Shosei,S.Togo,読売ジャイアンツ,G,投手,,R,R,0
71275152,竹丸 和幸,Takemaru Kazuyuki,Takemaru Kazuyuki,K.Takemaru,読売ジャイアンツ,G,投手,,L,L,0
53355152,Ｆ．ウィットリー,Forrest Whitley,Forrest Whitley,F.Whitley,読売ジャイアンツ,G,投手,,R,R,0
23725150,Ｓ．ハワード,Spencer Howard,Spencer Howard,S.Howard,読売ジャイアンツ,G,投手,,R,R,0
21225152,田和 廉,Tawa Ren,Tawa Ren,R.Tawa,読売ジャイアンツ,G,投手,,R,R,0
51155155,赤星 優志,Akahoshi Yuji,Akahoshi Yuji,Y.Akahoshi,読売ジャイアンツ,G,投手,,R,R,0
43145152,山城 京平,Yamashiro Kyohei,Yamashiro Kyohei,K.Yamashiro,読売ジャイアンツ,G,投手,,L,L,0
81285132,中川 皓太,Nakagawa Kota,Nakagawa Kota,K.Nakagawa,読売ジャイアンツ,G,投手,,L,L,0
53755152,Ｂ．マタ,Bryan Mata,Bryan Mata,B.Mata,読売ジャイアンツ,G,投手,,R,R,0
51055137,則本 昂大,Norimoto Takahiro,Norimoto Takahiro,T.Norimoto,読売ジャイアンツ,G,投手,,R,L,0
61065136,田中 瑛斗,Tanaka Eito,Tanaka Eito,E.Tanaka,読売ジャイアンツ,G,投手,,R,L,0
33135159,又木 鉄平,Mataki Teppei,Mataki Teppei,T.Mataki,読売ジャイアンツ,G,投手,,L,L,0
43345159,森田 駿哉,Morita Shunya,Morita Shunya,S.Morita,読売ジャイアンツ,G,投手,,L,L,0
91095157,田中 千晴,Tanaka Chiharu,Tanaka Chiharu,C.Tanaka,読売ジャイアンツ,G,投手,,R,R,0
23225157,Ａ．バルドナード,Alberto Baldonado,Alberto Baldonado,A.Baldonado,読売ジャイアンツ,G,投手,,L,L,0
91095134,高梨 雄平,Takanashi Yuhei,Takanashi Yuhei,Y.Takanashi,読売ジャイアンツ,G,投手,,L,L,0
01505136,北浦 竜次,Kitaura Ryuji,Kitaura Ryuji,R.Kitaura,読売ジャイアンツ,G,投手,,L,L,0
13115150,宮原 駿介,Miyahara Shunsuke,Miyahara Shunsuke,S.Miyahara,読売ジャイアンツ,G,投手,,L,L,0
31835157,船迫 大雅,Funabasama Hiromasa,Funabasama Hiromasa,H.Funabasama,読売ジャイアンツ,G,投手,,R,L,0
81885138,横川 凱,Yokogawa Kai,Yokogawa Kai,K.Yokogawa,読売ジャイアンツ,G,投手,,L,L,0
01105138,泉 圭輔,Izumi Keisuke,Izumi Keisuke,K.Izumi,読売ジャイアンツ,G,投手,,R,R,0
53555155,山田 龍聖,Yamada Ryusei,Yamada Ryusei,R.Yamada,読売ジャイアンツ,G,投手,,L,L,0
61165153,石川 達也,Ishikawa Tatsuya,Ishikawa Tatsuya,T.Ishikawa,読売ジャイアンツ,G,投手,,L,R,0
21625151,堀田 賢慎,Hotta Kenshin,Hotta Kenshin,K.Hotta,読売ジャイアンツ,G,投手,,R,R,0
23925134,Ｒ．マルティネス,Raidel Martinez,Raidel Martinez,R.Martinez,読売ジャイアンツ,G,投手,,R,L,0
51355151,井上 温大,Inoue Haruto,Inoue Haruto,H.Inoue,読売ジャイアンツ,G,投手,,L,L,0
91595133,甲斐 拓也,Kai Takuya,Kai Takuya,T.Kai,読売ジャイアンツ,G,捕手,,R,R,0
91795139,小林 誠司,Kobayashi Seiji,Kobayashi Seiji,S.Kobayashi,読売ジャイアンツ,G,捕手,,R,R,0
21325136,大城 卓三,Ohshiro Takumi,Ohshiro Takumi,T.Ohshiro,読売ジャイアンツ,G,捕手,,R,L,0
91595136,岸田 行倫,Kishida Yukinori,Kishida Yukinori,Y.Kishida,読売ジャイアンツ,G,捕手,,R,R,0
91795134,郡 拓也,Kohri Takuya,Kohri Takuya,T.Kohri,読売ジャイアンツ,G,捕手,,R,R,0
03105151,山瀬 慎之助,Yamase Shinnosuke,Yamase Shinnosuke,S.Yamase,読売ジャイアンツ,G,捕手,,R,R,0
43145136,湯浅 大,Yuasa Dai,Yuasa Dai,D.Yuasa,読売ジャイアンツ,G,内野手,,R,R,0
51855132,増田 大輝,Masuda Daiki,Masuda Daiki,D.Masuda,読売ジャイアンツ,G,内野手,,R,R,0
73375134,吉川 尚輝,Yoshikawa Naoki,Yoshikawa Naoki,N.Yoshikawa,読売ジャイアンツ,G,内野手,,R,L,0
11515157,門脇 誠,Kadowaki Makoto,Kadowaki Makoto,M.Kadowaki,読売ジャイアンツ,G,内野手,,R,L,0
51955114,坂本 勇人,Sakamoto Hayato,Sakamoto Hayato,H.Sakamoto,読売ジャイアンツ,G,内野手,,R,R,0
61165150,石塚 裕惺,Ishizuka Yusei,Ishizuka Yusei,Y.Ishizuka,読売ジャイアンツ,G,内野手,,R,R,0
63565152,Ｂ．ダルベック,Bobby Dalbec,Bobby Dalbec,B.Dalbec,読売ジャイアンツ,G,内野手,,R,R,0
81385150,浦田 俊輔,Urata Shunsuke,Urata Shunsuke,S.Urata,読売ジャイアンツ,G,内野手,,R,L,0
61765152,小濱 佑斗,Kohama Yuto,Kohama Yuto,Y.Kohama,読売ジャイアンツ,G,内野手,,R,R,0
61165159,泉口 友汰,Izuguchi Yuta,Izuguchi Yuta,Y.Izuguchi,読売ジャイアンツ,G,内野手,,R,L,0
11015136,リチャード,Sunagawa Richard,Sunagawa Richard,R.Sunagawa,読売ジャイアンツ,G,内野手,,R,R,0
71175150,荒巻 悠,Aramaki Yu,Aramaki Yu,Y.Aramaki,読売ジャイアンツ,G,内野手,,R,L,0
01605138,増田 陸,Masuda Riku,Masuda Riku,R.Masuda,読売ジャイアンツ,G,内野手,,R,R,0
21625152,藤井 健翔,Fujii Kensho,Fujii Kensho,K.Fujii,読売ジャイアンツ,G,内野手,,R,R,0
21425116,丸 佳浩,Maru Yoshihiro,Maru Yoshihiro,Y.Maru,読売ジャイアンツ,G,外野手,,R,L,0
21625135,松本 剛,Matsumoto Go,Matsumoto Go,G.Matsumoto,読売ジャイアンツ,G,外野手,,R,R,0
81485157,萩尾 匡也,Hagio Masaya,Hagio Masaya,M.Hagio,読売ジャイアンツ,G,外野手,,R,R,0
73575150,Ｔ．キャベッジ,Trey Cabbage,Trey Cabbage,T.Cabbage,読売ジャイアンツ,G,外野手,,R,L,0
81385155,岡田 悠希,Okada Yuki,Okada Yuki,Y.Okada,読売ジャイアンツ,G,外野手,,R,L,0
33135152,皆川 岳飛,Minakawa Gakuto,Minakawa Gakuto,G.Minakawa,読売ジャイアンツ,G,外野手,,R,L,0
51655153,中山 礼都,Nakayama Raito,Nakayama Raito,R.Nakayama,読売ジャイアンツ,G,外野手,,R,L,0
51955159,佐々木 俊輔,Sasaki Shunsuke,Sasaki Shunsuke,S.Sasaki,読売ジャイアンツ,G,外野手,,R,L,0
91195157,浅野 翔吾,Asano Shogo,Asano Shogo,S.Asano,読売ジャイアンツ,G,外野手,,R,R,0
53555153,若林 楽人,Wakabayashi Gakuto,Wakabayashi Gakuto,G.Wakabayashi,読売ジャイアンツ,G,外野手,,R,R,0
13115157,三塚 琉生,Mitsuka Rui,Mitsuka Rui,R.Mitsuka,読売ジャイアンツ,G,外野手,,L,L,0
91595153,内山 壮真,Uchiyama Souma,Uchiyama Souma,S.Uchiyama,東京ヤクルトスワローズ,S,内野手,3,R,R,0
41545153,大道 温貴,Ohmichi Haruki,Ohmichi Haruki,H.Ohmichi,東京ヤクルトスワローズ,S,投手,,R,R,0
21125137,石山 泰稚,Ishiyama Taichi,Ishiyama Taichi,T.Ishiyama,東京ヤクルトスワローズ,S,投手,,R,R,0
91695150,中村 優斗,Nakamura Yuto,Nakamura Yuto,Y.Nakamura,東京ヤクルトスワローズ,S,投手,,R,L,0
51955138,清水 昇,Shimizu Noboru,Shimizu Noboru,N.Shimizu,東京ヤクルトスワローズ,S,投手,,R,L,0
31735151,奥川 恭伸,Okugawa Yasunobu,Okugawa Yasunobu,Y.Okugawa,東京ヤクルトスワローズ,S,投手,,R,R,0
11315115,石川 雅規,Ishikawa Masanori,Ishikawa Masanori,M.Ishikawa,東京ヤクルトスワローズ,S,投手,,L,L,0
11915153,木澤 尚文,Kizawa Naofumi,Kizawa Naofumi,N.Kizawa,東京ヤクルトスワローズ,S,投手,,R,R,0
53555157,吉村 貢司郎,Yoshimura Kojiro,Yoshimura Kojiro,K.Yoshimura,東京ヤクルトスワローズ,S,投手,,R,R,0
11815134,星 知弥,Hoshi Tomoya,Hoshi Tomoya,T.Hoshi,東京ヤクルトスワローズ,S,投手,,R,R,0
63365153,山野 太一,Yamano Taichi,Yamano Taichi,T.Yamano,東京ヤクルトスワローズ,S,投手,,L,L,0
03105159,松本 健吾,Matsumoto Kengo,Matsumoto Kengo,K.Matsumoto,東京ヤクルトスワローズ,S,投手,,R,R,0
11515137,小川 泰弘,Ogawa Yasuhiro,Ogawa Yasuhiro,Y.Ogawa,東京ヤクルトスワローズ,S,投手,,R,R,0
91295150,荘司 宏太,Shoji Kota,Shoji Kota,K.Shoji,東京ヤクルトスワローズ,S,投手,,L,L,0
23125152,山崎 太陽,Yamazaki Taiyo,Yamazaki Taiyo,T.Yamazaki,東京ヤクルトスワローズ,S,投手,,R,R,0
41945139,田口 麗斗,Taguchi Kazuto,Taguchi Kazuto,K.Taguchi,東京ヤクルトスワローズ,S,投手,,L,L,0
41145159,石原 勇輝,Ishihara Yuki,Ishihara Yuki,Y.Ishihara,東京ヤクルトスワローズ,S,投手,,L,L,0
21925139,高梨 裕稔,Takanashi Hirotoshi,Takanashi Hirotoshi,H.Takanashi,東京ヤクルトスワローズ,S,投手,,R,R,0
71575134,拓也,Yasaki Takuya,Yasaki Takuya,T.Yasaki,東京ヤクルトスワローズ,S,投手,,R,R,0
01805152,増居 翔太,Masui Shohta,Masui Shohta,S.Masui,東京ヤクルトスワローズ,S,投手,,L,L,0
41545151,大西 広樹,Ohnishi Hiroki,Ohnishi Hiroki,H.Ohnishi,東京ヤクルトスワローズ,S,投手,,R,R,0
01705132,小澤 怜史,Kozawa Reiji,Kozawa Reiji,R.Kozawa,東京ヤクルトスワローズ,S,投手,,R,L,0
51055132,高橋 奎二,Takahashi Keiji,Takahashi Keiji,K.Takahashi,東京ヤクルトスワローズ,S,投手,,L,L,0
61065152,鈴木 蓮吾,Suzuki Rengo,Suzuki Rengo,R.Suzuki,東京ヤクルトスワローズ,S,投手,,L,L,0
11615134,長谷川 宙輝,Hasegawa Hiroki,Hasegawa Hiroki,H.Hasegawa,東京ヤクルトスワローズ,S,投手,,L,L,0
81785157,坂本 拓己,Sakamoto Takumi,Sakamoto Takumi,T.Sakamoto,東京ヤクルトスワローズ,S,投手,,L,L,0
01105152,飯田 琉斗,Iida Ryuto,Iida Ryuto,R.Iida,東京ヤクルトスワローズ,S,投手,,R,R,0
13915152,Ｊ．リランソ,Jesus Liranzo,Jesus Liranzo,J.Liranzo,東京ヤクルトスワローズ,S,投手,,R,R,0
81785136,阪口 皓亮,Sakaguchi Kousuke,Sakaguchi Kousuke,K.Sakaguchi,東京ヤクルトスワローズ,S,投手,,R,L,0
43145153,丸山 翔大,Maruyama Shota,Maruyama Shota,S.Maruyama,東京ヤクルトスワローズ,S,投手,,R,L,0
77575159,下川 隼佑,Shimokawa Shunsuke,Shimokawa Shunsuke,S.Shimokawa,東京ヤクルトスワローズ,S,投手,,R,R,0
61265138,沼田 翔平,Numata Shohei,Numata Shohei,S.Numata,東京ヤクルトスワローズ,S,投手,,R,R,0
71175132,青柳 晃洋,Aoyagi Koyo,Aoyagi Koyo,K.Aoyagi,東京ヤクルトスワローズ,S,投手,,R,R,0
01705134,古賀 優大,Koga Yudai,Koga Yudai,Y.Koga,東京ヤクルトスワローズ,S,捕手,,R,R,0
51255118,中村 悠平,Nakamura Yuhei,Nakamura Yuhei,Y.Nakamura,東京ヤクルトスワローズ,S,捕手,,R,R,0
51855136,松本 直樹,Matsumoto Naoki,Matsumoto Naoki,N.Matsumoto,東京ヤクルトスワローズ,S,捕手,,R,R,0
21525132,柿沼 友哉,Kakinuma Tomoya,Kakinuma Tomoya,T.Kakinuma,東京ヤクルトスワローズ,S,捕手,,R,R,0
11615157,橋本 星哉,Hashimoto Seiya,Hashimoto Seiya,S.Hashimoto,東京ヤクルトスワローズ,S,捕手,,R,L,0
43145150,矢野 泰二郎,Yano Taijiro,Yano Taijiro,T.Yano,東京ヤクルトスワローズ,S,捕手,,R,R,0
01005159,鈴木 叶,Suzuki Kyo,Suzuki Kyo,K.Suzuki,東京ヤクルトスワローズ,S,捕手,,R,R,0
51155153,赤羽 由紘,Akahane Yoshihiro,Akahane Yoshihiro,Y.Akahane,東京ヤクルトスワローズ,S,内野手,,R,R,0
91895133,山田 哲人,Yamada Tetsuto,Yamada Tetsuto,T.Yamada,東京ヤクルトスワローズ,S,内野手,,R,R,0
61865152,松下 歩叶,Matsushita Ayuto,Matsushita Ayuto,A.Matsushita,東京ヤクルトスワローズ,S,内野手,,R,R,0
51455151,長岡 秀樹,Nagaoka Hideki,Nagaoka Hideki,H.Nagaoka,東京ヤクルトスワローズ,S,内野手,,R,L,0
61865132,茂木 栄五郎,Mogi Eigoro,Mogi Eigoro,E.Mogi,東京ヤクルトスワローズ,S,内野手,,R,L,0
01805136,宮本 丈,Miyamoto Takeshi,Miyamoto Takeshi,T.Miyamoto,東京ヤクルトスワローズ,S,内野手,,R,L,0
23525153,Ｊ．オスナ,Jose Osuna,Jose Osuna,J.Osuna,東京ヤクルトスワローズ,S,内野手,,R,R,0
21825138,山野辺 翔,Yamanobe Kakeru,Yamanobe Kakeru,K.Yamanobe,東京ヤクルトスワローズ,S,内野手,,R,R,0
41145152,石井 巧,Ishii Takumi,Ishii Takumi,T.Ishii,東京ヤクルトスワローズ,S,内野手,,R,R,0
41845152,松川 玲央,Matsukawa Reo,Matsukawa Reo,R.Matsukawa,東京ヤクルトスワローズ,S,内野手,,R,L,0
01505157,北村 恵吾,Kitamura Keigo,Kitamura Keigo,K.Kitamura,東京ヤクルトスワローズ,S,内野手,,R,R,0
01405150,田中 陽翔,Tanaka Haruto,Tanaka Haruto,H.Tanaka,東京ヤクルトスワローズ,S,内野手,,R,L,0
71275151,武岡 龍世,Takeoka Ryusei,Takeoka Ryusei,R.Takeoka,東京ヤクルトスワローズ,S,内野手,,R,L,0
81185159,伊藤 琉偉,Itoh Ryui,Itoh Ryui,R.Itoh,東京ヤクルトスワローズ,S,内野手,,R,R,0
91695153,並木 秀尊,Namiki Hidetaka,Namiki Hidetaka,H.Namiki,東京ヤクルトスワローズ,S,外野手,,R,R,0
93195155,丸山 和郁,Maruyama Kazuya,Maruyama Kazuya,K.Maruyama,東京ヤクルトスワローズ,S,外野手,,L,L,0
71975136,塩見 泰隆,Shiomi Yasutaka,Shiomi Yasutaka,Y.Shiomi,東京ヤクルトスワローズ,S,外野手,,R,R,0
53755153,Ｄ．サンタナ,Domingo Santana,Domingo Santana,D.Santana,東京ヤクルトスワローズ,S,外野手,,R,R,0
93195150,モイセエフ ニキータ,Moiseev Nikita,Moiseev Nikita,N.Moiseev,東京ヤクルトスワローズ,S,外野手,,L,L,0
91495157,西村 瑠伊斗,Nishimura Ruito,Nishimura Ruito,R.Nishimura,東京ヤクルトスワローズ,S,外野手,,R,L,0
51955157,澤井 廉,Sawai Ren,Sawai Ren,R.Sawai,東京ヤクルトスワローズ,S,外野手,,L,L,0
11815136,増田 珠,Masuda Shu,Masuda Shu,S.Masuda,東京ヤクルトスワローズ,S,外野手,,R,R,0
51355155,岩田 幸宏,Iwata Yukihiro,Iwata Yukihiro,Y.Iwata,東京ヤクルトスワローズ,S,外野手,,L,L,0
63365152,Ｊ．キハダ,Jose Quijada,Jose Quijada,J.Quijada,東京ヤクルトスワローズ,S,投手,,L,L,1
91095138,知野 直人,Chino Naoto,Chino Naoto,N.Chino,中日ドラゴンズ,D,内野手,,R,R,0
71675157,濱 将乃介,Hama Shonosuke,Hama Shonosuke,S.Hama,横浜DeNAベイスターズ,DB,外野手,,R,L,0
51455152,中西 聖輝,Nakanishi Masaki,Nakanishi Masaki,M.Nakanishi,中日ドラゴンズ,D,投手,,R,R,0
21425151,橋本 侑樹,Hashimoto Yuki,Hashimoto Yuki,Y.Hashimoto,中日ドラゴンズ,D,投手,,L,L,0
91795159,草加 勝,Kusaka Sho,Kusaka Sho,S.Kusaka,中日ドラゴンズ,D,投手,,R,R,0
21925152,櫻井 頼之介,Sakurai Yorinosuke,Sakurai Yorinosuke,Y.Sakurai,中日ドラゴンズ,D,投手,,R,R,0
63165134,柳 裕也,Yanagi Yuya,Yanagi Yuya,Y.Yanagi,中日ドラゴンズ,D,投手,,R,R,0
61265153,髙橋 宏斗,Takahashi Hiroto,Takahashi Hiroto,H.Takahashi,中日ドラゴンズ,D,投手,,R,R,0
31635110,涌井 秀章,Wakui Hideaki,Wakui Hideaki,H.Wakui,中日ドラゴンズ,D,投手,,R,R,0
61565150,金丸 夢斗,Kanemaru Yumeto,Kanemaru Yumeto,Y.Kanemaru,中日ドラゴンズ,D,投手,,L,L,0
11515133,大野 雄大,Ohno Yudai,Ohno Yudai,Y.Ohno,中日ドラゴンズ,D,投手,,L,L,0
41245157,仲地 礼亜,Nakachi Reia,Nakachi Reia,R.Nakachi,中日ドラゴンズ,D,投手,,R,R,0
73175153,松木平 優太,Matsukihira Yuta,Matsukihira Yuta,Y.Matsukihira,中日ドラゴンズ,D,投手,,R,R,0
81285138,根尾 昂,Neo Akira,Neo Akira,A.Neo,中日ドラゴンズ,D,投手,,R,L,0
61165157,伊藤 茉央,Itoh Mao,Itoh Mao,M.Itoh,中日ドラゴンズ,D,投手,,R,L,0
41645132,福 敬登,Fuku Hiroto,Fuku Hiroto,H.Fuku,中日ドラゴンズ,D,投手,,L,L,0
31835159,福田 幸之介,Fukuda Konosuke,Fukuda Konosuke,K.Fukuda,中日ドラゴンズ,D,投手,,L,L,0
21225137,松葉 貴大,Matsuba Takahiro,Matsuba Takahiro,T.Matsuba,中日ドラゴンズ,D,投手,,L,L,0
21525138,勝野 昌慶,Katsuno Akiyoshi,Katsuno Akiyoshi,A.Katsuno,中日ドラゴンズ,D,投手,,R,R,0
51355134,梅野 雄吾,Umeno Yugo,Umeno Yugo,Y.Umeno,中日ドラゴンズ,D,投手,,R,R,0
93395150,吉田 聖弥,Yoshida Seiya,Yoshida Seiya,S.Yoshida,中日ドラゴンズ,D,投手,,L,L,0
01905136,清水 達也,Shimizu Tatsuya,Shimizu Tatsuya,T.Shimizu,中日ドラゴンズ,D,投手,,R,R,0
81985152,篠﨑 国忠,Shinozaki Kunitada,Shinozaki Kunitada,K.Shinozaki,中日ドラゴンズ,D,投手,,R,R,0
21625134,藤嶋 健人,Fujishima Kento,Fujishima Kento,K.Fujishima,中日ドラゴンズ,D,投手,,R,R,0
11915130,齋藤 綱記,Saitoh Kohki,Saitoh Kohki,K.Saitoh,中日ドラゴンズ,D,投手,,L,L,0
41245150,高橋 幸佑,Takahashi Kosuke,Takahashi Kosuke,K.Takahashi,中日ドラゴンズ,D,投手,,L,L,0
91195150,有馬 惠叶,Arima Keito,Arima Keito,K.Arima,中日ドラゴンズ,D,投手,,R,R,0
23125155,三浦 瑞樹,Miura Mizuki,Miura Mizuki,M.Miura,中日ドラゴンズ,D,投手,,L,R,0
11015153,近藤 廉,Kondo Ren,Kondo Ren,R.Kondo,中日ドラゴンズ,D,投手,,L,L,0
61865157,松山 晋也,Matsuyama Shinya,Matsuyama Shinya,S.Matsuyama,中日ドラゴンズ,D,投手,,R,R,0
21125150,石伊 雄太,Ishii Yuta,Ishii Yuta,Y.Ishii,中日ドラゴンズ,D,捕手,,R,R,0
31735132,木下 拓哉,Kinoshita Takuya,Kinoshita Takuya,T.Kinoshita,中日ドラゴンズ,D,捕手,,R,R,0
61365132,宇佐見 真吾,Usami Shingo,Usami Shingo,S.Usami,中日ドラゴンズ,D,捕手,,R,L,0
83185155,味谷 大誠,Miya Taisei,Miya Taisei,T.Miya,中日ドラゴンズ,D,捕手,,R,L,0
41545130,加藤 匠馬,Katoh Takuma,Katoh Takuma,T.Katoh,中日ドラゴンズ,D,捕手,,R,R,0
91195138,石橋 康太,Ishibashi Kota,Ishibashi Kota,K.Ishibashi,中日ドラゴンズ,D,捕手,,R,R,0
61265159,辻本 倫太郎,Tsujimoto Rintaro,Tsujimoto Rintaro,R.Tsujimoto,中日ドラゴンズ,D,内野手,,R,R,0
21025157,田中 幹也,Tanaka Mikiya,Tanaka Mikiya,M.Tanaka,中日ドラゴンズ,D,内野手,,R,R,0
91095135,高橋 周平,Takahashi Shuhei,Takahashi Shuhei,S.Takahashi,中日ドラゴンズ,D,内野手,,R,L,0
03105157,村松 開人,Muramatsu Kaito,Muramatsu Kaito,K.Muramatsu,中日ドラゴンズ,D,内野手,,R,L,0
81685157,福永 裕基,Fukunaga Hiroki,Fukunaga Hiroki,H.Fukunaga,中日ドラゴンズ,D,内野手,,R,R,0
91195151,石川 昂弥,Ishikawa Takaya,Ishikawa Takaya,T.Ishikawa,中日ドラゴンズ,D,内野手,,R,R,0
03105150,森 駿太,Mori Shunta,Mori Shunta,S.Mori,中日ドラゴンズ,D,内野手,,R,L,0
51455153,土田 龍空,Tsuchida Ryuku,Tsuchida Ryuku,R.Tsuchida,中日ドラゴンズ,D,内野手,,R,L,0
61165132,阿部 寿樹,Abe Toshiki,Abe Toshiki,T.Abe,中日ドラゴンズ,D,内野手,,R,R,0
91095152,新保 茉良,Shimpo Mao,Shimpo Mao,M.Shimpo,中日ドラゴンズ,D,内野手,,R,L,0
93195132,山本 泰寛,Yamamoto Yasuhiro,Yamamoto Yasuhiro,Y.Yamamoto,中日ドラゴンズ,D,内野手,,R,R,0
91395132,板山 祐太郎,Itayama Yutaro,Itayama Yutaro,Y.Itayama,中日ドラゴンズ,D,内野手,,R,L,0
21625157,樋口 正修,Higuchi Seishu,Higuchi Seishu,S.Higuchi,中日ドラゴンズ,D,内野手,,R,L,0
71575159,尾田 剛樹,Oda Gouki,Oda Gouki,G.Oda,中日ドラゴンズ,D,外野手,,L,L,0
81585151,岡林 勇希,Okabayashi Yuki,Okabayashi Yuki,Y.Okabayashi,中日ドラゴンズ,D,外野手,,R,L,0
01305131,大島 洋平,Ohshima Yohei,Ohshima Yohei,Y.Ohshima,中日ドラゴンズ,D,外野手,,L,L,0
71875155,ブライト 健太,Bright Kenta,Bright Kenta,K.Bright,中日ドラゴンズ,D,外野手,,R,R,0
81585132,川越 誠司,Kawagoe Seiji,Kawagoe Seiji,S.Kawagoe,中日ドラゴンズ,D,外野手,,L,L,0
91395139,上林 誠知,Uebayashi Seiji,Uebayashi Seiji,S.Uebayashi,中日ドラゴンズ,D,外野手,,R,L,0
31835134,細川 成也,Hosokawa Seiya,Hosokawa Seiya,S.Hosokawa,中日ドラゴンズ,D,外野手,,R,R,0
61465152,花田 旭,Hanada Asahi,Hanada Asahi,A.Hanada,中日ドラゴンズ,D,外野手,,R,R,0
71375155,鵜飼 航丞,Ukai Kosuke,Ukai Kosuke,K.Ukai,中日ドラゴンズ,D,外野手,,R,R,0
41445152,能戸 輝夢,Noto Kiramu,Noto Kiramu,K.Noto,中日ドラゴンズ,D,外野手,,R,L,0
73575159,Ａ．アブレウ,Albert Abreu,Albert Abreu,A.Abreu,中日ドラゴンズ,D,投手,,R,L,1
13915150,Ｋ．マラー,Kyle Muller,Kyle Muller,K.Muller,中日ドラゴンズ,D,投手,,L,R,0
93795157,Ｏ．カリステ,Orlando Calixte,Orlando Calixte,O.Calixte,中日ドラゴンズ,D,内野手,,R,R,0
73575152,Ｍ．サノー,Miguel Sano,Miguel Sano,M.Sano,中日ドラゴンズ,D,内野手,,R,R,1
83785150,Ｊ．ボスラー,Jason Vosler,Jason Vosler,J.Vosler,中日ドラゴンズ,D,外野手,,R,L,0
93295157,Ｈ．メヒア,Humberto Mejia,Humberto Mejia,H.Mejia,中日ドラゴンズ,D,投手,,R,R,0
31935138,島内 颯太郎,Shimauchi Sotaro,Shimauchi Sotaro,S.Shimauchi,広島東洋カープ,C,投手,43,R,R,0
51355157,内田 湘大,Uchida Shodai,Uchida Shodai,S.Uchida,広島東洋カープ,C,内野手,63,R,R,0
71075157,辰見 鴻之介,Tatsumi Konosuke,Tatsumi Konosuke,K.Tatsumi,広島東洋カープ,C,内野手,,R,R,0
51955152,齊藤 汰直,Saito Taichi,Saito Taichi,T.Saito,広島東洋カープ,C,投手,,R,R,0
73375153,森浦 大輔,Moriura Daisuke,Moriura Daisuke,D.Moriura,広島東洋カープ,C,投手,,L,L,0
61365139,大瀬良 大地,Ohsera Daichi,Ohsera Daichi,D.Ohsera,広島東洋カープ,C,投手,,R,R,0
93395155,森 翔平,Mori Shohei,Mori Shohei,S.Mori,広島東洋カープ,C,投手,,L,L,0
31435159,常廣 羽也斗,Tsunehiro Hayato,Tsunehiro Hayato,H.Tsunehiro,広島東洋カープ,C,投手,,R,R,0
53155151,森下 暢仁,Morishita Masato,Morishita Masato,M.Morishita,広島東洋カープ,C,投手,,R,R,0
11415134,床田 寛樹,Tokoda Hiroki,Tokoda Hiroki,H.Tokoda,広島東洋カープ,C,投手,,L,L,0
91995153,栗林 良吏,Kuribayashi Ryoji,Kuribayashi Ryoji,R.Kuribayashi,広島東洋カープ,C,投手,,R,R,0
31235133,中﨑 翔太,Nakazaki Shota,Nakazaki Shota,S.Nakazaki,広島東洋カープ,C,投手,,R,R,0
41045159,髙 太一,Taka Taichi,Taka Taichi,T.Taka,広島東洋カープ,C,投手,,L,L,0
41745155,黒原 拓未,Kurohara Takumi,Kurohara Takumi,T.Kurohara,広島東洋カープ,C,投手,,L,L,0
91895157,益田 武尚,Masuda Takehisa,Masuda Takehisa,T.Masuda,広島東洋カープ,C,投手,,R,R,0
71075150,佐藤 柳之介,Sato Ryunosuke,Sato Ryunosuke,R.Sato,広島東洋カープ,C,投手,,L,L,0
71775136,ケムナ 誠,Kemna Makoto,Kemna Makoto,M.Kemna,広島東洋カープ,C,投手,,R,R,0
31235159,滝田 一希,Takita Kazuki,Takita Kazuki,K.Takita,広島東洋カープ,C,投手,,L,L,0
01005134,高橋 昂也,Takahashi Kouya,Takahashi Kouya,K.Takahashi,広島東洋カープ,C,投手,,L,L,0
91795152,工藤 泰己,Kudo Taiki,Kudo Taiki,T.Kudo,広島東洋カープ,C,投手,,R,R,0
21625130,塹江 敦哉,Horie Atsuya,Horie Atsuya,A.Horie,広島東洋カープ,C,投手,,L,L,0
31135152,赤木 晴哉,Akagi Seiya,Akagi Seiya,S.Akagi,広島東洋カープ,C,投手,,R,R,0
51655157,長谷部 銀次,Hasebe Ginji,Hasebe Ginji,G.Hasebe,広島東洋カープ,C,投手,,L,L,0
61065151,鈴木 健矢,Suzuki Kenya,Suzuki Kenya,K.Suzuki,広島東洋カープ,C,投手,,R,L,0
43545152,Ｆ．ターノック,Freddy Tarnok,Freddy Tarnok,F.Tarnok,広島東洋カープ,C,投手,,R,R,0
73175155,松本 竜也,Matsumoto Ryuya,Matsumoto Ryuya,R.Matsumoto,広島東洋カープ,C,投手,,R,R,0
81085152,髙木 快大,Takagi Hayato,Takagi Hayato,H.Takagi,広島東洋カープ,C,投手,,R,R,0
61765157,斉藤 優汰,Saitoh Yuta,Saitoh Yuta,Y.Saitoh,広島東洋カープ,C,投手,,R,L,0
31135134,アドゥワ 誠,Aduwa Makoto,Aduwa Makoto,M.Aduwa,広島東洋カープ,C,投手,,R,R,0
91595150,岡本 駿,Okamoto Shun,Okamoto Shun,S.Okamoto,広島東洋カープ,C,投手,,R,L,0
41245151,玉村 昇悟,Tamamura Shogo,Tamamura Shogo,S.Tamamura,広島東洋カープ,C,投手,,L,L,0
71375136,遠藤 淳志,Endoh Atsushi,Endoh Atsushi,A.Endoh,広島東洋カープ,C,投手,,R,R,0
91795150,菊地 ハルン,Kikuchi Harun,Kikuchi Harun,H.Kikuchi,広島東洋カープ,C,投手,,R,R,0
73975159,Ｔ．ハーン,Taylor Hearn,Taylor Hearn,T.Hearn,広島東洋カープ,C,投手,,L,L,0
41645157,日髙 暖己,Hidaka Atsumi,Hidaka Atsumi,A.Hidaka,広島東洋カープ,C,投手,,R,L,0
81085157,辻 大雅,Tsuji Taiga,Tsuji Taiga,T.Tsuji,広島東洋カープ,C,投手,,L,L,0
31135114,會澤 翼,Aizawa Tsubasa,Aizawa Tsubasa,T.Aizawa,広島東洋カープ,C,捕手,,R,R,0
11915134,坂倉 将吾,Sakakura Shogo,Sakakura Shogo,S.Sakakura,広島東洋カープ,C,捕手,,R,L,0
21125151,石原 貴規,Ishihara Tomoki,Ishihara Tomoki,T.Ishihara,広島東洋カープ,C,捕手,,R,R,0
81885151,持丸 泰輝,Mochimaru Taiki,Mochimaru Taiki,T.Mochimaru,広島東洋カープ,C,捕手,,R,L,0
91995157,清水 叶人,Shimizu Kanato,Shimizu Kanato,K.Shimizu,広島東洋カープ,C,捕手,,R,L,0
11215155,髙木 翔斗,Takagi Shoto,Takagi Shoto,S.Takagi,広島東洋カープ,C,捕手,,R,R,0
81585152,勝田 成,Katsuda Naru,Katsuda Naru,N.Katsuda,広島東洋カープ,C,内野手,,R,L,0
93395153,矢野 雅哉,Yano Masaya,Yano Masaya,M.Yano,広島東洋カープ,C,内野手,,R,L,0
01705138,小園 海斗,Kozono Kaito,Kozono Kaito,K.Kozono,広島東洋カープ,C,内野手,,R,L,0
61965131,堂林 翔太,Dohbayashi Shota,Dohbayashi Shota,S.Dohbayashi,広島東洋カープ,C,内野手,,R,R,0
11015150,佐々木 泰,Sasaki Tai,Sasaki Tai,T.Sasaki,広島東洋カープ,C,内野手,,R,R,0
61565135,菊池 涼介,Kikuchi Ryosuke,Kikuchi Ryosuke,R.Kikuchi,広島東洋カープ,C,内野手,,R,R,0
01405138,林 晃汰,Hayashi Kota,Hayashi Kota,K.Hayashi,広島東洋カープ,C,内野手,,R,L,0
13515150,渡邉 悠斗,Watanabe Yuto,Watanabe Yuto,Y.Watanabe,広島東洋カープ,C,内野手,,R,R,0
01405152,西川 篤夢,Nishikawa Atsumu,Nishikawa Atsumu,A.Nishikawa,広島東洋カープ,C,内野手,,R,L,0
41445159,仲田 侑仁,Nakada Yuto,Nakada Yuto,Y.Nakada,広島東洋カープ,C,内野手,,R,R,0
41845155,前川 誠太,Maekawa Seita,Maekawa Seita,S.Maekawa,広島東洋カープ,C,内野手,,R,R,0
71975159,佐藤 啓介,Sato Keisuke,Sato Keisuke,K.Sato,広島東洋カープ,C,内野手,,R,L,0
53955150,Ｅ．モンテロ,Elehuris Montero,Elehuris Montero,E.Montero,広島東洋カープ,C,内野手,,R,R,0
91895153,二俣 翔一,Futamata Shoichi,Futamata Shoichi,S.Futamata,広島東洋カープ,C,内野手,,R,R,0
31135133,秋山 翔吾,Akiyama Shogo,Akiyama Shogo,S.Akiyama,広島東洋カープ,C,外野手,,R,L,0
01405130,野間 峻祥,Noma Takayoshi,Noma Takayoshi,T.Noma,広島東洋カープ,C,外野手,,R,L,0
11415157,名原 典彦,Narahara Norihiko,Narahara Norihiko,N.Narahara,広島東洋カープ,C,外野手,92,R,R,1
71675152,平川 蓮,Hirakawa Ren,Hirakawa Ren,R.Hirakawa,広島東洋カープ,C,外野手,,R,B,0
51055155,末包 昇大,Suekane Shota,Suekane Shota,S.Suekane,広島東洋カープ,C,外野手,,R,R,0
81585157,久保 修,Kubo Shu,Kubo Shu,S.Kubo,広島東洋カープ,C,外野手,,R,R,0
21325138,大盛 穂,Ohmori Minoru,Ohmori Minoru,M.Ohmori,広島東洋カープ,C,外野手,,R,L,0
61265155,田村 俊介,Tamura Shunsuke,Tamura Shunsuke,S.Tamura,広島東洋カープ,C,外野手,,L,L,0
43745150,Ｓ．ファビアン,Sandro Fabian,Sandro Fabian,S.Fabian,広島東洋カープ,C,外野手,,R,R,0
81285136,中村 奨成,Nakamura Shosei,Nakamura Shosei,S.Nakamura,広島東洋カープ,C,外野手,,R,R,0
61265157,中村 貴浩,Nakamura Takahiro,Nakamura Takahiro,T.Nakamura,広島東洋カープ,C,外野手,,R,L,0
91495150,田内 真翔,Tanai Manato,Tanai Manato,M.Tanai,横浜DeNAベイスターズ,DB,内野手,56,R,R,0
91895155,古市 尊,Furuichi Takeru,Furuichi Takeru,T.Furuichi,横浜DeNAベイスターズ,DB,捕手,,R,R,0
13715150,Ｊ．デュプランティエ,Jon Duplantier,Jon Duplantier,J.Duplantier,横浜DeNAベイスターズ,DB,投手,,R,L,0
51155136,東 克樹,Azuma Katsuki,Azuma Katsuki,K.Azuma,横浜DeNAベイスターズ,DB,投手,,L,L,0
11415150,竹田 祐,Takeda Yu,Takeda Yu,Y.Takeda,横浜DeNAベイスターズ,DB,投手,,R,R,0
41145151,伊勢 大夢,Ise Hiromu,Ise Hiromu,H.Ise,横浜DeNAベイスターズ,DB,投手,,R,R,0
11315130,石田 健大,Ishida Kenta,Ishida Kenta,K.Ishida,横浜DeNAベイスターズ,DB,投手,,L,L,0
11015152,島田 舜也,Shimada Shunya,Shimada Shunya,S.Shimada,横浜DeNAベイスターズ,DB,投手,,R,R,0
01305138,大貫 晋一,Ohnuki Shinichi,Ohnuki Shinichi,S.Ohnuki,横浜DeNAベイスターズ,DB,投手,,R,R,0
31935155,小園 健太,Kozono Kenta,Kozono Kenta,K.Kozono,横浜DeNAベイスターズ,DB,投手,,R,R,0
41845130,山﨑 康晃,Yamasaki Yasuaki,Yamasaki Yasuaki,Y.Yamasaki,横浜DeNAベイスターズ,DB,投手,,R,R,0
11015151,坂本 裕哉,Sakamoto Yuya,Sakamoto Yuya,Y.Sakamoto,横浜DeNAベイスターズ,DB,投手,,L,L,0
61365153,入江 大生,Irie Taisei,Irie Taisei,T.Irie,横浜DeNAベイスターズ,DB,投手,,R,R,0
33535157,吉野 光樹,Yoshino Teruki,Yoshino Teruki,T.Yoshino,横浜DeNAベイスターズ,DB,投手,,R,R,0
41045137,藤浪 晋太郎,Fujinami Shintaro,Fujinami Shintaro,S.Fujinami,横浜DeNAベイスターズ,DB,投手,,R,R,0
41045150,篠木 健太郎,Shinogi Kentaro,Shinogi Kentaro,K.Shinogi,横浜DeNAベイスターズ,DB,投手,,R,L,0
91295159,武田 陸玖,Takeda Riku,Takeda Riku,R.Takeda,横浜DeNAベイスターズ,DB,投手,,L,L,0
31635157,橋本 達弥,Hashimoto Tatsuya,Hashimoto Tatsuya,T.Hashimoto,横浜DeNAベイスターズ,DB,投手,,R,R,0
23125159,松本 凌人,Matsumoto Ryoto,Matsumoto Ryoto,R.Matsumoto,横浜DeNAベイスターズ,DB,投手,,R,R,0
63365150,若松 尚輝,Wakamatsu Naoki,Wakamatsu Naoki,N.Wakamatsu,横浜DeNAベイスターズ,DB,投手,,R,R,0
71975134,佐々木 千隼,Sasaki Chihaya,Sasaki Chihaya,C.Sasaki,横浜DeNAベイスターズ,DB,投手,,R,R,0
83385152,Ａ．コックス,Austin Cox,Austin Cox,A.Cox,横浜DeNAベイスターズ,DB,投手,,L,L,0
61665155,深沢 鳳介,Fukazawa Osuke,Fukazawa Osuke,O.Fukazawa,横浜DeNAベイスターズ,DB,投手,,R,R,0
93195134,森原 康平,Morihara Kohei,Morihara Kohei,K.Morihara,横浜DeNAベイスターズ,DB,投手,,R,L,0
61965150,坂口 翔颯,Sakaguchi Kasuga,Sakaguchi Kasuga,K.Sakaguchi,横浜DeNAベイスターズ,DB,投手,,R,R,0
61565152,片山 皓心,Katayama Hiromi,Katayama Hiromi,H.Katayama,横浜DeNAベイスターズ,DB,投手,,L,L,0
53955152,Ｊ．ルイーズ,Jose Ruiz,Jose Ruiz,J.Ruiz,横浜DeNAベイスターズ,DB,投手,,R,R,0
21425153,中川 颯,Nakagawa Hayate,Nakagawa Hayate,H.Nakagawa,横浜DeNAベイスターズ,DB,投手,,R,L,0
21125159,石田 裕太郎,Ishida Yutaro,Ishida Yutaro,Y.Ishida,横浜DeNAベイスターズ,DB,投手,,R,R,0
01905139,平良 拳太郎,Taira Kentaro,Taira Kentaro,K.Taira,横浜DeNAベイスターズ,DB,投手,,R,R,0
93995152,Ｓ．レイノルズ,Sean Reynolds,Sean Reynolds,S.Reynolds,横浜DeNAベイスターズ,DB,投手,,R,L,0
21225136,中川 虎大,Nakagawa Koh,Nakagawa Koh,K.Nakagawa,横浜DeNAベイスターズ,DB,投手,,R,R,0
51855138,宮城 滝太,Miyagi Daita,Miyagi Daita,D.Miyagi,横浜DeNAベイスターズ,DB,投手,,R,R,0
81385153,岩田 将貴,Iwata Masaki,Iwata Masaki,M.Iwata,横浜DeNAベイスターズ,DB,投手,,L,L,0
71875134,堀岡 隼人,Horioka Hayato,Horioka Hayato,H.Horioka,横浜DeNAベイスターズ,DB,投手,,R,R,0
21825157,松尾 汐恩,Matsuo Shion,Matsuo Shion,S.Matsuo,横浜DeNAベイスターズ,DB,捕手,,R,R,0
41245132,戸柱 恭孝,Tobashira Yasutaka,Tobashira Yasutaka,Y.Tobashira,横浜DeNAベイスターズ,DB,捕手,,R,L,0
91695138,益子 京右,Mashiko Kyosuke,Mashiko Kyosuke,K.Mashiko,横浜DeNAベイスターズ,DB,捕手,,R,R,0
23125136,山本 祐大,Yamamoto Yuudai,Yamamoto Yuudai,Y.Yamamoto,福岡ソフトバンクホークス,Hs,捕手,,R,R,0
51155151,東妻 純平,Azuma Junpei,Azuma Junpei,J.Azuma,横浜DeNAベイスターズ,DB,捕手,,R,R,0
31735134,九鬼 隆平,Kuki Ryuhei,Kuki Ryuhei,R.Kuki,横浜DeNAベイスターズ,DB,捕手,,R,R,0
91695157,林 琢真,Hayashi Takuma,Hayashi Takuma,T.Hayashi,横浜DeNAベイスターズ,DB,内野手,,R,L,0
13115153,牧 秀悟,Maki Shugo,Maki Shugo,S.Maki,横浜DeNAベイスターズ,DB,内野手,,R,R,0
41545152,小田 康一郎,Oda Koichiro,Oda Koichiro,K.Oda,横浜DeNAベイスターズ,DB,内野手,,R,L,0
33135151,森 敬斗,Mori Keito,Mori Keito,K.Mori,横浜DeNAベイスターズ,DB,内野手,,R,L,0
81585134,京田 陽太,Kyoda Yota,Kyoda Yota,Y.Kyoda,横浜DeNAベイスターズ,DB,内野手,,R,L,0
41945131,筒香 嘉智,Tsutsugoh Yoshitomo,Tsutsugoh Yoshitomo,Y.Tsutsugoh,横浜DeNAベイスターズ,DB,内野手,,R,L,0
33135134,三森 大貴,Mimori Masaki,Mimori Masaki,M.Mimori,横浜DeNAベイスターズ,DB,内野手,,R,L,0
41945132,柴田 竜拓,Shibata Tatsuhiro,Shibata Tatsuhiro,T.Shibata,横浜DeNAベイスターズ,DB,内野手,,R,L,0
53155152,宮下 朝陽,Miyashita Asahi,Miyashita Asahi,A.Miyashita,横浜DeNAベイスターズ,DB,内野手,,R,R,0
21525150,加藤 響,Kato Hibiki,Kato Hibiki,H.Kato,横浜DeNAベイスターズ,DB,内野手,,R,R,0
91195159,石上 泰輝,Ishikami Taiki,Ishikami Taiki,T.Ishikami,横浜DeNAベイスターズ,DB,内野手,,R,L,0
91495152,成瀬 脩人,Naruse Syuto,Naruse Syuto,S.Naruse,横浜DeNAベイスターズ,DB,内野手,,R,R,0
51455137,宮﨑 敏郎,Miyazaki Toshiro,Miyazaki Toshiro,T.Miyazaki,横浜DeNAベイスターズ,DB,内野手,,R,R,0
13715132,Ｄ．ビシエド,Dayan Viciedo,Dayan Viciedo,D.Viciedo,横浜DeNAベイスターズ,DB,内野手,,R,R,0
33535159,度会 隆輝,Watarai Ryuki,Watarai Ryuki,R.Watarai,横浜DeNAベイスターズ,DB,外野手,,R,L,0
91995134,佐野 恵太,Sano Keita,Sano Keita,K.Sano,横浜DeNAベイスターズ,DB,外野手,,R,L,0
71575136,神里 和毅,Kamizato Kazuki,Kamizato Kazuki,K.Kamizato,横浜DeNAベイスターズ,DB,外野手,,R,L,0
41545138,勝又 温史,Katsumata Atsushi,Katsumata Atsushi,A.Katsumata,横浜DeNAベイスターズ,DB,外野手,,R,L,0
31335159,井上 絢登,Inoue Kento,Inoue Kento,K.Inoue,横浜DeNAベイスターズ,DB,外野手,,R,L,0
51555155,梶原 昂希,Kajiwara Kouki,Kajiwara Kouki,K.Kajiwara,横浜DeNAベイスターズ,DB,外野手,,R,L,0
51555151,蝦名 達夫,Ebina Tatsuo,Ebina Tatsuo,T.Ebina,横浜DeNAベイスターズ,DB,外野手,,R,R,0
31935139,関根 大気,Sekine Taiki,Sekine Taiki,T.Sekine,横浜DeNAベイスターズ,DB,外野手,,L,L,0
13715152,Ｃ．ヒュンメル,Cooper Hummel,Cooper Hummel,C.Hummel,横浜DeNAベイスターズ,DB,外野手,,R,B,0
33235155,Ｈ．マルセリーノ,Hansel Marcelino,Hansel Marcelino,H.Marcelino,横浜DeNAベイスターズ,DB,投手,,R,R,0
73375157,矢澤 宏太,Yazawa Kota,Yazawa Kota,K.Yazawa,北海道日本ハムファイターズ,F,投手,,L,L,0
41245138,生田目 翼,Nabatame Tsubasa,Nabatame Tsubasa,T.Nabatame,北海道日本ハムファイターズ,F,投手,,R,R,0
41545132,加藤 貴之,Katoh Takayuki,Katoh Takayuki,T.Katoh,北海道日本ハムファイターズ,F,投手,,L,L,0
51755155,北山 亘基,Kitayama Koki,Kitayama Koki,K.Kitayama,北海道日本ハムファイターズ,F,投手,,R,R,0
01205155,達 孝太,Tatsu Kota,Tatsu Kota,K.Tatsu,北海道日本ハムファイターズ,F,投手,,R,R,0
51355153,伊藤 大海,Itoh Hiromi,Itoh Hiromi,H.Itoh,北海道日本ハムファイターズ,F,投手,,R,L,0
21825130,山﨑 福也,Yamasaki Sachiya,Yamasaki Sachiya,S.Yamasaki,北海道日本ハムファイターズ,F,投手,,L,L,0
91295134,玉井 大翔,Tamai Taisho,Tamai Taisho,T.Tamai,北海道日本ハムファイターズ,F,投手,,R,R,0
41345132,上原 健太,Uehara Kenta,Uehara Kenta,K.Uehara,北海道日本ハムファイターズ,F,投手,,L,L,0
61765139,杉浦 稔大,Sugiura Toshihiro,Sugiura Toshihiro,T.Sugiura,北海道日本ハムファイターズ,F,投手,,R,R,0
51555157,金村 尚真,Kanemura Shoma,Kanemura Shoma,S.Kanemura,北海道日本ハムファイターズ,F,投手,,R,R,0
41445116,宮西 尚生,Miyanishi Naoki,Miyanishi Naoki,N.Miyanishi,北海道日本ハムファイターズ,F,投手,,L,L,0
31235134,田中 正義,Tanaka Seigi,Tanaka Seigi,S.Tanaka,北海道日本ハムファイターズ,F,投手,,R,R,0
61365152,大川 慈英,Ohkawa Jey,Ohkawa Jey,J.Ohkawa,北海道日本ハムファイターズ,F,投手,,R,L,0
81785151,河野 竜生,Kawano Ryusei,Kawano Ryusei,R.Kawano,北海道日本ハムファイターズ,F,投手,,L,L,0
61865159,細野 晴希,Hosono Haruki,Hosono Haruki,H.Hosono,北海道日本ハムファイターズ,F,投手,,L,L,0
81085150,柴田 獅子,Shibata Reo,Shibata Reo,R.Shibata,北海道日本ハムファイターズ,F,投手,,R,L,0
01805150,藤田 琉生,Fujita Ryusei,Fujita Ryusei,R.Fujita,北海道日本ハムファイターズ,F,投手,,L,L,0
51855134,堀 瑞輝,Hori Mizuki,Hori Mizuki,M.Hori,北海道日本ハムファイターズ,F,投手,,L,L,0
51155150,浅利 太門,Asari Tamon,Asari Tamon,T.Asari,北海道日本ハムファイターズ,F,投手,,R,R,0
93595150,古林 睿煬,Ruei-Yang Gu Lin,Ruei-Yang Gu Lin,R.Lin,北海道日本ハムファイターズ,F,投手,,R,R,0
51055133,島本 浩也,Shimamoto Hiroya,Shimamoto Hiroya,H.Shimamoto,北海道日本ハムファイターズ,F,投手,,L,L,0
21025137,福谷 浩司,Fukutani Koji,Fukutani Koji,K.Fukutani,北海道日本ハムファイターズ,F,投手,,R,R,0
81685155,福島 蓮,Fukushima Ren,Fukushima Ren,R.Fukushima,北海道日本ハムファイターズ,F,投手,,R,R,0
61765155,畔柳 亨丞,Kuroyanagi Kyosuke,Kuroyanagi Kyosuke,K.Kuroyanagi,北海道日本ハムファイターズ,F,投手,,R,R,0
63365155,柳川 大晟,Yanagawa Taisei,Yanagawa Taisei,T.Yanagawa,北海道日本ハムファイターズ,F,投手,,R,R,0
21725138,齋藤 友貴哉,Saito Yukiya,Saito Yukiya,Y.Saito,北海道日本ハムファイターズ,F,投手,,R,L,0
01105134,池田 隆英,Ikeda Takahide,Ikeda Takahide,T.Ikeda,北海道日本ハムファイターズ,F,投手,,R,R,0
51255150,清水 大暉,Shimizu Daiki,Shimizu Daiki,D.Shimizu,北海道日本ハムファイターズ,F,投手,,R,R,0
13315150,山城 航太郎,Yamashiro Kotaro,Yamashiro Kotaro,K.Yamashiro,北海道日本ハムファイターズ,F,投手,,R,R,0
03105136,山本 拓実,Yamamoto Takumi,Yamamoto Takumi,T.Yamamoto,北海道日本ハムファイターズ,F,投手,,R,R,0
51155130,有原 航平,Arihara Kohei,Arihara Kohei,K.Arihara,北海道日本ハムファイターズ,F,投手,,R,R,0
83785159,孫 易磊,Sun Yi-Lei,Sun Yi-Lei,Y.Sun,北海道日本ハムファイターズ,F,投手,,R,L,0
21925151,郡司 裕也,Gunji Yuya,Gunji Yuya,Y.Gunji,北海道日本ハムファイターズ,F,捕手,,R,R,0
61965130,清水 優心,Shimizu Yushi,Shimizu Yushi,Y.Shimizu,北海道日本ハムファイターズ,F,捕手,,R,R,0
11015159,進藤 勇也,Shintoh Yuya,Shintoh Yuya,Y.Shintoh,北海道日本ハムファイターズ,F,捕手,,R,R,0
61665152,藤森 海斗,Fujimori Kaito,Fujimori Kaito,K.Fujimori,北海道日本ハムファイターズ,F,捕手,,R,L,0
13515157,吉田 賢吾,Yoshida Kengo,Yoshida Kengo,K.Yoshida,北海道日本ハムファイターズ,F,捕手,,R,R,0
51055138,田宮 裕涼,Tamiya Yua,Tamiya Yua,Y.Tamiya,北海道日本ハムファイターズ,F,捕手,,R,L,0
11515151,梅林 優貴,Umebayashi Yuki,Umebayashi Yuki,Y.Umebayashi,北海道日本ハムファイターズ,F,捕手,,R,R,0
01505155,上川畑 大悟,Kamikawabata Daigo,Kamikawabata Daigo,D.Kamikawabata,北海道日本ハムファイターズ,F,内野手,,R,L,0
31435138,野村 佑希,Nomura Yuki,Nomura Yuki,Y.Nomura,北海道日本ハムファイターズ,F,内野手,,R,R,0
11215118,中島 卓也,Nakashima Takuya,Nakashima Takuya,T.Nakashima,北海道日本ハムファイターズ,F,内野手,,R,L,0
41545136,清宮 幸太郎,Kiyomiya Kotaro,Kiyomiya Kotaro,K.Kiyomiya,北海道日本ハムファイターズ,F,内野手,,R,L,0
01105155,有薗 直輝,Arizono Naoki,Arizono Naoki,N.Arizono,北海道日本ハムファイターズ,F,内野手,,R,R,0
63165155,水野 達稀,Mizuno Tatsuki,Mizuno Tatsuki,T.Mizuno,北海道日本ハムファイターズ,F,内野手,,R,L,0
71975155,阪口 樂,Sakaguchi Uta,Sakaguchi Uta,U.Sakaguchi,北海道日本ハムファイターズ,F,内野手,,R,L,0
11515152,大塚 瑠晏,Ohtsuka Ruan,Ohtsuka Ruan,R.Ohtsuka,北海道日本ハムファイターズ,F,内野手,,R,L,0
51655152,半田 南十,Handa Minato,Handa Minato,M.Handa,北海道日本ハムファイターズ,F,内野手,,R,L,0
63165150,山縣 秀,Yamagata Shu,Yamagata Shu,S.Yamagata,北海道日本ハムファイターズ,F,内野手,,R,R,0
61865153,細川 凌平,Hosokawa Ryohei,Hosokawa Ryohei,R.Hosokawa,北海道日本ハムファイターズ,F,内野手,,R,L,0
31435157,奈良間 大己,Narama Taiki,Narama Taiki,T.Narama,北海道日本ハムファイターズ,F,内野手,,R,R,0
53355159,明瀬 諒介,Myose Ryosuke,Myose Ryosuke,R.Myose,北海道日本ハムファイターズ,F,内野手,,R,R,0
21225133,西川 遥輝,Nishikawa Haruki,Nishikawa Haruki,H.Nishikawa,北海道日本ハムファイターズ,F,外野手,,R,L,0
31135130,淺間 大基,Asama Daiki,Asama Daiki,D.Asama,北海道日本ハムファイターズ,F,外野手,,R,L,0
83185159,宮崎 一樹,Miyazaki Kazuki,Miyazaki Kazuki,K.Miyazaki,北海道日本ハムファイターズ,F,外野手,,R,R,0
01305152,エドポロ ケイン,Edokpolo Kane,Edokpolo Kane,K.Edokpolo,北海道日本ハムファイターズ,F,外野手,,R,R,0
11315153,五十幡 亮汰,Isobata Ryota,Isobata Ryota,R.Isobata,北海道日本ハムファイターズ,F,外野手,,R,L,0
31835138,水谷 瞬,Mizutani Shun,Mizutani Shun,S.Mizutani,北海道日本ハムファイターズ,F,外野手,,R,R,0
21325153,今川 優馬,Imagawa Yuma,Imagawa Yuma,Y.Imagawa,北海道日本ハムファイターズ,F,外野手,,R,R,0
11815138,万波 中正,Mannami Chusei,Mannami Chusei,C.Mannami,北海道日本ハムファイターズ,F,外野手,,R,R,0
73075159,Ｆ．レイエス,Franmil Reyes,Franmil Reyes,F.Reyes,北海道日本ハムファイターズ,F,外野手,,R,R,0
43745152,Ｓ．ラオ,Sauryn Lao,Sauryn Lao,S.Lao,北海道日本ハムファイターズ,F,投手,,R,R,1
43945152,Ｒ．カストロ,Rodolfo Castro,Rodolfo Castro,R.Castro,北海道日本ハムファイターズ,F,内野手,,R,R,1
73975136,Ａ．マルティネス,Ariel Martinez,Ariel Martinez,A.Martinez,北海道日本ハムファイターズ,F,捕手,,R,R,0
83985152,Ｌ．リン,Lyle Chia-Cheng Lin,Lyle Chia-Cheng Lin,L.Lin,北海道日本ハムファイターズ,F,捕手,,,,1
01205138,中村 稔弥,Nakamura Toshiya,Nakamura Toshiya,T.Nakamura,福岡ソフトバンクホークス,Hs,投手,,L,L,0
73175152,毛利 海大,Mouri Kaito,Mouri Kaito,K.Mouri,千葉ロッテマリーンズ,M,投手,,L,L,0
11515138,小島 和哉,Ojima Kazuya,Ojima Kazuya,K.Ojima,千葉ロッテマリーンズ,M,投手,,L,L,0
23125151,横山 陸人,Yokoyama Rikuto,Yokoyama Rikuto,R.Yokoyama,千葉ロッテマリーンズ,M,投手,,R,R,0
71275134,種市 篤暉,Taneichi Atsuki,Taneichi Atsuki,A.Taneichi,千葉ロッテマリーンズ,M,投手,,R,R,0
61165152,石垣 元気,Ishigaki Genki,Ishigaki Genki,G.Ishigaki,千葉ロッテマリーンズ,M,投手,,R,B,0
21525116,唐川 侑己,Karakawa Yuki,Karakawa Yuki,Y.Karakawa,千葉ロッテマリーンズ,M,投手,,R,R,0
61165139,石川 柊太,Ishikawa Shuta,Ishikawa Shuta,S.Ishikawa,千葉ロッテマリーンズ,M,投手,,R,R,0
31135138,東妻 勇輔,Azuma Yusuke,Azuma Yusuke,Y.Azuma,千葉ロッテマリーンズ,M,投手,,R,R,0
91595157,菊地 吏玖,Kikuchi Riku,Kikuchi Riku,R.Kikuchi,千葉ロッテマリーンズ,M,投手,,R,L,0
01205118,西野 勇士,Nishino Yuji,Nishino Yuji,Y.Nishino,千葉ロッテマリーンズ,M,投手,,R,R,0
41645155,廣畑 敦也,Hirohata Atsuya,Hirohata Atsuya,A.Hirohata,千葉ロッテマリーンズ,M,投手,,R,R,0
81385159,大谷 輝龍,Ohtani Hikaru,Ohtani Hikaru,H.Ohtani,千葉ロッテマリーンズ,M,投手,,R,R,0
23325155,八木 彬,Yagi Akira,Yagi Akira,A.Yagi,千葉ロッテマリーンズ,M,投手,,R,R,0
31035157,高野 脩汰,Takano Shuta,Takano Shuta,S.Takano,千葉ロッテマリーンズ,M,投手,,L,L,0
01005157,田中 晴也,Tanaka Haruya,Tanaka Haruya,H.Tanaka,千葉ロッテマリーンズ,M,投手,,R,L,0
41745138,坂本 光士郎,Sakamoto Koshiro,Sakamoto Koshiro,K.Sakamoto,千葉ロッテマリーンズ,M,投手,,L,L,0
51555130,小野 郁,Ono Fumiya,Ono Fumiya,F.Ono,千葉ロッテマリーンズ,M,投手,,R,R,0
21525152,奥村 頼人,Okumura Raito,Okumura Raito,R.Okumura,千葉ロッテマリーンズ,M,投手,,L,L,0
11315150,一條 力真,Ichijo Rikima,Ichijo Rikima,R.Ichijo,千葉ロッテマリーンズ,M,投手,,R,L,0
01605152,冨士 隼斗,Fuji Hayato,Fuji Hayato,H.Fuji,千葉ロッテマリーンズ,M,投手,,R,R,0
71275153,鈴木 昭汰,Suzuki Shota,Suzuki Shota,S.Suzuki,千葉ロッテマリーンズ,M,投手,,L,L,0
71675135,益田 直也,Masuda Naoya,Masuda Naoya,N.Masuda,千葉ロッテマリーンズ,M,投手,,R,R,0
71775159,木村 優人,Kimura Yuto,Kimura Yuto,Y.Kimura,千葉ロッテマリーンズ,M,投手,,R,L,0
01905134,澤田 圭佑,Sawada Keisuke,Sawada Keisuke,K.Sawada,千葉ロッテマリーンズ,M,投手,,R,L,0
31635153,中森 俊介,Nakamori Shunsuke,Nakamori Shunsuke,S.Nakamori,千葉ロッテマリーンズ,M,投手,,R,L,0
61765153,河村 説人,Kawamura Tokito,Kawamura Tokito,T.Kawamura,千葉ロッテマリーンズ,M,投手,,R,R,0
91695159,早坂 響,Hayasaka Oto,Hayasaka Oto,O.Hayasaka,千葉ロッテマリーンズ,M,投手,,R,R,0
63165152,大聖,Tanaka Yamato,Tanaka Yamato,Y.Tanaka,千葉ロッテマリーンズ,M,投手,,R,L,0
41945150,坂井 遼,Sakai Haru,Sakai Haru,H.Sakai,千葉ロッテマリーンズ,M,投手,,R,R,0
81685150,廣池 康志郎,Hiroike Koshiro,Hiroike Koshiro,K.Hiroike,千葉ロッテマリーンズ,M,投手,,R,L,0
73175157,宮﨑 颯,Miyazaki Hayato,Miyazaki Hayato,H.Miyazaki,千葉ロッテマリーンズ,M,投手,,L,L,0
83385157,吉川 悠斗,Yoshikawa Yuto,Yoshikawa Yuto,Y.Yoshikawa,千葉ロッテマリーンズ,M,投手,,L,L,0
53155155,松川 虎生,Matsukawa Kou,Matsukawa Kou,K.Matsukawa,千葉ロッテマリーンズ,M,捕手,,R,R,0
41945137,田村 龍弘,Tamura Tatsuhiro,Tamura Tatsuhiro,T.Tamura,千葉ロッテマリーンズ,M,捕手,,R,R,0
71075151,佐藤 都志也,Satoh Toshiya,Satoh Toshiya,T.Satoh,千葉ロッテマリーンズ,M,捕手,,R,L,0
91395151,植田 将太,Ueda Shota,Ueda Shota,S.Ueda,千葉ロッテマリーンズ,M,捕手,,R,R,0
51455159,寺地 隆成,Terachi Ryusei,Terachi Ryusei,R.Terachi,千葉ロッテマリーンズ,M,捕手,,R,L,0
01505152,岡村 了樹,Okamura Ryoju,Okamura Ryoju,R.Okamura,千葉ロッテマリーンズ,M,捕手,,R,R,0
21125155,池田 来翔,Ikeda Raito,Ikeda Raito,R.Ikeda,千葉ロッテマリーンズ,M,内野手,,R,R,0
71275157,友杉 篤輝,Tomosugi Atsuki,Tomosugi Atsuki,A.Tomosugi,千葉ロッテマリーンズ,M,内野手,,R,R,0
81885136,安田 尚憲,Yasuda Hisanori,Yasuda Hisanori,H.Yasuda,千葉ロッテマリーンズ,M,内野手,,R,L,0
41645136,藤岡 裕大,Fujioka Yudai,Fujioka Yudai,Y.Fujioka,千葉ロッテマリーンズ,M,内野手,,R,L,0
51455130,中村 奨吾,Nakamura Shogo,Nakamura Shogo,S.Nakamura,千葉ロッテマリーンズ,M,内野手,,R,R,0
71375159,上田 希由翔,Ueda Kyuto,Ueda Kyuto,K.Ueda,千葉ロッテマリーンズ,M,内野手,,R,L,0
41145134,石垣 勝海,Ishigaki Masami,Ishigaki Masami,M.Ishigaki,千葉ロッテマリーンズ,M,内野手,,R,R,0
81885150,宮崎 竜成,Miyazaki Ryusei,Miyazaki Ryusei,R.Miyazaki,千葉ロッテマリーンズ,M,内野手,,R,L,0
71475150,立松 由宇,Tatematsu Yu,Tatematsu Yu,Y.Tatematsu,千葉ロッテマリーンズ,M,内野手,,R,L,0
01905152,櫻井 ユウヤ,Sakurai Yuya,Sakurai Yuya,Y.Sakurai,千葉ロッテマリーンズ,M,内野手,,R,R,0
11715153,小川 龍成,Ogawa Ryusei,Ogawa Ryusei,R.Ogawa,千葉ロッテマリーンズ,M,内野手,,R,L,0
71275132,茶谷 健太,Chatani Kenta,Chatani Kenta,K.Chatani,千葉ロッテマリーンズ,M,内野手,,R,R,0
11215151,髙部 瑛斗,Takabe Akito,Takabe Akito,A.Takabe,千葉ロッテマリーンズ,M,外野手,,R,L,0
31635138,藤原 恭大,Fujiwara Kyota,Fujiwara Kyota,K.Fujiwara,千葉ロッテマリーンズ,M,外野手,,L,L,0
41545114,角中 勝也,Kakunaka Katsuya,Kakunaka Katsuya,K.Kakunaka,千葉ロッテマリーンズ,M,外野手,,R,L,0
21625150,西川 史礁,Nishikawa Misho,Nishikawa Misho,M.Nishikawa,千葉ロッテマリーンズ,M,外野手,,R,R,0
01105135,石川 慎吾,Ishikawa Shingo,Ishikawa Shingo,S.Ishikawa,千葉ロッテマリーンズ,M,外野手,,R,R,0
11515139,岡 大海,Oka Hiromi,Oka Hiromi,H.Oka,千葉ロッテマリーンズ,M,外野手,,R,R,0
31535132,愛斗,Takeda Aito,Takeda Aito,A.Takeda,千葉ロッテマリーンズ,M,外野手,,R,R,0
91895138,山口 航輝,Yamaguchi Koki,Yamaguchi Koki,K.Yamaguchi,千葉ロッテマリーンズ,M,外野手,,R,R,0
33535153,山本 大斗,Yamamoto Daito,Yamamoto Daito,D.Yamamoto,千葉ロッテマリーンズ,M,外野手,,R,R,0
33335136,和田 康士朗,Wada Koshiro,Wada Koshiro,K.Wada,千葉ロッテマリーンズ,M,外野手,,L,L,0
03305152,Ｊ．カスティーヨ,Jose Castillo,Jose Castillo,J.Castillo,千葉ロッテマリーンズ,M,投手,,L,L,1
03905152,Ｓ．ロング,Sam Long,Sam Long,S.Long,千葉ロッテマリーンズ,M,投手,,L,L,1
03505136,Ｎ．ソト,Neftali Soto,Neftali Soto,N.Soto,千葉ロッテマリーンズ,M,内野手,,R,R,0
63065155,Ｇ．ポランコ,Gregory Polanco,Gregory Polanco,G.Polanco,千葉ロッテマリーンズ,M,外野手,,L,L,0
43745159,Ａ．ジャクソン,Andre Jackson,Andre Jackson,A.Jackson,千葉ロッテマリーンズ,M,投手,,R,R,1
41345159,大内 誠弥,Ohuchi Seiya,Ohuchi Seiya,S.Ohuchi,東北楽天ゴールデンイーグルス,E,投手,67,R,R,0
51555153,内 星龍,Uchi Seiryu,Uchi Seiryu,S.Uchi,東北楽天ゴールデンイーグルス,E,投手,69,R,L,0
11815132,堀内 謙伍,Horiuchi Kengo,Horiuchi Kengo,K.Horiuchi,東北楽天ゴールデンイーグルス,E,捕手,65,R,L,0
91095151,佐藤 直樹,Sato Naoki,Sato Naoki,N.Sato,東北楽天ゴールデンイーグルス,E,外野手,,R,R,0
91795114,岸 孝之,Kishi Takayuki,Kishi Takayuki,T.Kishi,東北楽天ゴールデンイーグルス,E,投手,,R,R,0
81685152,藤原 聡大,Fujiwara Sota,Fujiwara Sota,S.Fujiwara,東北楽天ゴールデンイーグルス,E,投手,,R,R,0
53555152,Ｒ．コントレラス,Roansy Contreras,Roansy Contreras,R.Contreras,東北楽天ゴールデンイーグルス,E,投手,,R,R,0
21725159,古謝 樹,Koja Tatsuki,Koja Tatsuki,T.Koja,東北楽天ゴールデンイーグルス,E,投手,,L,L,0
51655114,前田 健太,Maeda Kenta,Maeda Kenta,K.Maeda,東北楽天ゴールデンイーグルス,E,投手,,R,R,0
21925157,荘司 康誠,Shoji Kosei,Shoji Kosei,K.Shoji,東北楽天ゴールデンイーグルス,E,投手,,R,R,0
31335152,伊藤 樹,Itoh Tatsuki,Itoh Tatsuki,T.Itoh,東北楽天ゴールデンイーグルス,E,投手,,R,R,0
31835153,早川 隆久,Hayakawa Takahisa,Hayakawa Takahisa,T.Hayakawa,東北楽天ゴールデンイーグルス,E,投手,,L,L,0
31635150,中込 陽翔,Nakagomi Haruto,Nakagomi Haruto,H.Nakagomi,東北楽天ゴールデンイーグルス,E,投手,,R,R,0
61765134,酒居 知史,Sakai Tomohito,Sakai Tomohito,T.Sakai,東北楽天ゴールデンイーグルス,E,投手,,R,R,0
23525157,渡辺 翔太,Watanabe Shota,Watanabe Shota,S.Watanabe,東北楽天ゴールデンイーグルス,E,投手,,R,R,0
11515150,江原 雅裕,Ehara Masahiro,Ehara Masahiro,M.Ehara,東北楽天ゴールデンイーグルス,E,投手,,R,R,0
21525139,加治屋 蓮,Kajiya Ren,Kajiya Ren,R.Kajiya,東北楽天ゴールデンイーグルス,E,投手,,R,R,0
73575132,宋 家豪,Sung Chia-Hao,Sung Chia-Hao,C.Sung,東北楽天ゴールデンイーグルス,E,投手,,R,L,0
71775152,九谷 瑠,Kutani Ryu,Kutani Ryu,R.Kutani,東北楽天ゴールデンイーグルス,E,投手,,R,L,0
61665134,藤平 尚真,Fujihira Shoma,Fujihira Shoma,S.Fujihira,東北楽天ゴールデンイーグルス,E,投手,,R,R,0
71875153,藤井 聖,Fujii Masaru,Fujii Masaru,M.Fujii,東北楽天ゴールデンイーグルス,E,投手,,L,L,0
61465155,西垣 雅矢,Nishigaki Masaya,Nishigaki Masaya,M.Nishigaki,東北楽天ゴールデンイーグルス,E,投手,,R,L,0
11415151,津留﨑 大成,Tsurusaki Taisei,Tsurusaki Taisei,T.Tsurusaki,東北楽天ゴールデンイーグルス,E,投手,,R,R,0
11915159,坂井 陽翔,Sakai Haruto,Sakai Haruto,H.Sakai,東北楽天ゴールデンイーグルス,E,投手,,R,R,0
01605159,日當 直喜,Hinata Naoki,Hinata Naoki,N.Hinata,東北楽天ゴールデンイーグルス,E,投手,,R,R,0
01905138,鈴木 翔天,Suzuki Sora,Suzuki Sora,S.Suzuki,東北楽天ゴールデンイーグルス,E,投手,,L,L,0
31235151,瀧中 瞭太,Takinaka Ryota,Takinaka Ryota,R.Takinaka,東北楽天ゴールデンイーグルス,E,投手,,R,R,0
01505118,辛島 航,Karashima Wataru,Karashima Wataru,W.Karashima,東北楽天ゴールデンイーグルス,E,投手,,L,L,0
61065155,泰 勝利,Tai Katsutoshi,Tai Katsutoshi,K.Tai,東北楽天ゴールデンイーグルス,E,投手,,L,R,0
31735157,古賀 康誠,Koga Kosei,Koga Kosei,K.Koga,東北楽天ゴールデンイーグルス,E,投手,,L,L,0
41445134,西口 直人,Nishiguchi Naoto,Nishiguchi Naoto,N.Nishiguchi,東北楽天ゴールデンイーグルス,E,投手,,R,R,0
01605157,林 優樹,Hayashi Yuki,Hayashi Yuki,Y.Hayashi,東北楽天ゴールデンイーグルス,E,投手,,L,L,0
21725139,今野 龍太,Konno Ryuta,Konno Ryuta,R.Konno,東北楽天ゴールデンイーグルス,E,投手,,R,R,0
81985155,柴田 大地,Shibata Daichi,Shibata Daichi,D.Shibata,東北楽天ゴールデンイーグルス,E,投手,,R,R,0
11315152,伊藤 大晟,Itoh Taisei,Itoh Taisei,T.Itoh,東北楽天ゴールデンイーグルス,E,投手,,L,L,0
71375138,太田 光,Ohta Hikaru,Ohta Hikaru,H.Ohta,東北楽天ゴールデンイーグルス,E,捕手,,R,R,0
81185116,伊藤 光,Itoh Hikaru,Itoh Hikaru,H.Itoh,東北楽天ゴールデンイーグルス,E,捕手,,R,R,0
31235130,田中 貴也,Tanaka Takaya,Tanaka Takaya,T.Tanaka,東北楽天ゴールデンイーグルス,E,捕手,,R,L,0
43345155,YG安田,Yuma Yasuda,Yuma Yasuda,Y.Yasuda,東北楽天ゴールデンイーグルス,E,捕手,,R,L,0
61165134,石原 彪,Ishihara Tsuyoshi,Ishihara Tsuyoshi,T.Ishihara,東北楽天ゴールデンイーグルス,E,捕手,,R,R,0
81385152,大栄 利哉,Ohsakae Toshiya,Ohsakae Toshiya,T.Ohsakae,東北楽天ゴールデンイーグルス,E,捕手,,R,L,0
61965151,小深田 大翔,Kobukata Hiroto,Kobukata Hiroto,H.Kobukata,東北楽天ゴールデンイーグルス,E,内野手,,R,L,0
53155150,宗山 塁,Muneyama Rui,Muneyama Rui,R.Muneyama,東北楽天ゴールデンイーグルス,E,内野手,,R,L,0
51155118,浅村 栄斗,Asamura Hideto,Asamura Hideto,H.Asamura,東北楽天ゴールデンイーグルス,E,内野手,,R,R,0
41845132,村林 一輝,Murabayashi Itsuki,Murabayashi Itsuki,I.Murabayashi,東北楽天ゴールデンイーグルス,E,内野手,,R,R,0
81985135,鈴木 大地,Suzuki Daichi,Suzuki Daichi,D.Suzuki,東北楽天ゴールデンイーグルス,E,内野手,,R,L,0
03005150,Ｌ．ボイト,Luke Voit,Luke Voit,L.Voit,東北楽天ゴールデンイーグルス,E,内野手,,R,R,0
01905151,黒川 史陽,Kurokawa Fumiya,Kurokawa Fumiya,F.Kurokawa,東北楽天ゴールデンイーグルス,E,内野手,,R,L,0
61965152,繁永 晟,Shigenaga Akira,Shigenaga Akira,A.Shigenaga,東北楽天ゴールデンイーグルス,E,内野手,,R,R,0
73175138,渡邊 佳明,Watanabe Yoshiaki,Watanabe Yoshiaki,Y.Watanabe,東北楽天ゴールデンイーグルス,E,内野手,,R,L,0
41145138,伊藤 裕季也,Itoh Yukiya,Itoh Yukiya,Y.Itoh,東北楽天ゴールデンイーグルス,E,内野手,,R,R,0
11015157,平良 竜哉,Taira Ryuya,Taira Ryuya,R.Taira,東北楽天ゴールデンイーグルス,E,内野手,,R,R,0
13515159,ワォーターズ,Waters RikaiJyumile,Waters RikaiJyumile,R.Waters,東北楽天ゴールデンイーグルス,E,内野手,,R,R,0
41345153,入江 大樹,Irie Daiki,Irie Daiki,D.Irie,東北楽天ゴールデンイーグルス,E,内野手,,R,R,0
31135159,青野 拓海,Aono Takumi,Aono Takumi,T.Aono,東北楽天ゴールデンイーグルス,E,内野手,,R,R,0
51955155,小森 航大郎,Komori Kohtaro,Komori Kohtaro,K.Komori,東北楽天ゴールデンイーグルス,E,内野手,,R,R,0
53355150,陽 柏翔,Yang Po-Hsiang,Yang Po-Hsiang,P.Yang,東北楽天ゴールデンイーグルス,E,内野手,,R,L,0
11015138,辰己 涼介,Tatsumi Ryosuke,Tatsumi Ryosuke,R.Tatsumi,東北楽天ゴールデンイーグルス,E,外野手,,R,L,0
93095150,Ｏ．ゴンザレス,Oscar Gonzalez,Oscar Gonzalez,O.Gonzalez,東北楽天ゴールデンイーグルス,E,外野手,,R,R,0
11215134,田中 和基,Tanaka Kazuki,Tanaka Kazuki,K.Tanaka,東北楽天ゴールデンイーグルス,E,外野手,,R,B,0
21425159,中島 大輔,Nakashima Daisuke,Nakashima Daisuke,D.Nakashima,東北楽天ゴールデンイーグルス,E,外野手,,R,L,0
73775152,Ｃ．マッカスカー,Carson Mccusker,Carson Mccusker,C.Mccusker,東北楽天ゴールデンイーグルス,E,外野手,,R,R,0
03305150,吉納 翼,Yoshinoh Tsubasa,Yoshinoh Tsubasa,T.Yoshinoh,東北楽天ゴールデンイーグルス,E,外野手,,R,L,0
71975152,阪上 翔也,Sakaue Shoya,Sakaue Shoya,S.Sakaue,東北楽天ゴールデンイーグルス,E,外野手,,R,L,0
01805151,武藤 敦貴,Mutoh Atsuki,Mutoh Atsuki,A.Mutoh,東北楽天ゴールデンイーグルス,E,外野手,,L,L,0
81385138,小郷 裕哉,Ogoh Yuya,Ogoh Yuya,Y.Ogoh,東北楽天ゴールデンイーグルス,E,外野手,,R,L,0
43545155,吉野 創士,Yoshino Soshi,Yoshino Soshi,S.Yoshino,東北楽天ゴールデンイーグルス,E,外野手,,R,R,0
73375152,Ｊ．ウレーニャ,Jose Urena,Jose Urena,J.Urena,東北楽天ゴールデンイーグルス,E,投手,,R,R,1
51255159,武内 夏暉,Takeuchi Natsuki,Takeuchi Natsuki,N.Takeuchi,埼玉西武ライオンズ,L,投手,21,L,L,0
41245130,外崎 修汰,Tonosaki Shuta,Tonosaki Shuta,S.Tonosaki,埼玉西武ライオンズ,L,内野手,5,R,R,0
61065157,茶野 篤政,Chano Tokumasa,Chano Tokumasa,T.Chano,埼玉西武ライオンズ,L,外野手,,R,L,0
01605132,平沼 翔太,Hiranuma Shota,Hiranuma Shota,S.Hiranuma,オリックス・バファローズ,Bs,外野手,,R,L,0
91395159,上田 大河,Ueda Taiga,Ueda Taiga,T.Ueda,埼玉西武ライオンズ,L,投手,,R,R,0
53155138,渡邉 勇太朗,Watanabe Yutaro,Watanabe Yutaro,Y.Watanabe,埼玉西武ライオンズ,L,投手,,R,R,0
63165136,與座 海人,Yoza Kaito,Yoza Kaito,K.Yoza,埼玉西武ライオンズ,L,投手,,R,R,0
21025155,隅田 知一郎,Sumida Chihiro,Sumida Chihiro,C.Sumida,埼玉西武ライオンズ,L,投手,,L,L,0
81685138,松本 航,Matsumoto Wataru,Matsumoto Wataru,W.Matsumoto,埼玉西武ライオンズ,L,投手,,R,R,0
41945155,佐藤 隼輔,Sato Shunsuke,Sato Shunsuke,S.Sato,埼玉西武ライオンズ,L,投手,,L,L,0
31035150,佐藤 爽,Sato So,Sato So,So.Sato,埼玉西武ライオンズ,L,投手,75,L,L,1
91395152,岩城 颯空,Iwaki Hakua,Iwaki Hakua,H.Iwaki,埼玉西武ライオンズ,L,投手,,L,L,0
11315159,糸川 亮太,Itogawa Ryota,Itogawa Ryota,R.Itogawa,埼玉西武ライオンズ,L,投手,,R,R,0
51155157,青山 美夏人,Aoyama Minato,Aoyama Minato,M.Aoyama,埼玉西武ライオンズ,L,投手,,R,R,0
23925152,Ａ．ワイナンス,Allan Winans,Allan Winans,A.Winans,埼玉西武ライオンズ,L,投手,,R,R,0
51555138,甲斐野 央,Kaino Hiroshi,Kaino Hiroshi,H.Kaino,埼玉西武ライオンズ,L,投手,,R,L,0
43345157,山田 陽翔,Yamada Haruto,Yamada Haruto,H.Yamada,埼玉西武ライオンズ,L,投手,,R,R,0
31835152,堀越 啓太,Horikoshi Keita,Horikoshi Keita,K.Horikoshi,埼玉西武ライオンズ,L,投手,,R,R,0
81485159,成田 晴風,Narita Haruse,Narita Haruse,H.Narita,埼玉西武ライオンズ,L,投手,,R,R,0
43045155,ボー・タカハシ,Takahashi Bo,Takahashi Bo,B.Takahashi,埼玉西武ライオンズ,L,投手,,R,R,0
51655155,羽田 慎之介,Hada Shinnosuke,Hada Shinnosuke,S.Hada,埼玉西武ライオンズ,L,投手,,L,L,0
53555150,Ｔ．ウィンゲンター,Trey Wingenter,Trey Wingenter,T.Wingenter,埼玉西武ライオンズ,L,投手,,R,R,0
81585150,狩生 聖真,Kariu Shoma,Kariu Shoma,S.Kariu,埼玉西武ライオンズ,L,投手,,R,R,0
91095159,杉山 遙希,Sugiyama Haruki,Sugiyama Haruki,H.Sugiyama,埼玉西武ライオンズ,L,投手,,L,L,0
61065150,篠原 響,Shinohara Hibiki,Shinohara Hibiki,H.Shinohara,埼玉西武ライオンズ,L,投手,,R,R,0
51755134,黒木 優太,Kuroki Yuta,Kuroki Yuta,Y.Kuroki,埼玉西武ライオンズ,L,投手,,R,L,0
73975150,Ｅ．ラミレス,Emmanuel Ramirez,Emmanuel Ramirez,E.Ramirez,埼玉西武ライオンズ,L,投手,,R,R,0
21725155,黒田 将矢,Kuroda Masaya,Kuroda Masaya,M.Kuroda,埼玉西武ライオンズ,L,投手,,R,R,0
71075139,中村 祐太,Nakamura Yuta,Nakamura Yuta,Y.Nakamura,埼玉西武ライオンズ,L,投手,,R,R,0
31035136,平良 海馬,Taira Kaima,Taira Kaima,K.Taira,埼玉西武ライオンズ,L,投手,,R,L,0
23125153,豆田 泰志,Mameda Taishi,Mameda Taishi,T.Mameda,埼玉西武ライオンズ,L,投手,,R,R,0
71075155,菅井 信也,Sugai Shinya,Sugai Shinya,S.Sugai,埼玉西武ライオンズ,L,投手,,L,L,0
61465151,浜屋 将太,Hamaya Shota,Hamaya Shota,S.Hamaya,埼玉西武ライオンズ,L,投手,,L,L,0
41745152,小島 大河,Kojima Taiga,Kojima Taiga,T.Kojima,埼玉西武ライオンズ,L,捕手,,R,L,0
81785155,古賀 悠斗,Koga Yuto,Koga Yuto,Y.Koga,埼玉西武ライオンズ,L,捕手,,R,R,0
91995112,炭谷 銀仁朗,Sumitani Ginjiro,Sumitani Ginjiro,G.Sumitani,埼玉西武ライオンズ,L,捕手,,R,R,0
61265151,柘植 世那,Tsuge Sena,Tsuge Sena,S.Tsuge,埼玉西武ライオンズ,L,捕手,,R,R,0
71675138,牧野 翔矢,Makino Shoya,Makino Shoya,S.Makino,埼玉西武ライオンズ,L,捕手,,R,L,0
51455150,龍山 暖,Tatsuyama Haruki,Tatsuyama Haruki,H.Tatsuyama,埼玉西武ライオンズ,L,捕手,,R,R,0
91495155,仲田 慶介,Nakata Keisuke,Nakata Keisuke,K.Nakata,埼玉西武ライオンズ,L,内野手,,R,B,0
51755157,児玉 亮涼,Kodama Ryosuke,Kodama Ryosuke,R.Kodama,埼玉西武ライオンズ,L,内野手,,R,R,0
21925150,齋藤 大翔,Saito Hiroto,Saito Hiroto,H.Saito,埼玉西武ライオンズ,L,内野手,,R,R,0
21125134,石井 一成,Ishii Kazunari,Ishii Kazunari,K.Ishii,埼玉西武ライオンズ,L,内野手,,R,L,0
71775134,源田 壮亮,Genda Sosuke,Genda Sosuke,S.Genda,埼玉西武ライオンズ,L,内野手,,R,L,0
53755150,Ｔ．ネビン,Tyler Nevin,Tyler Nevin,T.Nevin,埼玉西武ライオンズ,L,内野手,,R,R,0
83385153,山村 崇嘉,Yamamura Takayoshi,Yamamura Takayoshi,T.Yamamura,埼玉西武ライオンズ,L,内野手,,R,L,0
51055150,佐藤 太陽,Sato Taiyo,Sato Taiyo,T.Sato,埼玉西武ライオンズ,L,内野手,,R,L,0
91695132,平沢 大河,Hirasawa Taiga,Hirasawa Taiga,T.Hirasawa,埼玉西武ライオンズ,L,内野手,,R,L,0
21025136,髙松 渡,Takamatsu Wataru,Takamatsu Wataru,W.Takamatsu,埼玉西武ライオンズ,L,内野手,,R,L,0
83185152,横田 蒼和,Yokota Sowa,Yokota Sowa,S.Yokota,埼玉西武ライオンズ,L,内野手,,R,L,0
81085115,中村 剛也,Nakamura Takeya,Nakamura Takeya,T.Nakamura,埼玉西武ライオンズ,L,内野手,,R,R,0
51255155,滝澤 夏央,Takizawa Natsuo,Takizawa Natsuo,N.Takizawa,埼玉西武ライオンズ,L,内野手,,R,L,0
93395159,村田 怜音,Murata Reon,Murata Reon,R.Murata,埼玉西武ライオンズ,L,内野手,,R,R,0
51755115,栗山 巧,Kuriyama Takumi,Kuriyama Takumi,T.Kuriyama,埼玉西武ライオンズ,L,外野手,,R,L,0
51755135,桑原 将志,Kuwahara Masayuki,Kuwahara Masayuki,M.Kuwahara,埼玉西武ライオンズ,L,外野手,,R,R,0
83385150,渡部 聖弥,Watanabe Seiya,Watanabe Seiya,S.Watanabe,埼玉西武ライオンズ,L,外野手,,R,R,0
61665157,蛭間 拓哉,Hiruma Takuya,Hiruma Takuya,T.Hiruma,埼玉西武ライオンズ,L,外野手,,L,L,0
23325152,Ａ．カナリオ,Alexander Canario,Alexander Canario,A.Canario,埼玉西武ライオンズ,L,外野手,,R,R,0
51855157,古川 雄大,Furukawa Yuudai,Furukawa Yuudai,Y.Furukawa,埼玉西武ライオンズ,L,外野手,,R,R,0
51155152,秋山 俊,Akiyama Shun,Akiyama Shun,S.Akiyama,埼玉西武ライオンズ,L,外野手,,R,L,0
43345150,林 冠臣,Lin Kuan-Chen,Lin Kuan-Chen,K.Lin,埼玉西武ライオンズ,L,外野手,,R,R,0
51455136,西川 愛也,Nishikawa Manaya,Nishikawa Manaya,M.Nishikawa,埼玉西武ライオンズ,L,外野手,,R,L,0
61465153,仲三 優太,Nakami Yuta,Nakami Yuta,Y.Nakami,埼玉西武ライオンズ,L,外野手,,R,L,0
81685153,長谷川 信哉,Hasegawa Shinya,Hasegawa Shinya,S.Hasegawa,埼玉西武ライオンズ,L,外野手,,R,R,0
31735152,川田 悠慎,Kawada Yushin,Kawada Yushin,Y.Kawada,埼玉西武ライオンズ,L,外野手,,R,L,0
51955151,岸 潤一郎,Kishi Junichiro,Kishi Junichiro,J.Kishi,埼玉西武ライオンズ,L,外野手,,R,R,0
33935152,林 安可,Lin An-Ko,Lin An-Ko,A.Lin,埼玉西武ライオンズ,L,外野手,,L,L,0
71075130,髙橋 光成,Takahashi Kona,Takahashi Kona,K.Takahashi,埼玉西武ライオンズ,L,投手,,R,R,0
91295157,内藤 鵬,Naito Ho,Naito Ho,H.Naito,オリックス・バファローズ,Bs,内野手,25,R,R,0
43545159,Ａ．エスピノーザ,Anderson Espinoza,Anderson Espinoza,A.Espinoza,オリックス・バファローズ,Bs,投手,,R,R,0
43345153,山下 舜平大,Yamashita Shunpeita,Yamashita Shunpeita,S.Yamashita,オリックス・バファローズ,Bs,投手,,R,R,0
71175136,東 晃平,Azuma Kohei,Azuma Kohei,K.Azuma,オリックス・バファローズ,Bs,投手,,R,R,0
61465150,寺西 成騎,Teranishi Naruki,Teranishi Naruki,N.Teranishi,オリックス・バファローズ,Bs,投手,,R,R,0
33335155,椋木 蓮,Mukunoki Ren,Mukunoki Ren,R.Mukunoki,オリックス・バファローズ,Bs,投手,,R,R,0
81285112,平野 佳寿,Hirano Yoshihisa,Hirano Yoshihisa,Y.Hirano,オリックス・バファローズ,Bs,投手,,R,R,0
81985157,曽谷 龍平,Sotani Ryuhei,Sotani Ryuhei,R.Sotani,オリックス・バファローズ,Bs,投手,,L,L,0
71875151,宮城 大弥,Miyagi Hiroya,Miyagi Hiroya,H.Miyagi,オリックス・バファローズ,Bs,投手,,L,L,0
83185134,山岡 泰輔,Yamaoka Taisuke,Yamaoka Taisuke,T.Yamaoka,オリックス・バファローズ,Bs,投手,,R,L,0
01105153,阿部 翔太,Abe Shota,Abe Shota,S.Abe,オリックス・バファローズ,Bs,投手,,R,L,0
33335134,山﨑 颯一郎,Yamazaki Soichiro,Yamazaki Soichiro,S.Yamazaki,オリックス・バファローズ,Bs,投手,,R,R,0
71775139,九里 亜蓮,Kuri Allen,Kuri Allen,A.Kuri,オリックス・バファローズ,Bs,投手,,R,R,0
13115138,吉田 輝星,Yoshida Kosei,Yoshida Kosei,K.Yoshida,オリックス・バファローズ,Bs,投手,,R,R,0
41745157,齋藤 響介,Saito Kyosuke,Saito Kyosuke,K.Saito,オリックス・バファローズ,Bs,投手,,R,R,0
61065138,富山 凌雅,Tomiyama Ryoga,Tomiyama Ryoga,R.Tomiyama,オリックス・バファローズ,Bs,投手,,L,L,0
41045136,田嶋 大樹,Tajima Daiki,Tajima Daiki,D.Tajima,オリックス・バファローズ,Bs,投手,,L,L,0
41645152,藤川 敦也,Fujikawa Atsuya,Fujikawa Atsuya,A.Fujikawa,オリックス・バファローズ,Bs,投手,,R,R,0
41745159,古田島 成龍,Kotajima Seiryu,Kotajima Seiryu,S.Kotajima,オリックス・バファローズ,Bs,投手,,R,R,0
93195152,森 陽樹,Mori Haruki,Mori Haruki,H.Mori,オリックス・バファローズ,Bs,投手,,R,L,0
31335116,岩嵜 翔,Iwasaki Sho,Iwasaki Sho,S.Iwasaki,オリックス・バファローズ,Bs,投手,,R,R,0
41945152,佐藤 龍月,Sato Ryuga,Sato Ryuga,R.Sato,オリックス・バファローズ,Bs,投手,,L,L,0
43945159,Ａ．マチャド,Andres Machado,Andres Machado,A.Machado,オリックス・バファローズ,Bs,投手,,R,R,0
51255152,髙谷 舟,Takaya Shu,Takaya Shu,S.Takaya,オリックス・バファローズ,Bs,投手,,R,R,0
83185150,山口 廉王,Yamaguchi Reo,Yamaguchi Reo,R.Yamaguchi,オリックス・バファローズ,Bs,投手,,R,R,0
71475159,東松 快征,Toumatsu Kaisei,Toumatsu Kaisei,K.Toumatsu,オリックス・バファローズ,Bs,投手,,L,L,0
01505150,片山 楽生,Katayama Raiku,Katayama Raiku,R.Katayama,オリックス・バファローズ,Bs,投手,,R,L,0
03505155,横山 楓,Yokoyama Kaede,Yokoyama Kaede,K.Yokoyama,オリックス・バファローズ,Bs,投手,,R,B,0
61465131,山田 修義,Yamada Nobuyoshi,Yamada Nobuyoshi,N.Yamada,オリックス・バファローズ,Bs,投手,,L,L,0
13215157,Ｌ．ペルドモ,Luis Perdomo,Luis Perdomo,L.Perdomo,オリックス・バファローズ,Bs,投手,,R,R,0
61965136,博志,Suzuki Hiroshi,Suzuki Hiroshi,H.Suzuki,オリックス・バファローズ,Bs,投手,,R,R,0
63165159,宮國 凌空,Miyaguni Riku,Miyaguni Riku,R.Miyaguni,オリックス・バファローズ,Bs,投手,65,R,R,1
31335157,入山 海斗,Iriyama Kaito,Iriyama Kaito,K.Iriyama,オリックス・バファローズ,Bs,投手,,R,R,0
03505152,Ｓ．ジェリー,Sean Hjelle,Sean Hjelle,S.Hjelle,オリックス・バファローズ,Bs,投手,,R,R,0
51055151,佐藤 一磨,Satoh Kazuma,Satoh Kazuma,K.Satoh,オリックス・バファローズ,Bs,投手,,L,L,0
41745153,川瀬 堅斗,Kawase Kento,Kawase Kento,K.Kawase,オリックス・バファローズ,Bs,投手,,R,R,0
21725157,才木 海翔,Saiki Kaito,Saiki Kaito,K.Saiki,オリックス・バファローズ,Bs,投手,,R,R,0
61065159,髙島 泰都,Takashima Taito,Takashima Taito,T.Takashima,オリックス・バファローズ,Bs,投手,,R,R,0
61765159,権田 琉成,Gonda Ryusei,Gonda Ryusei,R.Gonda,オリックス・バファローズ,Bs,投手,,R,R,0
41645139,若月 健矢,Wakatsuki Kenya,Wakatsuki Kenya,K.Wakatsuki,オリックス・バファローズ,Bs,捕手,,R,R,0
91495139,森 友哉,Mori Tomoya,Mori Tomoya,T.Mori,オリックス・バファローズ,Bs,捕手,,R,L,0
11815155,福永 奨,Fukunaga Sho,Fukunaga Sho,S.Fukunaga,オリックス・バファローズ,Bs,捕手,,R,R,0
81185139,石川 亮,Ishikawa Ryo,Ishikawa Ryo,R.Ishikawa,オリックス・バファローズ,Bs,捕手,,R,R,0
81085138,頓宮 裕真,Tongu Yuma,Tongu Yuma,Y.Tongu,オリックス・バファローズ,Bs,捕手,,R,R,0
33335150,山中 稜真,Yamanaka Ryoma,Yamanaka Ryoma,R.Yamanaka,オリックス・バファローズ,Bs,捕手,,R,L,0
21425152,野上 士耀,Nogami Shikira,Nogami Shikira,S.Nogami,オリックス・バファローズ,Bs,捕手,,R,R,0
81885159,堀 柊那,Hori Shuna,Hori Shuna,S.Hori,オリックス・バファローズ,Bs,捕手,,R,R,0
91395138,太田 椋,Ohta Ryo,Ohta Ryo,R.Ohta,オリックス・バファローズ,Bs,内野手,,R,R,0
91495130,西野 真弘,Nishino Masahiro,Nishino Masahiro,M.Nishino,オリックス・バファローズ,Bs,内野手,,R,L,0
11815130,宗 佑磨,Mune Yuma,Mune Yuma,Y.Mune,オリックス・バファローズ,Bs,内野手,,R,L,0
81485155,野口 智哉,Noguchi Tomoya,Noguchi Tomoya,T.Noguchi,オリックス・バファローズ,Bs,内野手,,R,L,0
51755138,宜保 翔,Gibo Sho,Gibo Sho,S.Gibo,オリックス・バファローズ,Bs,内野手,,R,R,0
11515132,大城 滉二,Ohshiro Koji,Ohshiro Koji,K.Ohshiro,オリックス・バファローズ,Bs,内野手,,R,R,0
91995151,紅林 弘太郎,Kurebayashi Kotaro,Kurebayashi Kotaro,K.Kurebayashi,オリックス・バファローズ,Bs,内野手,,R,R,0
21625132,廣岡 大志,Hirooka Taishi,Hirooka Taishi,T.Hirooka,オリックス・バファローズ,Bs,内野手,,R,R,0
83385159,横山 聖哉,Yokoyama Seiya,Yokoyama Seiya,S.Yokoyama,オリックス・バファローズ,Bs,内野手,,R,L,0
93595152,Ｂ．シーモア,Bob Seymour,Bob Seymour,B.Seymour,オリックス・バファローズ,Bs,内野手,,R,L,0
51255138,中川 圭太,Nakagawa Keita,Nakagawa Keita,K.Nakagawa,オリックス・バファローズ,Bs,内野手,,R,R,0
63565155,渡部 遼人,Watanabe Haruto,Watanabe Haruto,H.Watanabe,オリックス・バファローズ,Bs,外野手,,L,L,0
71475132,西川 龍馬,Nishikawa Ryoma,Nishikawa Ryoma,R.Nishikawa,オリックス・バファローズ,Bs,外野手,,R,L,0
33135150,麦谷 祐介,Mugitani Yusuke,Mugitani Yusuke,Y.Mugitani,オリックス・バファローズ,Bs,外野手,,R,L,0
61965157,杉澤 龍,Sugisawa Ryu,Sugisawa Ryu,R.Sugisawa,オリックス・バファローズ,Bs,外野手,,R,L,0
51955153,来田 涼斗,Kita Ryoto,Kita Ryoto,R.Kita,オリックス・バファローズ,Bs,外野手,,R,L,0
41145155,池田 陵真,Ikeda Ryoma,Ikeda Ryoma,R.Ikeda,オリックス・バファローズ,Bs,外野手,,R,R,0
01705152,窪田 洋祐,Kubota Yosuke,Kubota Yosuke,Y.Kubota,オリックス・バファローズ,Bs,外野手,,R,R,0
61965132,杉本 裕太郎,Sugimoto Yutaro,Sugimoto Yutaro,Y.Sugimoto,オリックス・バファローズ,Bs,外野手,,R,R,0
53755138,Ｃ．スチュワート・ジュニア,Carter Stewart Jr.,Carter Stewart Jr.,C.Stewart,福岡ソフトバンクホークス,Hs,投手,,R,R,0
51355135,上沢 直之,Uwasawa Naoyuki,Uwasawa Naoyuki,N.Uwasawa,福岡ソフトバンクホークス,Hs,投手,,R,R,0
81285151,津森 宥紀,Tsumori Yuki,Tsumori Yuki,Y.Tsumori,福岡ソフトバンクホークス,Hs,投手,,R,R,0
51355152,稲川 竜汰,Inagawa Ryuta,Inagawa Ryuta,R.Inagawa,福岡ソフトバンクホークス,Hs,投手,,R,R,0
01005137,東浜 巨,Higashihama Nao,Higashihama Nao,N.Higashihama,福岡ソフトバンクホークス,Hs,投手,,R,R,0
23525152,徐 若熙,Hsu Jo-Hsi,Hsu Jo-Hsi,J.Hsu,福岡ソフトバンクホークス,Hs,投手,,R,R,0
01305157,大津 亮介,Ohtsu Ryosuke,Ohtsu Ryosuke,R.Ohtsu,福岡ソフトバンクホークス,Hs,投手,,R,L,0
73175150,村上 泰斗,Murakami Taito,Murakami Taito,T.Murakami,福岡ソフトバンクホークス,Hs,投手,,R,B,0
21025152,鈴木 豪太,Suzuki Gota,Suzuki Gota,G.Suzuki,福岡ソフトバンクホークス,Hs,投手,,R,R,0
51355159,岩井 俊介,Iwai Shunsuke,Iwai Shunsuke,S.Iwai,福岡ソフトバンクホークス,Hs,投手,,R,R,0
01105150,安德 駿,Antoku Shun,Antoku Shun,S.Antoku,福岡ソフトバンクホークス,Hs,投手,,R,R,0
71375134,大江 竜聖,Ohe Ryusei,Ohe Ryusei,R.Ohe,福岡ソフトバンクホークス,Hs,投手,,L,L,0
63965134,Ｌ．モイネロ,Livan Moinelo,Livan Moinelo,L.Moinelo,福岡ソフトバンクホークス,Hs,投手,,L,L,0
61365136,尾形 崇斗,Ogata Shuto,Ogata Shuto,S.Ogata,福岡ソフトバンクホークス,Hs,投手,,R,L,0
91995138,杉山 一樹,Sugiyama Kazuki,Sugiyama Kazuki,K.Sugiyama,福岡ソフトバンクホークス,Hs,投手,,R,R,0
13115159,前田 悠伍,Maeda Yugo,Maeda Yugo,Y.Maeda,福岡ソフトバンクホークス,Hs,投手,,L,L,0
91395153,伊藤 優輔,Itoh Yusuke,Itoh Yusuke,Y.Itoh,福岡ソフトバンクホークス,Hs,投手,,R,R,0
01505151,大関 友久,Ohzeki Tomohisa,Ohzeki Tomohisa,T.Ohzeki,福岡ソフトバンクホークス,Hs,投手,,L,L,0
51655130,藤井 皓哉,Fujii Kouya,Fujii Kouya,K.Fujii,福岡ソフトバンクホークス,Hs,投手,,R,L,0
41845157,松本 晴,Matsumoto Haru,Matsumoto Haru,H.Matsumoto,福岡ソフトバンクホークス,Hs,投手,,L,L,0
91995152,相良 雅斗,Sagara Masato,Sagara Masato,M.Sagara,福岡ソフトバンクホークス,Hs,投手,,R,R,0
71875157,前田 純,Maeda Jun,Maeda Jun,J.Maeda,福岡ソフトバンクホークス,Hs,投手,,L,L,0
11515159,大山 凌,Ohyama Ryo,Ohyama Ryo,R.Ohyama,福岡ソフトバンクホークス,Hs,投手,,R,R,0
13415155,Ｒ．オスナ,Roberto Osuna,Roberto Osuna,R.Osuna,福岡ソフトバンクホークス,Hs,投手,,R,R,0
71775155,木村 大成,Kimura Taisei,Kimura Taisei,T.Kimura,福岡ソフトバンクホークス,Hs,投手,,L,L,0
21325157,大野 稼頭央,Ohno Kazuo,Ohno Kazuo,K.Ohno,福岡ソフトバンクホークス,Hs,投手,,L,L,0
33435157,Ｄ．ヘルナンデス,Darwinzon Hernandez,Darwinzon Hernandez,D.Hernandez,福岡ソフトバンクホークス,Hs,投手,,L,L,0
81585138,上茶谷 大河,Kamichatani Taiga,Kamichatani Taiga,T.Kamichatani,福岡ソフトバンクホークス,Hs,投手,,R,R,0
61665130,松本 裕樹,Matsumoto Yuki,Matsumoto Yuki,Y.Matsumoto,福岡ソフトバンクホークス,Hs,投手,,R,L,0
41545157,木村 光,Kimura Hikaru,Kimura Hikaru,H.Kimura,福岡ソフトバンクホークス,Hs,投手,,R,L,0
21325150,岩崎 峻典,Iwasaki Shunsuke,Iwasaki Shunsuke,S.Iwasaki,福岡ソフトバンクホークス,Hs,投手,,R,R,0
93195138,渡邉 陸,Watanabe Riku,Watanabe Riku,R.Watanabe,福岡ソフトバンクホークス,Hs,捕手,,R,L,0
71475139,嶺井 博希,Minei Hiroki,Minei Hiroki,H.Minei,福岡ソフトバンクホークス,Hs,捕手,,R,R,0
11215132,谷川原 健太,Tanigawara Kenta,Tanigawara Kenta,K.Tanigawara,福岡ソフトバンクホークス,Hs,捕手,,R,L,0
01105151,石塚 綜一郎,Ishizuka Soichiro,Ishizuka Soichiro,S.Ishizuka,福岡ソフトバンクホークス,Hs,捕手,,R,R,0
81385151,海野 隆司,Umino Takashi,Umino Takashi,T.Umino,福岡ソフトバンクホークス,Hs,捕手,,R,R,0
91895159,藤田 悠太郎,Fujita Yutaro,Fujita Yutaro,Y.Fujita,福岡ソフトバンクホークス,Hs,捕手,,R,R,0
11715132,川瀬 晃,Kawase Hikaru,Kawase Hikaru,H.Kawase,福岡ソフトバンクホークス,Hs,内野手,,R,L,0
43245159,Ｊ．ダウンズ,Jeter Downs,Jeter Downs,J.Downs,福岡ソフトバンクホークス,Hs,内野手,,R,R,0
21425139,山川 穂高,Yamakawa Hotaka,Yamakawa Hotaka,H.Yamakawa,福岡ソフトバンクホークス,Hs,内野手,,R,R,0
31335131,今宮 健太,Imamiya Kenta,Imamiya Kenta,K.Imamiya,福岡ソフトバンクホークス,Hs,内野手,,R,R,0
11215116,中村 晃,Nakamura Akira,Nakamura Akira,A.Nakamura,福岡ソフトバンクホークス,Hs,内野手,,L,L,0
61465133,牧原 大成,Makihara Taisei,Makihara Taisei,T.Makihara,福岡ソフトバンクホークス,Hs,内野手,,R,L,0
01705130,栗原 陵矢,Kurihara Ryoya,Kurihara Ryoya,R.Kurihara,福岡ソフトバンクホークス,Hs,内野手,,R,L,0
01205150,庄子 雄大,Shoji Yudai,Shoji Yudai,Y.Shoji,福岡ソフトバンクホークス,Hs,内野手,,R,L,0
61665159,廣瀨 隆太,Hirose Ryuta,Hirose Ryuta,R.Hirose,福岡ソフトバンクホークス,Hs,内野手,,R,R,0
11315157,イヒネ イツア,Ikhine Itua,Ikhine Itua,I.Ikhine,福岡ソフトバンクホークス,Hs,内野手,,R,L,0
01305153,井上 朋也,Inoue Tomoya,Inoue Tomoya,T.Inoue,福岡ソフトバンクホークス,Hs,内野手,,R,R,0
61365150,宇野 真仁朗,Uno Shinjiro,Uno Shinjiro,S.Uno,福岡ソフトバンクホークス,Hs,内野手,,R,R,0
71175153,秋広 優人,Akihiro Yuto,Akihiro Yuto,Y.Akihiro,福岡ソフトバンクホークス,Hs,内野手,,R,L,0
31235152,髙橋 隆慶,Takahashi Takanori,Takahashi Takanori,T.Takahashi,福岡ソフトバンクホークス,Hs,内野手,,R,R,0
81185150,石見 颯真,Ishimi Soma,Ishimi Soma,S.Ishimi,福岡ソフトバンクホークス,Hs,内野手,,R,L,0
11615155,野村 勇,Nomura Isami,Nomura Isami,I.Nomura,福岡ソフトバンクホークス,Hs,内野手,,R,R,0
41745135,近藤 健介,Kondoh Kensuke,Kondoh Kensuke,K.Kondoh,福岡ソフトバンクホークス,Hs,外野手,,R,L,0
31835133,柳田 悠岐,Yanagita Yuki,Yanagita Yuki,Y.Yanagita,福岡ソフトバンクホークス,Hs,外野手,,R,L,0
21925136,周東 佑京,Shuto Ukyo,Shuto Ukyo,U.Shuto,福岡ソフトバンクホークス,Hs,外野手,,R,L,0
81885155,正木 智也,Masaki Tomoya,Masaki Tomoya,T.Masaki,福岡ソフトバンクホークス,Hs,外野手,,R,R,0
73175151,柳町 達,Yanagimachi Tatsuru,Yanagimachi Tatsuru,T.Yanagimachi,福岡ソフトバンクホークス,Hs,外野手,,R,L,0
91095153,笹川 吉康,Sasagawa Yoshiyasu,Sasagawa Yoshiyasu,Y.Sasagawa,福岡ソフトバンクホークス,Hs,外野手,,L,L,0
81585153,緒方 理貢,Ogata Riku,Ogata Riku,R.Ogata,福岡ソフトバンクホークス,Hs,外野手,,R,L,0
11715155,川村 友斗,Kawamura Yuto,Kawamura Yuto,Y.Kawamura,福岡ソフトバンクホークス,Hs,外野手,,R,L,0
93595155,山本 恵大,Yamamoto Keita,Yamamoto Keita,K.Yamamoto,福岡ソフトバンクホークス,Hs,外野手,,R,L,0
03005157,Ｅ．ルシアーノ,Elvis Luciano,Elvis Luciano,E.Luciano,読売ジャイアンツ,G,投手,,R,R,0
11815150,廣澤 優,Hirosawa Yu,Hirosawa Yu,Y.Hirosawa,東京ヤクルトスワローズ,S,投手,,R,R,0
91895150,冨士 大和,Fuji Yamato,Fuji Yamato,Y.Fuji,埼玉西武ライオンズ,L,投手,,L,L,0
37035159,牧野 憲伸,Makino Kenshin,Makino Kenshin,K.Makino,中日ドラゴンズ,D,投手,,L,L,1
13015153,Ｊ．ティマ,Julian Tima,Julian Tima,J.Teima,読売ジャイアンツ,G,外野手,50,R,R,1
23125157,モンテル,Higuma Montiel,Higuma Montiel,M.Montiel,東京ヤクルトスワローズ,S,外野手,90,R,R,1
11715152,金子 京介,Kaneko Kyosuke,Kyosuke Kaneko,K.Kaneko,東北楽天ゴールデンイーグルス,E,内野手,98,R,R,1
