npb_player_id,name_ja,gurazeni_id,baseballinfo_slug,match_method,confidence
01005134,高橋 昂也,1412,,gurazeni_team_2026,high
01005137,東浜 巨,587,,gurazeni_team_2026,high
01005157,田中 晴也,2356,,gurazeni_team_2026,high
01005159,鈴木 叶,2556,,gurazeni_team_2026,high
01105134,池田 隆英,1377,,gurazeni_team_2026,high
01105135,石川 慎吾,511,,gurazeni_team_2026,high
01105138,泉 圭輔,1649,,gurazeni_team_2026,high
01105150,安德 駿,2691,,gurazeni_team_2026,high
01105151,石塚 綜一郎,1867,,gurazeni_team_2026,high
01105152,飯田 琉斗,2785,,gurazeni_team_2026,high
01105153,阿部 翔太,2034,,gurazeni_team_2026,high
01105155,有薗 直輝,2120,,gurazeni_team_2026,high
01105159,石黒 佑弥,2499,,gurazeni_team_2026,high
01205118,西野 勇士,778,,gurazeni_team_2026,high
01205138,中村 稔弥,1719,,gurazeni_search,high
01205150,庄子 雄大,2716,,gurazeni_team_2026,high
01205152,谷端 将伍,2793,,gurazeni_team_2026,high
01205155,達 孝太,2112,,gurazeni_team_2026,high
01305130,植田 海,1112,,gurazeni_team_2026,high
01305131,大島 洋平,142,,gurazeni_team_2026,high
01305138,大貫 晋一,1675,,gurazeni_team_2026,high
01305152,エドポロ ケイン,2777,,gurazeni_team_2026,high
01305153,井上 朋也,2049,,gurazeni_team_2026,high
01305157,大津 亮介,2362,,gurazeni_team_2026,high
01305159,宇都宮 葵星,2492,,gurazeni_team_2026,high
01405130,野間 峻祥,1124,,gurazeni_team_2026,high
01405138,林 晃汰,1677,,gurazeni_team_2026,high
01405150,田中 陽翔,2698,,gurazeni_team_2026,high
01405152,西川 篤夢,2816,,gurazeni_team_2026,high
01505118,辛島 航,698,,gurazeni_team_2026,high
01505136,北浦 竜次,1597,,gurazeni_team_2026,high
01505150,片山 楽生,2656,,gurazeni_team_2026,high
01505151,大関 友久,1874,,gurazeni_team_2026,high
01505152,岡村 了樹,2844,,gurazeni_team_2026,high
01505155,上川畑 大悟,2229,,gurazeni_team_2026,high
01505157,北村 恵吾,2350,,gurazeni_team_2026,high
01605132,平沼 翔太,2539,,gurazeni_team_2026,high
01605138,増田 陸,1658,,gurazeni_team_2026,high
01605152,冨士 隼斗,2817,,gurazeni_team_2026,high
01605157,林 優樹,2291,,gurazeni_team_2026,high
01605159,日當 直喜,2511,,gurazeni_team_2026,high
01705130,栗原 陵矢,1034,,gurazeni_team_2026,high
01705132,小澤 怜史,1177,,gurazeni_team_2026,high
01705134,古賀 優大,1472,,gurazeni_team_2026,high
01705138,小園 海斗,1657,,gurazeni_team_2026,high
01705152,窪田 洋祐,2878,,gurazeni_team_2026,high
01705155,桐敷 拓馬,2167,,gurazeni_team_2026,high
01805136,宮本 丈,1549,,gurazeni_team_2026,high
01805150,藤田 琉生,2684,,gurazeni_team_2026,high
01805151,武藤 敦貴,1803,,gurazeni_team_2026,high
01805152,増居 翔太,2845,,gurazeni_team_2026,high
01905134,澤田 圭佑,1397,,gurazeni_team_2026,high
01905136,清水 達也,1539,,gurazeni_team_2026,high
01905138,鈴木 翔天,1681,,gurazeni_team_2026,high
01905139,平良 拳太郎,891,,gurazeni_team_2026,high
01905151,黒川 史陽,1786,,gurazeni_team_2026,high
01905152,櫻井 ユウヤ,2824,,gurazeni_team_2026,high
03005150,Ｌ．ボイト,2767,,gurazeni_team_2026,high
03005157,Ｅ．ルシアーノ,2425,,gurazeni_team_2026,high
03005159,Ｃ．ロドリゲス,2579,,gurazeni_team_2026,high
03105136,山本 拓実,1541,,gurazeni_team_2026,high
03105150,森 駿太,2727,,gurazeni_team_2026,high
03105151,山瀬 慎之助,1812,,gurazeni_team_2026,high
03105157,村松 開人,2389,,gurazeni_team_2026,high
03105159,松本 健吾,2525,,gurazeni_team_2026,high
03305150,吉納 翼,2708,,gurazeni_team_2026,high
03305152,Ｊ．カスティーヨ,2905,,gurazeni_team_2026,high
03305153,山﨑 伊織,2035,,gurazeni_team_2026,high
03505132,Ｒ．ドリス,1282,,gurazeni_team_2026,high
03505136,Ｎ．ソト,1627,,gurazeni_team_2026,high
03505152,Ｓ．ジェリー,2890,,gurazeni_team_2026,high
03505155,横山 楓,2213,,gurazeni_team_2026,high
03705152,Ｄ．モレッタ,2885,,gurazeni_team_2026,high
03905152,Ｓ．ロング,2906,,gurazeni_team_2026,high
11015136,リチャード,1559,,gurazeni_team_2026,high
11015138,辰己 涼介,1655,,gurazeni_team_2026,high
11015150,佐々木 泰,2690,,gurazeni_team_2026,high
11015151,坂本 裕哉,1900,,gurazeni_team_2026,high
11015152,島田 舜也,2841,,gurazeni_team_2026,high
11015153,近藤 廉,2043,,gurazeni_team_2026,high
11015157,平良 竜哉,2307,,gurazeni_team_2026,high
11015159,進藤 勇也,2508,,gurazeni_team_2026,high
11215114,田中 将大,678,,gurazeni_team_2026,high
11215116,中村 晃,646,,gurazeni_team_2026,high
11215118,中島 卓也,505,,gurazeni_team_2026,high
11215132,谷川原 健太,1180,,gurazeni_team_2026,high
11215134,田中 和基,1386,,gurazeni_team_2026,high
11215151,髙部 瑛斗,1821,,gurazeni_team_2026,high
11215155,髙木 翔斗,2114,,gurazeni_team_2026,high
11315115,石川 雅規,159,,gurazeni_team_2026,high
11315130,石田 健大,1143,,gurazeni_team_2026,high
11315150,一條 力真,2680,,gurazeni_team_2026,high
11315152,伊藤 大晟,2774,,gurazeni_team_2026,high
11315153,五十幡 亮汰,1948,,gurazeni_team_2026,high
11315157,イヒネ イツア,2367,,gurazeni_team_2026,high
11315159,糸川 亮太,2538,,gurazeni_team_2026,high
11415134,床田 寛樹,1411,,gurazeni_team_2026,high
11415150,竹田 祐,2679,,gurazeni_team_2026,high
11415151,津留﨑 大成,1848,,gurazeni_team_2026,high
11415159,津田 淳哉,2544,,gurazeni_team_2026,high
11515132,大城 滉二,1229,,gurazeni_team_2026,high
11515133,大野 雄大,92,,gurazeni_team_2026,high
11515137,小川 泰弘,165,,gurazeni_team_2026,high
11515138,小島 和哉,1713,,gurazeni_team_2026,high
11515139,岡 大海,930,,gurazeni_team_2026,high
11515150,江原 雅裕,2629,,gurazeni_team_2026,high
11515151,梅林 優貴,1817,,gurazeni_team_2026,high
11515152,大塚 瑠晏,2771,,gurazeni_team_2026,high
11515155,岡留 英貴,2125,,gurazeni_team_2026,high
11515157,門脇 誠,2338,,gurazeni_team_2026,high
11515159,大山 凌,2516,,gurazeni_team_2026,high
11615134,長谷川 宙輝,1350,,gurazeni_team_2026,high
11615155,野村 勇,2215,,gurazeni_team_2026,high
11615157,橋本 星哉,2365,,gurazeni_team_2026,high
11715132,川瀬 晃,1181,,gurazeni_team_2026,high
11715153,小川 龍成,2017,,gurazeni_team_2026,high
11715155,川村 友斗,2217,,gurazeni_team_2026,high
11815130,宗 佑磨,1051,,gurazeni_team_2026,high
11815132,堀内 謙伍,1241,,gurazeni_team_2026,high
11815134,星 知弥,1466,,gurazeni_team_2026,high
11815136,増田 珠,1554,,gurazeni_team_2026,high
11815138,万波 中正,1659,,gurazeni_team_2026,high
11815150,廣澤 優,2670,,gurazeni_team_2026,high
11815155,福永 奨,2194,,gurazeni_team_2026,high
11815159,福島 圭音,2512,,gurazeni_team_2026,high
11915130,齋藤 綱記,1048,,gurazeni_team_2026,high
11915132,坂本 誠志郎,1283,,gurazeni_team_2026,high
11915134,坂倉 将吾,1416,,gurazeni_team_2026,high
11915153,木澤 尚文,1974,,gurazeni_team_2026,high
11915159,坂井 陽翔,2452,,gurazeni_team_2026,high
13115138,吉田 輝星,1669,,gurazeni_team_2026,high
13115150,宮原 駿介,2668,,gurazeni_team_2026,high
13115153,牧 秀悟,1988,,gurazeni_team_2026,high
13115157,三塚 琉生,2304,,gurazeni_team_2026,high
13115159,前田 悠伍,2542,,gurazeni_team_2026,high
13215157,Ｌ．ペルドモ,2408,,gurazeni_team_2026,high
13315150,山城 航太郎,2695,,gurazeni_team_2026,high
13315153,村上 頌樹,1959,,gurazeni_team_2026,high
13415155,Ｒ．オスナ,2264,,gurazeni_team_2026,high
13515150,渡邉 悠斗,2694,,gurazeni_team_2026,high
13515157,吉田 賢吾,2326,,gurazeni_team_2026,high
13515159,ワォーターズ,2480,,gurazeni_search,high
13715132,Ｄ．ビシエド,1305,,gurazeni_team_2026,high
13715150,Ｊ．デュプランティエ,2734,,gurazeni_team_2026,high
13715152,Ｃ．ヒュンメル,2914,,gurazeni_team_2026,high
13915150,Ｋ．マラー,2748,,gurazeni_team_2026,high
13915152,Ｊ．リランソ,2925,,gurazeni_team_2026,high
17915159,能登 嵩都,2797,,gurazeni_team_2026,high
21025136,髙松 渡,1538,,gurazeni_team_2026,high
21025137,福谷 浩司,94,,gurazeni_team_2026,high
21025152,鈴木 豪太,2848,,gurazeni_team_2026,high
21025155,隅田 知一郎,2092,,gurazeni_team_2026,high
21025157,田中 幹也,2302,,gurazeni_team_2026,high
2103847,大竹 風雅,2216,,gurazeni_team_2026,high
2112130,藤原 大翔,2450,,gurazeni_team_2026,high
21125134,石井 一成,1342,,gurazeni_team_2026,high
21125137,石山 泰稚,154,,gurazeni_team_2026,high
21125150,石伊 雄太,2728,,gurazeni_team_2026,high
21125151,石原 貴規,1833,,gurazeni_team_2026,high
21125155,池田 来翔,2163,,gurazeni_team_2026,high
21125159,石田 裕太郎,2449,,gurazeni_team_2026,high
21225133,西川 遥輝,499,,gurazeni_team_2026,high
21225136,中川 虎大,1519,,gurazeni_team_2026,high
21225137,松葉 貴大,813,,gurazeni_team_2026,high
21225152,田和 廉,2830,,gurazeni_team_2026,high
21325134,大山 悠輔,1461,,gurazeni_team_2026,high
21325136,大城 卓三,1522,,gurazeni_team_2026,high
21325138,大盛 穂,1701,,gurazeni_team_2026,high
21325139,梅野 隆太郎,917,,gurazeni_team_2026,high
21325150,岩崎 峻典,2701,,gurazeni_team_2026,high
21325153,今川 優馬,2006,,gurazeni_team_2026,high
21325157,大野 稼頭央,2372,,gurazeni_team_2026,high
21425116,丸 佳浩,287,,gurazeni_team_2026,high
21425139,山川 穂高,937,,gurazeni_team_2026,high
21425151,橋本 侑樹,1861,,gurazeni_team_2026,high
21425152,野上 士耀,2811,,gurazeni_team_2026,high
21425153,中川 颯,2000,,gurazeni_team_2026,high
21425159,中島 大輔,2513,,gurazeni_team_2026,high
21525116,唐川 侑己,754,,gurazeni_team_2026,high
21525132,柿沼 友哉,1207,,gurazeni_team_2026,high
21525138,勝野 昌慶,1696,,gurazeni_team_2026,high
21525139,加治屋 蓮,943,,gurazeni_team_2026,high
21525150,加藤 響,2628,,gurazeni_team_2026,high
21525152,奥村 頼人,2840,,gurazeni_team_2026,high
21625130,塹江 敦哉,1116,,gurazeni_team_2026,high
21625132,廣岡 大志,1257,,gurazeni_team_2026,high
21625134,藤嶋 健人,1479,,gurazeni_team_2026,high
21625135,松本 剛,496,,gurazeni_team_2026,high
21625150,西川 史礁,2699,,gurazeni_team_2026,high
21625151,堀田 賢慎,1826,,gurazeni_team_2026,high
21625152,藤井 健翔,2798,,gurazeni_team_2026,high
21625157,樋口 正修,2392,,gurazeni_team_2026,high
21725138,齋藤 友貴哉,1693,,gurazeni_team_2026,high
21725139,今野 龍太,959,,gurazeni_team_2026,high
21725155,黒田 将矢,2109,,gurazeni_team_2026,high
21725157,才木 海翔,2288,,gurazeni_team_2026,high
21725159,古謝 樹,2467,,gurazeni_team_2026,high
21825130,山﨑 福也,1045,,gurazeni_team_2026,high
21825138,山野辺 翔,1671,,gurazeni_team_2026,high
21825153,平内 龍太,1989,,gurazeni_team_2026,high
21825155,前川 右京,2136,,gurazeni_team_2026,high
21825157,松尾 汐恩,2276,,gurazeni_team_2026,high
21925136,周東 佑京,1558,,gurazeni_team_2026,high
21925139,高梨 裕稔,931,,gurazeni_team_2026,high
21925150,齋藤 大翔,2619,,gurazeni_team_2026,high
21925151,郡司 裕也,1853,,gurazeni_team_2026,high
21925152,櫻井 頼之介,2794,,gurazeni_team_2026,high
21925157,荘司 康誠,2280,,gurazeni_team_2026,high
21925159,椎葉 剛,2453,,gurazeni_team_2026,high
23125136,山本 祐大,1518,,gurazeni_team_2026,high
23125151,横山 陸人,1795,,gurazeni_team_2026,high
23125152,山崎 太陽,2846,,gurazeni_team_2026,high
23125153,豆田 泰志,2044,,gurazeni_team_2026,high
23125155,三浦 瑞樹,2148,,gurazeni_team_2026,high
23125159,松本 凌人,2521,,gurazeni_team_2026,high
23225157,Ａ．バルドナード,2435,,gurazeni_team_2026,high
23325152,Ａ．カナリオ,2897,,gurazeni_team_2026,high
23325155,八木 彬,2209,,gurazeni_team_2026,high
23325159,百﨑 蒼生,2500,,gurazeni_team_2026,high
23525152,徐 若熙,2886,,gurazeni_team_2026,high
23525153,Ｊ．オスナ,2011,,gurazeni_team_2026,high
23525157,渡辺 翔太,2272,,gurazeni_team_2026,high
23725150,Ｓ．ハワード,2758,,gurazeni_team_2026,high
23925134,Ｒ．マルティネス,1633,,gurazeni_team_2026,high
23925152,Ａ．ワイナンス,2896,,gurazeni_team_2026,high
31035136,平良 海馬,1566,,gurazeni_team_2026,high
31035150,佐藤 爽,2643,,gurazeni_team_2026,high
31035157,高野 脩汰,2382,,gurazeni_team_2026,high
31135114,會澤 翼,258,,gurazeni_team_2026,high
31135130,淺間 大基,1066,,gurazeni_team_2026,high
31135133,秋山 翔吾,574,,gurazeni_team_2026,high
31135134,アドゥワ 誠,1413,,gurazeni_team_2026,high
31135138,東妻 勇輔,1721,,gurazeni_team_2026,high
31135152,赤木 晴哉,2826,,gurazeni_team_2026,high
31135159,青野 拓海,2447,,gurazeni_team_2026,high
31235130,田中 貴也,1107,,gurazeni_team_2026,high
31235133,中﨑 翔太,246,,gurazeni_team_2026,high
31235134,田中 正義,1345,,gurazeni_team_2026,high
31235150,嶋村 麟士朗,2683,,gurazeni_team_2026,high
31235151,瀧中 瞭太,1802,,gurazeni_team_2026,high
31235152,髙橋 隆慶,2807,,gurazeni_team_2026,high
31235159,滝田 一希,2502,,gurazeni_team_2026,high
31335116,岩嵜 翔,592,,gurazeni_team_2026,high
31335131,今宮 健太,624,,gurazeni_team_2026,high
31335139,岩崎 優,919,,gurazeni_team_2026,high
31335151,井上 広大,1788,,gurazeni_search,high
31335152,伊藤 樹,2864,,gurazeni_team_2026,high
31335157,入山 海斗,2333,,gurazeni_team_2026,high
31335159,井上 絢登,2458,,gurazeni_team_2026,high
31435138,野村 佑希,1652,,gurazeni_team_2026,high
31435155,豊田 寛,2220,,gurazeni_team_2026,high
31435157,奈良間 大己,2281,,gurazeni_team_2026,high
31435159,常廣 羽也斗,2523,,gurazeni_team_2026,high
31535132,愛斗,1220,,gurazeni_team_2026,high
31535138,小幡 竜平,1661,,gurazeni_team_2026,high
31635110,涌井 秀章,523,,gurazeni_team_2026,high
31635134,畠 世周,1420,,gurazeni_team_2026,high
31635138,藤原 恭大,1720,,gurazeni_team_2026,high
31635150,中込 陽翔,2710,,gurazeni_team_2026,high
31635152,早瀬 朔,2814,,gurazeni_team_2026,high
31635153,中森 俊介,2004,,gurazeni_team_2026,high
31635157,橋本 達弥,2348,,gurazeni_team_2026,high
31635159,西舘 勇陽,2475,,gurazeni_team_2026,high
31735132,木下 拓哉,1302,,gurazeni_team_2026,high
31735134,九鬼 隆平,1347,,gurazeni_team_2026,high
31735138,木浪 聖也,1688,,gurazeni_team_2026,high
31735151,奥川 恭伸,1855,,gurazeni_team_2026,high
31735152,川田 悠慎,2804,,gurazeni_team_2026,high
31735155,菊地 大稀,2172,,gurazeni_search,high
31735157,古賀 康誠,2292,,gurazeni_team_2026,high
31835133,柳田 悠岐,643,,gurazeni_team_2026,high
31835134,細川 成也,1452,,gurazeni_team_2026,high
31835138,水谷 瞬,1728,,gurazeni_team_2026,high
31835152,堀越 啓太,2783,,gurazeni_team_2026,high
31835153,早川 隆久,1991,,gurazeni_team_2026,high
31835157,船迫 大雅,2324,,gurazeni_team_2026,high
31835159,福田 幸之介,2564,,gurazeni_team_2026,high
31935138,島内 颯太郎,1698,,gurazeni_team_2026,high
31935139,関根 大気,924,,gurazeni_team_2026,high
31935150,今朝丸 裕喜,2638,,gurazeni_team_2026,high
31935155,小園 健太,2107,,gurazeni_team_2026,high
33135134,三森 大貴,1349,,gurazeni_team_2026,high
33135150,麦谷 祐介,2681,,gurazeni_team_2026,high
33135151,森 敬斗,1793,,gurazeni_team_2026,high
33135152,皆川 岳飛,2825,,gurazeni_team_2026,high
33135155,松浦 慶斗,2199,,gurazeni_team_2026,high
33135159,又木 鉄平,2514,,gurazeni_team_2026,high
33235155,Ｈ．マルセリーノ,2243,,gurazeni_team_2026,high
33335134,山﨑 颯一郎,1400,,gurazeni_team_2026,high
33335136,和田 康士朗,1606,,gurazeni_team_2026,high
33335150,山中 稜真,2667,,gurazeni_team_2026,high
33335153,元山 飛優,1992,,gurazeni_team_2026,high
33335155,椋木 蓮,2106,,gurazeni_team_2026,high
33435157,Ｄ．ヘルナンデス,2440,,gurazeni_team_2026,high
33535153,山本 大斗,1965,,gurazeni_team_2026,high
33535157,吉野 光樹,2359,,gurazeni_team_2026,high
33535159,度会 隆輝,2515,,gurazeni_team_2026,high
33935152,林 安可,2898,,gurazeni_team_2026,high
37035159,牧野 憲伸,2843,,gurazeni_team_2026,high
41045136,田嶋 大樹,1581,,gurazeni_team_2026,high
41045137,藤浪 晋太郎,309,,gurazeni_team_2026,high
41045138,戸郷 翔征,1687,,gurazeni_team_2026,high
41045150,篠木 健太郎,2688,,gurazeni_team_2026,high
41045153,佐藤 輝明,1935,,gurazeni_team_2026,high
41045159,髙 太一,2540,,gurazeni_team_2026,high
41145134,石垣 勝海,1481,,gurazeni_team_2026,high
41145138,伊藤 裕季也,1680,,gurazeni_team_2026,high
41145151,伊勢 大夢,1800,,gurazeni_team_2026,high
41145152,石井 巧,2823,,gurazeni_team_2026,high
41145153,石井 大智,1942,,gurazeni_team_2026,high
41145155,池田 陵真,2153,,gurazeni_team_2026,high
41145157,井坪 陽生,2337,,gurazeni_team_2026,high
41145159,石原 勇輝,2535,,gurazeni_team_2026,high
41245130,外崎 修汰,1083,,gurazeni_team_2026,high
41245132,戸柱 恭孝,1317,,gurazeni_team_2026,high
41245138,生田目 翼,1679,,gurazeni_team_2026,high
41245150,高橋 幸佑,2696,,gurazeni_team_2026,high
41245151,玉村 昇悟,1823,,gurazeni_team_2026,high
41245153,髙寺 望夢,1980,,gurazeni_team_2026,high
41245157,仲地 礼亜,2270,,gurazeni_team_2026,high
41345132,上原 健太,1190,,gurazeni_team_2026,high
41345136,大竹 耕太郎,1560,,gurazeni_team_2026,high
41345153,入江 大樹,1961,,gurazeni_team_2026,high
41345159,大内 誠弥,2520,,gurazeni_team_2026,high
41445116,宮西 尚生,461,,gurazeni_team_2026,high
41445134,西口 直人,1383,,gurazeni_team_2026,high
41445152,能戸 輝夢,2922,,gurazeni_team_2026,high
41445153,中野 拓夢,2020,,gurazeni_team_2026,high
41445159,仲田 侑仁,2536,,gurazeni_team_2026,high
41545114,角中 勝也,808,,gurazeni_team_2026,high
41545130,加藤 匠馬,1134,,gurazeni_team_2026,high
41545132,加藤 貴之,1189,,gurazeni_team_2026,high
41545136,清宮 幸太郎,1593,,gurazeni_team_2026,high
41545138,勝又 温史,1656,,gurazeni_team_2026,high
41545151,大西 広樹,1860,,gurazeni_team_2026,high
41545152,小田 康一郎,2855,,gurazeni_team_2026,high
41545153,大道 温貴,1938,,gurazeni_team_2026,high
41545157,木村 光,2341,,gurazeni_team_2026,high
41645132,福 敬登,1299,,gurazeni_team_2026,high
41645136,藤岡 裕大,1601,,gurazeni_team_2026,high
41645139,若月 健矢,969,,gurazeni_team_2026,high
41645152,藤川 敦也,2835,,gurazeni_team_2026,high
41645155,廣畑 敦也,2208,,gurazeni_team_2026,high
41645157,日髙 暖己,2339,,gurazeni_team_2026,high
41645159,平山 功太,2470,,gurazeni_team_2026,high
41745134,才木 浩人,1456,,gurazeni_team_2026,high
41745135,近藤 健介,487,,gurazeni_team_2026,high
41745138,坂本 光士郎,1737,,gurazeni_team_2026,high
41745150,木下 里都,2613,,gurazeni_team_2026,high
41745152,小島 大河,2831,,gurazeni_team_2026,high
41745153,川瀬 堅斗,2054,,gurazeni_team_2026,high
41745155,黒原 拓未,2127,,gurazeni_team_2026,high
41745157,齋藤 響介,2347,,gurazeni_team_2026,high
41745159,古田島 成龍,2507,,gurazeni_team_2026,high
41845130,山﨑 康晃,1144,,gurazeni_team_2026,high
41845132,村林 一輝,1245,,gurazeni_team_2026,high
41845138,湯浅 京己,1651,,gurazeni_team_2026,high
41845150,町田 隼乙,2666,,gurazeni_team_2026,high
41845152,松川 玲央,2802,,gurazeni_team_2026,high
41845155,前川 誠太,2207,,gurazeni_team_2026,high
41845157,松本 晴,2336,,gurazeni_team_2026,high
41945131,筒香 嘉智,420,,gurazeni_team_2026,high
41945132,柴田 竜拓,1318,,gurazeni_team_2026,high
41945137,田村 龍弘,783,,gurazeni_team_2026,high
41945139,田口 麗斗,889,,gurazeni_team_2026,high
41945150,坂井 遼,2661,,gurazeni_team_2026,high
41945152,佐藤 龍月,2805,,gurazeni_team_2026,high
41945155,佐藤 隼輔,2155,,gurazeni_team_2026,high
43045155,ボー・タカハシ,2225,,gurazeni_team_2026,high
43145136,湯浅 大,1527,,gurazeni_team_2026,high
43145150,矢野 泰二郎,2663,,gurazeni_team_2026,high
43145152,山城 京平,2806,,gurazeni_team_2026,high
43145153,丸山 翔大,2024,,gurazeni_team_2026,high
43145157,森下 翔太,2269,,gurazeni_team_2026,high
43245159,Ｊ．ダウンズ,2604,,gurazeni_team_2026,high
43345150,林 冠臣,2626,,gurazeni_team_2026,high
43345153,山下 舜平大,1987,,gurazeni_team_2026,high
43345155,YG安田,2142,,gurazeni_team_2026,high
43345157,山田 陽翔,2295,,gurazeni_team_2026,high
43345159,森田 駿哉,2501,,gurazeni_team_2026,high
43545152,Ｆ．ターノック,2923,,gurazeni_team_2026,high
43545155,吉野 創士,2160,,gurazeni_team_2026,high
43545159,Ａ．エスピノーザ,2581,,gurazeni_team_2026,high
43745150,Ｓ．ファビアン,2742,,gurazeni_team_2026,high
43745152,Ｓ．ラオ,2888,,gurazeni_team_2026,high
43745159,Ａ．ジャクソン,2570,,gurazeni_team_2026,high
43945152,Ｒ．カストロ,2889,,gurazeni_team_2026,high
43945159,Ａ．マチャド,2582,,gurazeni_team_2026,high
51055132,高橋 奎二,1254,,gurazeni_team_2026,high
51055133,島本 浩也,369,,gurazeni_team_2026,high
51055137,則本 昂大,674,,gurazeni_team_2026,high
51055138,田宮 裕涼,1689,,gurazeni_team_2026,high
51055150,佐藤 太陽,2627,,gurazeni_team_2026,high
51055151,佐藤 一磨,1815,,gurazeni_team_2026,high
51055153,榮枝 裕貴,1985,,gurazeni_team_2026,high
51055155,末包 昇大,2204,,gurazeni_team_2026,high
51155118,浅村 栄斗,558,,gurazeni_team_2026,high
51155130,有原 航平,1054,,gurazeni_team_2026,high
51155136,東 克樹,1510,,gurazeni_team_2026,high
51155150,浅利 太門,2692,,gurazeni_team_2026,high
51155151,東妻 純平,1787,,gurazeni_team_2026,high
51155152,秋山 俊,2799,,gurazeni_team_2026,high
51155153,赤羽 由紘,2022,,gurazeni_team_2026,high
51155155,赤星 優志,2180,,gurazeni_team_2026,high
51155157,青山 美夏人,2316,,gurazeni_team_2026,high
51255118,中村 悠平,191,,gurazeni_team_2026,high
51255138,中川 圭太,1744,,gurazeni_team_2026,high
51255150,清水 大暉,2647,,gurazeni_team_2026,high
51255152,髙谷 舟,2827,,gurazeni_team_2026,high
51255155,滝澤 夏央,2132,,gurazeni_team_2026,high
51255157,富田 蓮,2320,,gurazeni_team_2026,high
51255159,武内 夏暉,2481,,gurazeni_team_2026,high
51355134,梅野 雄吾,1470,,gurazeni_team_2026,high
51355135,上沢 直之,481,,gurazeni_team_2026,high
51355139,岩貞 祐太,914,,gurazeni_team_2026,high
51355151,井上 温大,1807,,gurazeni_team_2026,high
51355152,稲川 竜汰,2861,,gurazeni_team_2026,high
51355153,伊藤 大海,2026,,gurazeni_team_2026,high
51355155,岩田 幸宏,2169,,gurazeni_team_2026,high
51355157,内田 湘大,2306,,gurazeni_team_2026,high
51355159,岩井 俊介,2527,,gurazeni_team_2026,high
51455130,中村 奨吾,1072,,gurazeni_team_2026,high
51455136,西川 愛也,1564,,gurazeni_team_2026,high
51455137,宮﨑 敏郎,426,,gurazeni_team_2026,high
51455150,龍山 暖,2650,,gurazeni_team_2026,high
51455151,長岡 秀樹,1822,,gurazeni_team_2026,high
51455152,中西 聖輝,2853,,gurazeni_team_2026,high
51455153,土田 龍空,1984,,gurazeni_team_2026,high
51455155,中川 勇斗,2138,,gurazeni_team_2026,high
51455159,寺地 隆成,2557,,gurazeni_team_2026,high
51555130,小野 郁,1086,,gurazeni_team_2026,high
51555138,甲斐野 央,1716,,gurazeni_team_2026,high
51555151,蝦名 達夫,1838,,gurazeni_team_2026,high
51555153,内 星龍,1971,,gurazeni_team_2026,high
51555155,梶原 昂希,2188,,gurazeni_team_2026,high
51555157,金村 尚真,2285,,gurazeni_team_2026,high
51655114,前田 健太,227,,gurazeni_team_2026,high
51655130,藤井 皓哉,1118,,gurazeni_team_2026,high
51655152,半田 南十,2782,,gurazeni_team_2026,high
51655153,中山 礼都,1957,,gurazeni_team_2026,high
51655155,羽田 慎之介,2117,,gurazeni_team_2026,high
51655157,長谷部 銀次,2358,,gurazeni_team_2026,high
51755115,栗山 巧,564,,gurazeni_team_2026,high
51755134,黒木 優太,1398,,gurazeni_team_2026,high
51755135,桑原 将志,422,,gurazeni_team_2026,high
51755138,宜保 翔,1714,,gurazeni_team_2026,high
51755155,北山 亘基,2149,,gurazeni_team_2026,high
51755157,児玉 亮涼,2283,,gurazeni_team_2026,high
51855132,増田 大輝,1275,,gurazeni_team_2026,high
51855134,堀 瑞輝,1336,,gurazeni_team_2026,high
51855136,松本 直樹,1550,,gurazeni_team_2026,high
51855138,宮城 滝太,1707,,gurazeni_team_2026,high
51855157,古川 雄大,2284,,gurazeni_team_2026,high
51955114,坂本 勇人,44,,gurazeni_team_2026,high
51955138,清水 昇,1686,,gurazeni_team_2026,high
51955151,岸 潤一郎,1873,,gurazeni_team_2026,high
51955152,齊藤 汰直,2792,,gurazeni_team_2026,high
51955153,来田 涼斗,2033,,gurazeni_team_2026,high
51955155,小森 航大郎,2145,,gurazeni_team_2026,high
51955157,澤井 廉,2314,,gurazeni_team_2026,high
51955159,佐々木 俊輔,2460,,gurazeni_team_2026,high
53155138,渡邉 勇太朗,1695,,gurazeni_team_2026,high
53155150,宗山 塁,2658,,gurazeni_team_2026,high
53155151,森下 暢仁,1785,,gurazeni_team_2026,high
53155152,宮下 朝陽,2842,,gurazeni_team_2026,high
53155155,松川 虎生,2182,,gurazeni_team_2026,high
53355150,陽 柏翔,2711,,gurazeni_team_2026,high
53355152,Ｆ．ウィットリー,2915,,gurazeni_team_2026,high
53355157,門別 啓人,2351,,gurazeni_team_2026,high
53355159,明瀬 諒介,2451,,gurazeni_team_2026,high
53555150,Ｔ．ウィンゲンター,2761,,gurazeni_team_2026,high
53555152,Ｒ．コントレラス,2892,,gurazeni_team_2026,high
53555153,若林 楽人,1952,,gurazeni_team_2026,high
53555155,山田 龍聖,2210,,gurazeni_team_2026,high
53555157,吉村 貢司郎,2354,,gurazeni_team_2026,high
53755138,Ｃ．スチュワート・ジュニア,1773,,manual_player_page,high
53755150,Ｔ．ネビン,2763,,gurazeni_team_2026,high
53755152,Ｂ．マタ,2917,,gurazeni_team_2026,high
53755153,Ｄ．サンタナ,2080,,gurazeni_team_2026,high
53955150,Ｅ．モンテロ,2741,,gurazeni_team_2026,high
53955152,Ｊ．ルイーズ,2912,,gurazeni_team_2026,high
57955159,早川 太貴,2645,,gurazeni_team_2026,high
61065136,田中 瑛斗,1595,,gurazeni_team_2026,high
61065137,伏見 寅威,846,,gurazeni_team_2026,high
61065138,富山 凌雅,1742,,gurazeni_team_2026,high
61065150,篠原 響,2607,,gurazeni_team_2026,high
61065151,鈴木 健矢,1843,,gurazeni_team_2026,high
61065152,鈴木 蓮吾,2796,,gurazeni_team_2026,high
61065155,泰 勝利,2113,,gurazeni_team_2026,high
61065157,茶野 篤政,2346,,gurazeni_team_2026,high
61065159,髙島 泰都,2484,,gurazeni_team_2026,high
61165132,阿部 寿樹,1303,,gurazeni_team_2026,high
61165134,石原 彪,1385,,gurazeni_team_2026,high
61165139,石川 柊太,947,,gurazeni_team_2026,high
61165150,石塚 裕惺,2640,,gurazeni_team_2026,high
61165152,石垣 元気,2851,,gurazeni_team_2026,high
61165153,石川 達也,2012,,gurazeni_team_2026,high
61165157,伊藤 茉央,2360,,gurazeni_team_2026,high
61165159,泉口 友汰,2491,,gurazeni_team_2026,high
61265138,沼田 翔平,1667,,gurazeni_team_2026,high
61265151,柘植 世那,1872,,gurazeni_team_2026,high
61265153,髙橋 宏斗,1947,,gurazeni_team_2026,high
61265155,田村 俊介,2108,,gurazeni_team_2026,high
61265157,中村 貴浩,2388,,gurazeni_team_2026,high
61265159,辻本 倫太郎,2524,,gurazeni_team_2026,high
61365132,宇佐見 真吾,1264,,gurazeni_team_2026,high
61365136,尾形 崇斗,1557,,gurazeni_team_2026,high
61365139,大瀬良 大地,909,,gurazeni_team_2026,high
61365150,宇野 真仁朗,2677,,gurazeni_team_2026,high
61365152,大川 慈英,2832,,gurazeni_team_2026,high
61365153,入江 大生,1963,,gurazeni_team_2026,high
61465131,山田 修義,837,,gurazeni_team_2026,high
61465133,牧原 大成,635,,gurazeni_team_2026,high
61465150,寺西 成騎,2676,,gurazeni_team_2026,high
61465151,浜屋 将太,1827,,gurazeni_team_2026,high
61465152,花田 旭,2856,,gurazeni_team_2026,high
61465153,仲三 優太,1398,,gurazeni_team_2026,high
61465155,西垣 雅矢,2146,,gurazeni_team_2026,high
61565135,菊池 涼介,265,,gurazeni_team_2026,high
61565150,金丸 夢斗,2702,,gurazeni_team_2026,high
61565152,片山 皓心,2852,,gurazeni_team_2026,high
61665130,松本 裕樹,1032,,gurazeni_team_2026,high
61665134,藤平 尚真,1376,,gurazeni_team_2026,high
61665152,藤森 海斗,2778,,gurazeni_team_2026,high
61665155,深沢 鳳介,2201,,gurazeni_team_2026,high
61665157,蛭間 拓哉,2381,,gurazeni_team_2026,high
61665159,廣瀨 隆太,2541,,gurazeni_team_2026,high
61765134,酒居 知史,1357,,gurazeni_team_2026,high
61765139,杉浦 稔大,903,,gurazeni_team_2026,high
61765152,小濱 佑斗,2812,,gurazeni_team_2026,high
61765153,河村 説人,1990,,gurazeni_team_2026,high
61765155,畔柳 亨丞,2141,,gurazeni_team_2026,high
61765157,斉藤 優汰,2286,,gurazeni_team_2026,high
61765159,権田 琉成,2530,,gurazeni_team_2026,high
61865132,茂木 栄五郎,1243,,gurazeni_team_2026,high
61865152,松下 歩叶,2789,,gurazeni_team_2026,high
61865153,細川 凌平,2015,,gurazeni_team_2026,high
61865157,松山 晋也,2343,,gurazeni_team_2026,high
61865159,細野 晴希,2490,,gurazeni_team_2026,high
61965130,清水 優心,1059,,gurazeni_team_2026,high
61965131,堂林 翔太,264,,gurazeni_team_2026,high
61965132,杉本 裕太郎,1233,,gurazeni_team_2026,high
61965136,博志,1536,,gurazeni_team_2026,high
61965150,坂口 翔颯,2682,,gurazeni_team_2026,high
61965151,小深田 大翔,1805,,gurazeni_team_2026,high
61965152,繁永 晟,2784,,gurazeni_team_2026,high
61965157,杉澤 龍,2332,,gurazeni_team_2026,high
61965159,下村 海翔,2526,,gurazeni_team_2026,high
63065155,Ｇ．ポランコ,2234,,gurazeni_team_2026,high
63165134,柳 裕也,1475,,gurazeni_team_2026,high
63165136,與座 海人,1567,,gurazeni_team_2026,high
63165150,山縣 秀,2713,,gurazeni_team_2026,high
63165152,大聖,2863,,gurazeni_team_2026,high
63165155,水野 達稀,2198,,gurazeni_team_2026,high
63165159,宮國 凌空,2477,,gurazeni_team_2026,high
63365150,若松 尚輝,2635,,gurazeni_team_2026,high
63365152,Ｊ．キハダ,2924,,gurazeni_team_2026,high
63365153,山野 太一,1993,,gurazeni_team_2026,high
63365155,柳川 大晟,2254,,gurazeni_team_2026,high
63365159,山田 脩也,2517,,gurazeni_team_2026,high
63565152,Ｂ．ダルベック,2918,,gurazeni_team_2026,high
63565155,渡部 遼人,2212,,gurazeni_team_2026,high
63765152,Ｃ．ラグズデール,2909,,gurazeni_team_2026,high
63965134,Ｌ．モイネロ,1488,,gurazeni_team_2026,high
63965150,Ｎ．ウォルターズ,2749,,gurazeni_team_2026,high
71075130,髙橋 光成,1076,,gurazeni_team_2026,high
71075138,近本 光司,1674,,gurazeni_team_2026,high
71075139,中村 祐太,913,,gurazeni_team_2026,high
71075150,佐藤 柳之介,2693,,gurazeni_team_2026,high
71075151,佐藤 都志也,1882,,gurazeni_team_2026,high
71075155,菅井 信也,2162,,gurazeni_team_2026,high
71075157,辰見 鴻之介,2273,,gurazeni_team_2026,high
71175132,青柳 晃洋,1280,,gurazeni_team_2026,high
71175136,東 晃平,1590,,gurazeni_team_2026,high
71175150,荒巻 悠,2654,,gurazeni_team_2026,high
71175153,秋広 優人,1986,,gurazeni_team_2026,high
71275118,西 勇輝,822,,gurazeni_team_2026,high
71275132,茶谷 健太,1182,,gurazeni_team_2026,high
71275134,種市 篤暉,1361,,gurazeni_team_2026,high
71275151,武岡 龍世,1791,,gurazeni_team_2026,high
71275152,竹丸 和幸,2828,,gurazeni_team_2026,high
71275153,鈴木 昭汰,2050,,gurazeni_team_2026,high
71275157,友杉 篤輝,2330,,gurazeni_team_2026,high
71375134,大江 竜聖,1425,,gurazeni_team_2026,high
71375136,遠藤 淳志,1498,,gurazeni_team_2026,high
71375138,太田 光,1660,,gurazeni_team_2026,high
71375150,伊原 陵人,2620,,gurazeni_team_2026,high
71375153,伊藤 将司,2028,,gurazeni_team_2026,high
71375155,鵜飼 航丞,2196,,gurazeni_team_2026,high
71375159,上田 希由翔,2528,,gurazeni_team_2026,high
71475132,西川 龍馬,1294,,gurazeni_team_2026,high
71475138,羽月 隆太郎,1691,,gurazeni_team_2026,high
71475139,嶺井 博希,922,,gurazeni_team_2026,high
71475150,立松 由宇,2648,,gurazeni_team_2026,high
71475159,東松 快征,2495,,gurazeni_team_2026,high
71575134,拓也,1410,,gurazeni_team_2026,high
71575136,神里 和毅,1511,,gurazeni_team_2026,high
71575159,尾田 剛樹,2485,,gurazeni_team_2026,high
71675135,益田 直也,773,,gurazeni_team_2026,high
71675138,牧野 翔矢,1747,,gurazeni_team_2026,high
71675152,平川 蓮,2854,,gurazeni_team_2026,high
71675157,濱 将乃介,2390,,gurazeni_search,high
71775134,源田 壮亮,1374,,gurazeni_team_2026,high
71775136,ケムナ 誠,1496,,gurazeni_team_2026,high
71775139,九里 亜蓮,910,,gurazeni_team_2026,high
71775151,小野寺 暖,1854,,gurazeni_team_2026,high
71775152,九谷 瑠,2865,,gurazeni_team_2026,high
71775155,木村 大成,2143,,gurazeni_team_2026,high
71775159,木村 優人,2486,,gurazeni_team_2026,high
71875134,堀岡 隼人,1431,,gurazeni_team_2026,high
71875151,宮城 大弥,1835,,gurazeni_team_2026,high
71875153,藤井 聖,2025,,gurazeni_team_2026,high
71875155,ブライト 健太,2222,,gurazeni_team_2026,high
71875157,前田 純,2293,,gurazeni_team_2026,high
71975134,佐々木 千隼,1356,,gurazeni_team_2026,high
71975136,塩見 泰隆,1547,,gurazeni_team_2026,high
71975152,阪上 翔也,2866,,gurazeni_team_2026,high
71975155,阪口 樂,2124,,gurazeni_team_2026,high
71975159,佐藤 啓介,2494,,gurazeni_team_2026,high
73075159,Ｆ．レイエス,2598,,gurazeni_team_2026,high
73175138,渡邊 佳明,1685,,gurazeni_team_2026,high
73175150,村上 泰斗,2697,,gurazeni_team_2026,high
73175151,柳町 達,1852,,gurazeni_team_2026,high
73175152,毛利 海大,2860,,gurazeni_team_2026,high
73175153,松木平 優太,1937,,gurazeni_team_2026,high
73175155,松本 竜也,2206,,gurazeni_team_2026,high
73175157,宮﨑 颯,2375,,gurazeni_team_2026,high
73375134,吉川 尚輝,1427,,gurazeni_team_2026,high
73375152,Ｊ．ウレーニャ,2893,,gurazeni_team_2026,high
73375153,森浦 大輔,1955,,gurazeni_team_2026,high
73375157,矢澤 宏太,2318,,gurazeni_team_2026,high
73575132,宋 家豪,1247,,gurazeni_team_2026,high
73575150,Ｔ．キャベッジ,2731,,gurazeni_team_2026,high
73575152,Ｍ．サノー,2921,,gurazeni_team_2026,high
73575159,Ａ．アブレウ,2590,,gurazeni_team_2026,high
73775152,Ｃ．マッカスカー,2895,,gurazeni_team_2026,high
73975136,Ａ．マルティネス,1929,,gurazeni_team_2026,high
73975150,Ｅ．ラミレス,2762,,gurazeni_team_2026,high
73975152,Ｅ．ルーカス,2908,,gurazeni_team_2026,high
73975159,Ｔ．ハーン,2554,,gurazeni_team_2026,high
77575159,下川 隼佑,2707,,gurazeni_team_2026,high
81085115,中村 剛也,562,,gurazeni_team_2026,high
81085138,頓宮 裕真,1705,,gurazeni_team_2026,high
81085150,柴田 獅子,2616,,gurazeni_team_2026,high
81085152,髙木 快大,2773,,gurazeni_team_2026,high
81085155,大勢,2144,,gurazeni_team_2026,high
81085157,辻 大雅,2363,,gurazeni_team_2026,high
81185116,伊藤 光,845,,gurazeni_team_2026,high
81185134,糸原 健斗,1463,,gurazeni_team_2026,high
81185139,石川 亮,935,,gurazeni_team_2026,high
81185150,石見 颯真,2675,,gurazeni_team_2026,high
81185157,茨木 秀俊,2353,,gurazeni_team_2026,high
81185159,伊藤 琉偉,2518,,gurazeni_team_2026,high
81285112,平野 佳寿,817,,gurazeni_team_2026,high
81285132,中川 皓太,1262,,gurazeni_team_2026,high
81285136,中村 奨成,1494,,gurazeni_team_2026,high
81285138,根尾 昂,1647,,gurazeni_team_2026,high
81285151,津森 宥紀,1857,,gurazeni_team_2026,high
81385138,小郷 裕哉,1703,,gurazeni_team_2026,high
81385150,浦田 俊輔,2644,,gurazeni_team_2026,high
81385151,海野 隆司,1856,,gurazeni_team_2026,high
81385152,大栄 利哉,2813,,gurazeni_team_2026,high
81385153,岩田 将貴,1956,,gurazeni_team_2026,high
81385155,岡田 悠希,2186,,gurazeni_team_2026,high
81385159,大谷 輝龍,2446,,gurazeni_team_2026,high
81485155,野口 智哉,2165,,gurazeni_team_2026,high
81485157,萩尾 匡也,2331,,gurazeni_team_2026,high
81485159,成田 晴風,2442,,gurazeni_team_2026,high
81585132,川越 誠司,1211,,gurazeni_team_2026,high
81585134,京田 陽太,1483,,gurazeni_team_2026,high
81585136,熊谷 敬宥,1505,,gurazeni_team_2026,high
81585138,上茶谷 大河,1648,,gurazeni_team_2026,high
81585150,狩生 聖真,2605,,gurazeni_team_2026,high
81585151,岡林 勇希,1808,,gurazeni_team_2026,high
81585152,勝田 成,2818,,gurazeni_team_2026,high
81585153,緒方 理貢,2001,,gurazeni_team_2026,high
81585157,久保 修,2345,,gurazeni_team_2026,high
81685138,松本 航,1665,,gurazeni_team_2026,high
81685150,廣池 康志郎,2673,,gurazeni_team_2026,high
81685152,藤原 聡大,2808,,gurazeni_team_2026,high
81685153,長谷川 信哉,1934,,gurazeni_team_2026,high
81685155,福島 蓮,2253,,gurazeni_team_2026,high
81685157,福永 裕基,2391,,gurazeni_team_2026,high
81785136,阪口 皓亮,1512,,gurazeni_team_2026,high
81785150,工藤 泰成,2687,,gurazeni_team_2026,high
81785151,河野 竜生,1811,,gurazeni_team_2026,high
81785155,古賀 悠斗,2128,,gurazeni_team_2026,high
81785157,坂本 拓己,2368,,gurazeni_team_2026,high
81885136,安田 尚憲,1600,,gurazeni_team_2026,high
81885138,横川 凱,1673,,gurazeni_team_2026,high
81885150,宮崎 竜成,2630,,gurazeni_team_2026,high
81885151,持丸 泰輝,1798,,gurazeni_team_2026,high
81885155,正木 智也,2193,,gurazeni_team_2026,high
81885159,堀 柊那,2464,,gurazeni_team_2026,high
81985135,鈴木 大地,793,,gurazeni_team_2026,high
81985152,篠﨑 国忠,2829,,gurazeni_team_2026,high
81985155,柴田 大地,2200,,gurazeni_team_2026,high
81985157,曽谷 龍平,2355,,gurazeni_team_2026,high
83185134,山岡 泰輔,1391,,gurazeni_team_2026,high
83185150,山口 廉王,2610,,gurazeni_team_2026,high
83185152,横田 蒼和,2881,,gurazeni_team_2026,high
83185155,味谷 大誠,2223,,gurazeni_team_2026,high
83185159,宮崎 一樹,2469,,gurazeni_team_2026,high
83385150,渡部 聖弥,2662,,gurazeni_team_2026,high
83385152,Ａ．コックス,2911,,gurazeni_team_2026,high
83385153,山村 崇嘉,1946,,gurazeni_team_2026,high
83385157,吉川 悠斗,2303,,gurazeni_team_2026,high
83385159,横山 聖哉,2498,,gurazeni_team_2026,high
83585152,Ｃ．ディベイニー,2910,,gurazeni_team_2026,high
83785150,Ｊ．ボスラー,2750,,gurazeni_team_2026,high
83785159,孫 易磊,2599,,gurazeni_team_2026,high
83985152,Ｌ．リン,2926,,gurazeni_team_2026,high
91095134,高梨 雄平,1381,,gurazeni_team_2026,high
91095135,高橋 周平,130,,gurazeni_team_2026,high
91095136,髙橋 遥人,1504,,gurazeni_team_2026,high
91095138,知野 直人,1662,,gurazeni_team_2026,high
91095150,佐野 大陽,2637,,gurazeni_team_2026,high
91095151,佐藤 直樹,1862,,gurazeni_team_2026,high
91095152,新保 茉良,2795,,gurazeni_team_2026,high
91095153,笹川 吉康,2010,,gurazeni_team_2026,high
91095157,田中 千晴,2422,,gurazeni_search,high
91095159,杉山 遙希,2456,,gurazeni_team_2026,high
91195138,石橋 康太,1734,,gurazeni_team_2026,high
91195150,有馬 惠叶,2686,,gurazeni_team_2026,high
91195151,石川 昂弥,1792,,gurazeni_team_2026,high
91195157,浅野 翔吾,2300,,gurazeni_team_2026,high
91195159,石上 泰輝,2504,,gurazeni_team_2026,high
91295134,玉井 大翔,1340,,gurazeni_team_2026,high
91295150,荘司 宏太,2649,,gurazeni_team_2026,high
91295152,立石 正広,2833,,gurazeni_team_2026,high
91295157,内藤 鵬,2317,,gurazeni_team_2026,high
91295159,武田 陸玖,2443,,gurazeni_team_2026,high
91395132,板山 祐太郎,1286,,gurazeni_team_2026,high
91395138,太田 椋,1717,,gurazeni_team_2026,high
91395139,上林 誠知,946,,gurazeni_team_2026,high
91395151,植田 将太,1884,,gurazeni_team_2026,high
91395152,岩城 颯空,2822,,gurazeni_team_2026,high
91395153,伊藤 優輔,2073,,gurazeni_team_2026,high
91395159,上田 大河,2537,,gurazeni_team_2026,high
91495130,西野 真弘,1052,,gurazeni_team_2026,high
91495134,長坂 拳弥,1460,,gurazeni_team_2026,high
91495138,濱田 太貴,1736,,gurazeni_team_2026,high
91495139,森 友哉,936,,gurazeni_team_2026,high
91495150,田内 真翔,2642,,gurazeni_team_2026,high
91495152,成瀬 脩人,2858,,gurazeni_team_2026,high
91495155,仲田 慶介,2094,,gurazeni_team_2026,high
91495157,西村 瑠伊斗,2296,,gurazeni_team_2026,high
91595133,甲斐 拓也,660,,gurazeni_team_2026,high
91595136,岸田 行倫,1521,,gurazeni_team_2026,high
91595150,岡本 駿,2621,,gurazeni_team_2026,high
91595152,岡城 快生,2786,,gurazeni_team_2026,high
91595153,内山 壮真,1939,,gurazeni_team_2026,high
91595157,菊地 吏玖,2361,,gurazeni_team_2026,high
91695132,平沢 大河,1205,,gurazeni_team_2026,high
91695138,益子 京右,1663,,gurazeni_team_2026,high
91695150,中村 優斗,2639,,gurazeni_team_2026,high
91695151,藤田 健斗,1804,,gurazeni_team_2026,high
91695153,並木 秀尊,2007,,gurazeni_team_2026,high
91695157,林 琢真,2340,,gurazeni_team_2026,high
91695159,早坂 響,2497,,gurazeni_team_2026,high
91795114,岸 孝之,516,,gurazeni_team_2026,high
91795134,郡 拓也,1341,,gurazeni_team_2026,high
91795139,小林 誠司,887,,gurazeni_team_2026,high
91795150,菊地 ハルン,2653,,gurazeni_team_2026,high
91795151,及川 雅貴,1784,,gurazeni_team_2026,high
91795152,工藤 泰己,2788,,gurazeni_team_2026,high
91795159,草加 勝,2466,,gurazeni_team_2026,high
91895133,山田 哲人,199,,gurazeni_team_2026,high
91895138,山口 航輝,1668,,gurazeni_team_2026,high
91895150,冨士 大和,2609,,gurazeni_team_2026,high
91895153,二俣 翔一,1972,,gurazeni_team_2026,high
91895155,古市 尊,2161,,gurazeni_team_2026,high
91895157,益田 武尚,2344,,gurazeni_team_2026,high
91895159,藤田 悠太郎,2547,,gurazeni_team_2026,high
91995112,炭谷 銀仁朗,547,,gurazeni_team_2026,high
91995134,佐野 恵太,1450,,gurazeni_team_2026,high
91995136,島田 海吏,1506,,gurazeni_team_2026,high
91995138,杉山 一樹,1697,,gurazeni_team_2026,high
91995151,紅林 弘太郎,1819,,gurazeni_team_2026,high
91995152,相良 雅斗,2839,,gurazeni_team_2026,high
91995153,栗林 良吏,2019,,gurazeni_team_2026,high
91995157,清水 叶人,2325,,gurazeni_team_2026,high
93095150,Ｏ．ゴンザレス,2766,,gurazeni_team_2026,high
93195132,山本 泰寛,1266,,gurazeni_team_2026,high
93195134,森原 康平,1380,,gurazeni_team_2026,high
93195138,渡邉 陸,1730,,gurazeni_team_2026,high
93195150,モイセエフ ニキータ,2615,,gurazeni_team_2026,high
93195152,森 陽樹,2787,,gurazeni_team_2026,high
93195155,丸山 和郁,2174,,gurazeni_team_2026,high
93295157,Ｈ．メヒア,2433,,gurazeni_team_2026,high
93395150,吉田 聖弥,2622,,gurazeni_team_2026,high
93395153,矢野 雅哉,1998,,gurazeni_team_2026,high
93395155,森 翔平,2203,,gurazeni_team_2026,high
93395159,村田 怜音,2479,,gurazeni_team_2026,high
93595150,古林 睿煬,2753,,gurazeni_team_2026,high
93595152,Ｂ．シーモア,2891,,gurazeni_team_2026,high
93595155,山本 恵大,2093,,gurazeni_team_2026,high
93795157,Ｏ．カリステ,2428,,gurazeni_team_2026,high
93995152,Ｓ．レイノルズ,2913,,gurazeni_team_2026,high
