year,league,team,player_id,player_name_ja,player_name_en,G,PA,AB,R,H,2B,3B,HR,TB,RBI,SB,CS,SH,SF,BB,IBB,HBP,SO,GDP,AVG,OBP,SLG,OPS,1B,IsoP,IsoD,IOPS,BB%,K%,BB/K,BABIP,GPA,NOI,SecA,TA,打率,安打,本塁打,打点,試合,打席,打数,単打,二塁打,三塁打,得点,出塁率,長打率,四球,敬遠,死球,三振,塁打,盗塁,盗塁死,犠打,犠飛,併殺打,RC,XR
1986,CL,東京ヤクルトスワローズ,1003846,レオン,L.Lee,130.0,547.0,483.0,73.0,154.0,19.0,0.0,34.0,275.0,97.0,2,0,0.0,5.0,57.0,0,2.0,79.0,17.0,0.319,0.389,0.569,0.958,101.0,0.24999999999999994,0.07,0.639,10.420475319926874,14.442413162705666,0.7215189873417721,0.32,0.3173,578.6666666666666,0.37060041407867494,0.9682080924855492,0.319,154.0,34.0,97.0,130.0,547.0,483.0,101.0,19.0,0.0,73.0,0.389,0.569,57.0,0,2.0,,275.0,2,0,0.0,5.0,,107.45370370370371,100.54800000000002
1986,CL,東京ヤクルトスワローズ,1003862,M.ブロハード,M.Brouhard,129.0,515.0,480.0,59.0,124.0,30.0,1.0,21.0,219.0,64.0,3.0,0,1.0,1.0,27.0,0,6.0,104.0,12.0,0.258,0.305,0.456,0.761,72.0,0.198,0.046999999999999986,0.503,5.242718446601942,20.19417475728155,0.25961538461538464,0.2893258426966292,0.25125000000000003,456.99999999999994,0.2604166666666667,0.6929347826086957,0.258,124.0,21.0,64.0,129.0,515.0,480.0,72.0,30.0,1.0,59.0,0.305,0.456,27.0,0,6.0,,219.0,3.0,0,1.0,1.0,,65.22485207100591,65.422
1986,CL,阪神タイガース,1003863,引間　功侑,K.Hikima,5.0,1.0,0.0,1.0,0.0,0.0,0.0,0.0,0.0,0.0,0.0,0,0.0,0.0,1.0,0,0.0,0.0,0.0,,1.0,,1.0,0.0,0.0,1.0,,100.0,0.0,nan,nan,0.45,1000.0,nan,nan,,0.0,0.0,0.0,5.0,1.0,0.0,0.0,0.0,0.0,1.0,1.0,,1.0,0,0.0,,0.0,0.0,0,0.0,0.0,,0.0,0.33
1986,CL,横浜DeNAベイスターズ,1003867,西村　博巳,H.Nishimura,12.0,13.0,12.0,1.0,2.0,0.0,1.0,0.0,4.0,0.0,0.0,0,1.0,0.0,0.0,0,0.0,2.0,0.0,0.167,0.167,0.333,0.5,1.0,0.166,0.0,0.333,0.0,15.384615384615385,0.0,0.2,0.1584,278.0,0.16666666666666666,0.4,0.167,2.0,0.0,0.0,12.0,13.0,12.0,1.0,0.0,1.0,1.0,0.167,0.333,0.0,0,0.0,,4.0,0.0,0,1.0,0.0,,0.6666666666666666,0.56
1986,CL,読売ジャイアンツ,11013846,山倉　和博,K.Yamakura,102.0,326.0,291.0,26.0,69.0,12.0,1.0,8.0,107.0,36.0,0,2,6.0,4.0,22.0,0,3.0,63.0,3.0,0.237,0.294,0.368,0.6619999999999999,48.0,0.131,0.056999999999999995,0.425,6.748466257668712,19.32515337423313,0.3492063492063492,0.27232142857142855,0.2243,416.66666666666663,0.21305841924398625,0.5955555555555555,0.237,69.0,8.0,36.0,102.0,326.0,291.0,48.0,12.0,1.0,26.0,0.294,0.368,22.0,0,3.0,,107.0,0,2,6.0,4.0,,31.108626198083066,32.054
1986,CL,阪神タイガース,11013847,真弓　明信,A.Mayumi,123.0,558.0,512.0,78.0,157.0,31.0,2.0,28.0,276.0,60.0,9,1,2.0,0.0,42.0,0,2.0,77.0,11.0,0.307,0.362,0.539,0.901,96.0,0.23200000000000004,0.05499999999999999,0.5940000000000001,7.526881720430108,13.799283154121863,0.5454545454545454,0.31695331695331697,0.29764999999999997,541.6666666666666,0.31640625,0.8770491803278688,0.307,157.0,28.0,60.0,123.0,558.0,512.0,96.0,31.0,2.0,78.0,0.362,0.539,42.0,0,2.0,,276.0,9,1,2.0,0.0,,99.14079422382672,92.63
1986,CL,阪神タイガース,11013861,藤原　仁,M.Fujiwara,25.0,3.0,3.0,0.0,0.0,0.0,0.0,0.0,0.0,0.0,0.0,0,0.0,0.0,0.0,0,0.0,2.0,0.0,0.0,0.0,0.0,0.0,0.0,0.0,0.0,0.0,0.0,66.66666666666666,0.0,0.0,0.0,0.0,0.0,0.0,0.0,0.0,0.0,0.0,25.0,3.0,3.0,0.0,0.0,0.0,0.0,0.0,0.0,0.0,0,0.0,,0.0,0.0,0,0.0,0.0,,0.0,-0.29400000000000004
1986,CL,中日ドラゴンズ,1103846,石井　昭男,A.Ishii,78.0,131.0,111.0,11.0,25.0,6.0,0.0,2.0,37.0,14.0,1.0,0,1.0,0.0,17.0,0,2.0,28.0,0.0,0.225,0.338,0.333,0.671,17.0,0.10800000000000001,0.11300000000000002,0.446,12.977099236641221,21.374045801526716,0.6071428571428571,0.2839506172839506,0.23535,449.0,0.2702702702702703,0.6627906976744186,0.225,25.0,2.0,14.0,78.0,131.0,111.0,17.0,6.0,0.0,11.0,0.338,0.333,17.0,0,2.0,,37.0,1.0,0,1.0,0.0,,12.140625,13.721999999999998
1986,CL,読売ジャイアンツ,1103860,井上　真二,S.Inoue,8.0,6.0,6.0,1.0,2.0,0.0,0.0,0.0,2.0,0.0,0.0,0,0.0,0.0,0.0,0,0.0,1.0,0.0,0.333,0.333,0.333,0.666,2.0,0.0,0.0,0.333,0.0,16.666666666666664,0.0,0.4,0.23310000000000003,444.0,0.0,0.5,0.333,2.0,0.0,0.0,8.0,6.0,6.0,2.0,0.0,0.0,1.0,0.333,0.333,0.0,0,0.0,,2.0,0.0,0,0.0,0.0,,0.6666666666666666,0.608
1986,CL,中日ドラゴンズ,1103861,牛島　和彦,K.Ushijima,35.0,10.0,9.0,0.0,3.0,0.0,0.0,0.0,3.0,0.0,0.0,0,1.0,0.0,0.0,0,0.0,3.0,0.0,0.333,0.333,0.333,0.666,3.0,0.0,0.0,0.333,0.0,30.0,0.0,0.5,0.23310000000000003,444.0,0.0,0.5,0.333,3.0,0.0,0.0,35.0,10.0,9.0,3.0,0.0,0.0,0.0,0.333,0.333,0.0,0,0.0,,3.0,0.0,0,1.0,0.0,,1.0,0.9119999999999999
1986,CL,広島東洋カープ,1103865,今井　譲二,J.Imai,46.0,2.0,2.0,13.0,0.0,0.0,0.0,0.0,0.0,0.0,3.0,0,0.0,0.0,0.0,0,0.0,1.0,0.0,0.0,0.0,0.0,0.0,0.0,0.0,0.0,0.0,0.0,50.0,0.0,0.0,0.0,0.0,1.5,1.5,0.0,0.0,0.0,0.0,46.0,2.0,2.0,0.0,0.0,0.0,13.0,0.0,0.0,0.0,0,0.0,,0.0,3.0,0,0.0,0.0,,0.0,0.34400000000000003
1986,CL,横浜DeNAベイスターズ,11213860,日野　善朗,Y.Hino,22.0,35.0,34.0,3.0,12.0,2.0,0.0,0.0,14.0,1.0,1,0,0.0,0.0,1.0,0,0.0,7.0,1.0,0.353,0.371,0.412,0.7829999999999999,10.0,0.059,0.018000000000000016,0.43,2.857142857142857,20.0,0.14285714285714285,0.4444444444444444,0.26995,508.3333333333333,0.08823529411764706,0.6521739130434783,0.353,12.0,0.0,1.0,22.0,35.0,34.0,10.0,2.0,0.0,3.0,0.371,0.412,1.0,0,0.0,,14.0,1,0,0.0,0.0,,5.2,4.613999999999999
1986,CL,阪神タイガース,11213861,山川　猛,T.Yamakawa,24.0,11.0,10.0,2.0,2.0,0.0,0.0,0.0,2.0,1.0,0.0,0,0.0,0.0,1.0,0,0.0,5.0,0.0,0.2,0.273,0.2,0.47300000000000003,2.0,0.0,0.07300000000000001,0.273,9.090909090909092,45.45454545454545,0.2,0.4,0.17285,339.6666666666667,0.1,0.375,0.2,2.0,0.0,1.0,24.0,11.0,10.0,2.0,0.0,0.0,2.0,0.273,0.2,1.0,0,0.0,,2.0,0.0,0,0.0,0.0,,0.5454545454545454,0.546
1986,CL,横浜DeNAベイスターズ,11213863,堀井　幹夫,T.Horii,47.0,6.0,4.0,0.0,0.0,0.0,0.0,0.0,0.0,0.0,0.0,0,2.0,0.0,0.0,0,0.0,3.0,0.0,0.0,0.0,0.0,0.0,0.0,0.0,0.0,0.0,0.0,50.0,0.0,0.0,0.0,0.0,0.0,0.0,0.0,0.0,0.0,0.0,47.0,6.0,4.0,0.0,0.0,0.0,0.0,0.0,0.0,0.0,0,0.0,,0.0,0.0,0,2.0,0.0,,0.0,-0.392
1986,CL,中日ドラゴンズ,11213869,藤王　康晴,Y.Fujiou,29.0,83.0,80.0,5.0,14.0,3.0,0.0,1.0,20.0,3.0,0,1,0.0,0.0,3.0,0,0.0,14.0,1.0,0.175,0.205,0.25,0.45499999999999996,10.0,0.07500000000000001,0.03,0.28,3.614457831325301,16.867469879518072,0.21428571428571427,0.2,0.15475,288.3333333333333,0.125,0.3582089552238806,0.175,14.0,1.0,3.0,29.0,83.0,80.0,10.0,3.0,0.0,5.0,0.205,0.25,3.0,0,0.0,,20.0,0,1,0.0,0.0,,4.096385542168675,3.3019999999999996
1986,CL,横浜DeNAベイスターズ,11313862,岡本　哲司,T.Okamoto,18.0,20.0,19.0,1.0,4.0,1.0,0.0,0.0,5.0,1.0,0.0,0,0.0,0.0,1.0,0,0.0,1.0,2.0,0.211,0.25,0.263,0.513,3.0,0.05200000000000002,0.03900000000000001,0.302,5.0,5.0,1.0,0.2222222222222222,0.17825000000000002,337.6666666666667,0.10526315789473684,0.35294117647058826,0.211,4.0,0.0,1.0,18.0,20.0,19.0,3.0,1.0,0.0,1.0,0.25,0.263,1.0,0,0.0,,5.0,0.0,0,0.0,0.0,,1.25,1.0799999999999998
1986,CL,東京ヤクルトスワローズ,11413843,八重樫　幸雄,Y.Yaegashi,119.0,400.0,365.0,26.0,79.0,11.0,0.0,6.0,108.0,23.0,0,2,7.0,4.0,21.0,0,3.0,86.0,12.0,0.216,0.262,0.296,0.558,62.0,0.07999999999999999,0.04600000000000001,0.3419999999999999,5.25,21.5,0.2441860465116279,0.26353790613718414,0.19190000000000002,360.6666666666667,0.14246575342465753,0.44966442953020136,0.216,79.0,6.0,23.0,119.0,400.0,365.0,62.0,11.0,0.0,26.0,0.262,0.296,21.0,0,3.0,,108.0,0,2,7.0,4.0,,27.979274611398964,27.812
1986,CL,阪神タイガース,11413845,山本　和行,K.Yamamoto,49.0,12.0,11.0,0.0,2.0,0.0,0.0,0.0,2.0,0.0,0.0,0,1.0,0.0,0.0,0,0.0,4.0,1.0,0.182,0.182,0.182,0.364,2.0,0.0,0.0,0.182,0.0,33.33333333333333,0.0,0.2857142857142857,0.1274,242.66666666666666,0.0,0.2,0.182,2.0,0.0,0.0,49.0,12.0,11.0,2.0,0.0,0.0,0.0,0.182,0.182,0.0,0,0.0,,2.0,0.0,0,1.0,0.0,,0.36363636363636365,0.118
1986,CL,広島東洋カープ,11413863,山中　潔,K.Yamanaka,26.0,32.0,31.0,2.0,4.0,1.0,0.0,0.0,5.0,1.0,0.0,0,0.0,0.0,0.0,0,1.0,9.0,0.0,0.129,0.156,0.161,0.317,3.0,0.032,0.026999999999999996,0.188,0.0,28.125,0.0,0.18181818181818182,0.11044999999999999,209.66666666666666,0.03225806451612903,0.2222222222222222,0.129,4.0,0.0,1.0,26.0,32.0,31.0,3.0,1.0,0.0,2.0,0.156,0.161,0.0,0,1.0,,5.0,0.0,0,0.0,0.0,,0.6451612903225806,-0.09600000000000009
1986,CL,読売ジャイアンツ,11513848,佐野　元国,M.Sano,3.0,2.0,2.0,0.0,0.0,0.0,0.0,0.0,0.0,0.0,0.0,0,0.0,0.0,0.0,0,0.0,1.0,0.0,0.0,0.0,0.0,0.0,0.0,0.0,0.0,0.0,0.0,50.0,0.0,0.0,0.0,0.0,0.0,0.0,0.0,0.0,0.0,0.0,3.0,2.0,2.0,0.0,0.0,0.0,0.0,0.0,0.0,0.0,0,0.0,,0.0,0.0,0,0.0,0.0,,0.0,-0.196
1986,CL,阪神タイガース,11513849,掛布　雅之,M.Kakefu,67.0,285.0,254.0,33.0,64.0,11.0,1.0,9.0,104.0,34.0,0,2,0.0,3.0,25.0,0,3.0,40.0,7.0,0.252,0.323,0.409,0.732,43.0,0.15699999999999997,0.07100000000000001,0.48,8.771929824561402,14.035087719298245,0.625,0.2644230769230769,0.2476,459.33333333333337,0.2637795275590551,0.6802030456852792,0.252,64.0,9.0,34.0,67.0,285.0,254.0,43.0,11.0,1.0,33.0,0.323,0.409,25.0,0,3.0,,104.0,0,2,0.0,3.0,,33.17562724014337,34.400000000000006
1986,CL,読売ジャイアンツ,11513861,木下　智裕,T.Kinoshita,37.0,2.0,1.0,0.0,0.0,0.0,0.0,0.0,0.0,0.0,0.0,0,1.0,0.0,0.0,0,0.0,0.0,0.0,0.0,0.0,0.0,0.0,0.0,0.0,0.0,0.0,0.0,0.0,nan,0.0,0.0,0.0,0.0,0.0,0.0,0.0,0.0,0.0,37.0,2.0,1.0,0.0,0.0,0.0,0.0,0.0,0.0,0.0,0,0.0,,0.0,0.0,0,1.0,0.0,,0.0,-0.098
1986,CL,読売ジャイアンツ,11513862,桑田　真澄,M.Kuwata,15.0,22.0,22.0,2.0,3.0,2.0,0.0,0.0,5.0,0.0,0.0,0,0.0,0.0,0.0,0,0.0,11.0,0.0,0.136,0.136,0.227,0.363,1.0,0.091,0.0,0.227,0.0,50.0,0.0,0.2727272727272727,0.11795,211.66666666666666,0.09090909090909091,0.2631578947368421,0.136,3.0,0.0,0.0,15.0,22.0,22.0,1.0,2.0,0.0,2.0,0.136,0.227,0.0,0,0.0,,5.0,0.0,0,0.0,0.0,,0.6818181818181818,0.07799999999999985
1986,CL,横浜DeNAベイスターズ,11513865,菊地　恭一,K.Kikuchi,12.0,17.0,17.0,0.0,2.0,0.0,0.0,0.0,2.0,0.0,0.0,0,0.0,0.0,0.0,0,0.0,4.0,0.0,0.118,0.118,0.118,0.236,2.0,0.0,0.0,0.118,0.0,23.52941176470588,0.0,0.15384615384615385,0.0826,157.33333333333331,0.0,0.13333333333333333,0.118,2.0,0.0,0.0,12.0,17.0,17.0,2.0,0.0,0.0,0.0,0.118,0.118,0.0,0,0.0,,2.0,0.0,0,0.0,0.0,,0.23529411764705882,-0.47
1986,CL,広島東洋カープ,11513869,清川　栄治,E.Kiyokawa,50.0,2.0,2.0,0.0,0.0,0.0,0.0,0.0,0.0,0.0,0.0,0,0.0,0.0,0.0,0,0.0,1.0,0.0,0.0,0.0,0.0,0.0,0.0,0.0,0.0,0.0,0.0,50.0,0.0,0.0,0.0,0.0,0.0,0.0,0.0,0.0,0.0,0.0,50.0,2.0,2.0,0.0,0.0,0.0,0.0,0.0,0.0,0.0,0,0.0,,0.0,0.0,0,0.0,0.0,,0.0,-0.196
1986,CL,東京ヤクルトスワローズ,11613843,若松　勉,T.Wakamatsu,119.0,439.0,400.0,38.0,110.0,14.0,2.0,6.0,146.0,39.0,1,3,6.0,6.0,26.0,0,1.0,29.0,7.0,0.275,0.316,0.365,0.681,88.0,0.08999999999999997,0.04099999999999998,0.4059999999999999,5.922551252847381,6.605922551252847,0.896551724137931,0.2803234501347709,0.23345,437.66666666666663,0.1625,0.5925925925925926,0.275,110.0,6.0,39.0,119.0,439.0,400.0,88.0,14.0,2.0,38.0,0.316,0.365,26.0,0,1.0,,146.0,1,3,6.0,6.0,,46.610328638497656,45.83
1986,CL,広島東洋カープ,11713842,高橋　慶彦,Y.Takahashi,130.0,583.0,552.0,88.0,157.0,33.0,2.0,21.0,257.0,55.0,39,15,4.0,1.0,20.0,0,4.0,91.0,8.0,0.284,0.314,0.466,0.78,101.0,0.18200000000000005,0.030000000000000027,0.496,3.430531732418525,15.608919382504288,0.21978021978021978,0.30839002267573695,0.25780000000000003,469.33333333333337,0.24456521739130435,0.7344913151364765,0.284,157.0,21.0,55.0,130.0,583.0,552.0,101.0,33.0,2.0,88.0,0.314,0.466,20.0,0,4.0,,257.0,39,15,4.0,1.0,,79.52622377622377,78.48999999999998
1986,CL,読売ジャイアンツ,11713843,河埜　和正,K.Kouno,43.0,66.0,59.0,6.0,12.0,3.0,0.0,1.0,18.0,6.0,0,1,2.0,0.0,5.0,0,0.0,10.0,2.0,0.203,0.266,0.305,0.571,8.0,0.10199999999999998,0.063,0.368,7.575757575757576,15.151515151515152,0.5,0.22916666666666666,0.19595,367.6666666666667,0.2033898305084746,0.4897959183673469,0.203,12.0,1.0,6.0,43.0,66.0,59.0,8.0,3.0,0.0,6.0,0.266,0.305,5.0,0,0.0,,18.0,0,1,2.0,0.0,,4.78125,4.824
1986,CL,読売ジャイアンツ,11713863,鴻野　淳基,J.Kouno,60.0,190.0,172.0,20.0,43.0,10.0,2.0,4.0,69.0,20.0,10,3,6.0,1.0,11.0,0,0.0,41.0,4.0,0.25,0.293,0.401,0.694,27.0,0.15100000000000002,0.04299999999999998,0.444,5.7894736842105265,21.578947368421055,0.2682926829268293,0.3046875,0.2321,426.66666666666663,0.23255813953488372,0.6240601503759399,0.25,43.0,4.0,20.0,60.0,190.0,172.0,27.0,10.0,2.0,20.0,0.293,0.401,11.0,0,0.0,,69.0,10,3,6.0,1.0,,20.360655737704917,20.067999999999998
1986,CL,広島東洋カープ,11913847,新美　敏,S.Niimi,13.0,0.0,0.0,0.0,0.0,0.0,0.0,0.0,0.0,0.0,0.0,0,0.0,0.0,0.0,0,0.0,0.0,0.0,,,,0.0,0.0,0.0,0.0,,nan,nan,nan,nan,0.0,0.0,nan,nan,,0.0,0.0,0.0,13.0,0.0,0.0,0.0,0.0,0.0,0.0,,,0.0,0,0.0,,0.0,0.0,0,0.0,0.0,,nan,0.0
1986,CL,横浜DeNAベイスターズ,11913848,増本　宏,H.Masumoto,3.0,0.0,0.0,0.0,0.0,0.0,0.0,0.0,0.0,0.0,0.0,0,0.0,0.0,0.0,0,0.0,0.0,0.0,,,,0.0,0.0,0.0,0.0,,nan,nan,nan,nan,0.0,0.0,nan,nan,,0.0,0.0,0.0,3.0,0.0,0.0,0.0,0.0,0.0,0.0,,,0.0,0,0.0,,0.0,0.0,0,0.0,0.0,,nan,0.0
1986,CL,横浜DeNAベイスターズ,11913867,関根　浩史,H.Sekine,19.0,6.0,5.0,0.0,0.0,0.0,0.0,0.0,0.0,0.0,0.0,0,1.0,0.0,0.0,0,0.0,3.0,0.0,0.0,0.0,0.0,0.0,0.0,0.0,0.0,0.0,0.0,50.0,0.0,0.0,0.0,0.0,0.0,0.0,0.0,0.0,0.0,0.0,19.0,6.0,5.0,0.0,0.0,0.0,0.0,0.0,0.0,0.0,0,0.0,,0.0,0.0,0,1.0,0.0,,0.0,-0.49
1986,CL,阪神タイガース,1203869,前田　康伺,K.Maeda,2.0,0.0,0.0,0.0,0.0,0.0,0.0,0.0,0.0,0.0,0.0,0,0.0,0.0,0.0,0,0.0,0.0,0.0,,,,0.0,0.0,0.0,0.0,,nan,nan,nan,nan,0.0,0.0,nan,nan,,0.0,0.0,0.0,2.0,0.0,0.0,0.0,0.0,0.0,0.0,,,0.0,0,0.0,,0.0,0.0,0,0.0,0.0,,nan,0.0
1986,CL,横浜DeNAベイスターズ,1303844,斉藤　明夫,A.Saitou,44.0,12.0,12.0,0.0,1.0,1.0,0.0,0.0,2.0,0.0,0.0,0,0.0,0.0,0.0,0,0.0,3.0,1.0,0.083,0.083,0.167,0.25,0.0,0.084,0.0,0.167,0.0,25.0,0.0,0.1111111111111111,0.0791,138.66666666666666,0.08333333333333333,0.16666666666666666,0.083,1.0,0.0,0.0,44.0,12.0,12.0,0.0,1.0,0.0,0.0,0.083,0.167,0.0,0,0.0,,2.0,0.0,0,0.0,0.0,,0.16666666666666666,-0.3580000000000001
1986,CL,横浜DeNAベイスターズ,1303846,門田　富昭,F.Kadota,36.0,6.0,4.0,0.0,0.0,0.0,0.0,0.0,0.0,0.0,0.0,0,2.0,0.0,0.0,0,0.0,3.0,0.0,0.0,0.0,0.0,0.0,0.0,0.0,0.0,0.0,0.0,50.0,0.0,0.0,0.0,0.0,0.0,0.0,0.0,0.0,0.0,0.0,36.0,6.0,4.0,0.0,0.0,0.0,0.0,0.0,0.0,0.0,0,0.0,,0.0,0.0,0,2.0,0.0,,0.0,-0.392
1986,CL,中日ドラゴンズ,1303848,川又　米利,Y.Kawamata,115.0,403.0,358.0,41.0,99.0,20.0,1.0,9.0,148.0,42.0,0.0,0,6.0,7.0,32.0,0,0.0,57.0,9.0,0.277,0.33,0.413,0.743,69.0,0.13599999999999995,0.05299999999999999,0.4659999999999999,7.94044665012407,14.1439205955335,0.5614035087719298,0.3010033444816054,0.25175000000000003,467.6666666666667,0.22625698324022347,0.6716417910447762,0.277,99.0,9.0,42.0,115.0,403.0,358.0,69.0,20.0,1.0,41.0,0.33,0.413,32.0,0,0.0,,148.0,0.0,0,6.0,7.0,,49.712820512820514,48.07799999999999
1986,CL,読売ジャイアンツ,1303860,K.カムストック,K.Comstock,3.0,2.0,2.0,0.0,0.0,0.0,0.0,0.0,0.0,0.0,0.0,0,0.0,0.0,0.0,0,0.0,0.0,0.0,0.0,0.0,0.0,0.0,0.0,0.0,0.0,0.0,0.0,0.0,nan,0.0,0.0,0.0,0.0,0.0,0.0,0.0,0.0,0.0,3.0,2.0,2.0,0.0,0.0,0.0,0.0,0.0,0.0,0.0,0,0.0,,0.0,0.0,0,0.0,0.0,,0.0,-0.196
1986,CL,中日ドラゴンズ,1303869,鹿島　忠,T.Kashima,26.0,21.0,19.0,0.0,3.0,1.0,0.0,0.0,4.0,2.0,0.0,0,2.0,0.0,0.0,0,0.0,4.0,1.0,0.158,0.158,0.211,0.369,2.0,0.05299999999999999,0.0,0.211,0.0,19.047619047619047,0.0,0.2,0.12384999999999999,228.33333333333334,0.05263157894736842,0.23529411764705882,0.158,3.0,0.0,2.0,26.0,21.0,19.0,2.0,1.0,0.0,0.0,0.158,0.211,0.0,0,0.0,,4.0,0.0,0,2.0,0.0,,0.631578947368421,0.1519999999999999
1986,CL,中日ドラゴンズ,1403862,山本昌,M.Yamamotomasa（yamamoto,1.0,0.0,0.0,0.0,0.0,0.0,0.0,0.0,0.0,0.0,0.0,0,0.0,0.0,0.0,0,0.0,0.0,0.0,,,,0.0,0.0,0.0,0.0,,nan,nan,nan,nan,0.0,0.0,nan,nan,,0.0,0.0,0.0,1.0,0.0,0.0,0.0,0.0,0.0,0.0,,,0.0,0,0.0,,0.0,0.0,0,0.0,0.0,,nan,0.0
1986,CL,横浜DeNAベイスターズ,1403867,村岡　耕一,K.Muraoka,89.0,84.0,72.0,14.0,12.0,0.0,0.0,0.0,12.0,3.0,2.0,0,9.0,0.0,2.0,0,1.0,10.0,0.0,0.167,0.2,0.167,0.367,12.0,0.0,0.033,0.2,2.380952380952381,11.904761904761903,0.2,0.1935483870967742,0.13175,255.6666666666667,0.05555555555555555,0.2833333333333333,0.167,12.0,0.0,3.0,89.0,84.0,72.0,12.0,0.0,0.0,14.0,0.2,0.167,2.0,0,1.0,,12.0,2.0,0,9.0,0.0,,2.27027027027027,1.4700000000000006
1986,CL,中日ドラゴンズ,1503860,小松崎　善久,Y.Komatsuzaki,5.0,5.0,4.0,0.0,0.0,0.0,0.0,0.0,0.0,0.0,0.0,0,0.0,0.0,1.0,0,0.0,3.0,0.0,0.0,0.2,0.0,0.2,0.0,0.0,0.2,0.2,20.0,60.0,0.3333333333333333,0.0,0.09000000000000001,200.0,0.25,0.25,0.0,0.0,0.0,0.0,5.0,5.0,4.0,0.0,0.0,0.0,0.0,0.2,0.0,1.0,0,0.0,,0.0,0.0,0,0.0,0.0,,0.0,-0.062
1986,CL,東京ヤクルトスワローズ,1503862,桜井　伸一,S.Sakurai,20.0,12.0,12.0,0.0,4.0,0.0,0.0,0.0,4.0,2.0,0.0,0,0.0,0.0,0.0,0,0.0,5.0,0.0,0.333,0.333,0.333,0.666,4.0,0.0,0.0,0.333,0.0,41.66666666666667,0.0,0.5714285714285714,0.23310000000000003,444.0,0.0,0.5,0.333,4.0,0.0,2.0,20.0,12.0,12.0,4.0,0.0,0.0,0.0,0.333,0.333,0.0,0,0.0,,4.0,0.0,0,0.0,0.0,,1.3333333333333333,1.216
1986,CL,広島東洋カープ,1503869,小早川　毅彦,T.Kobayakawa,73.0,190.0,173.0,21.0,45.0,5.0,0.0,12.0,86.0,24.0,0.0,0,0.0,2.0,15.0,0,0.0,33.0,6.0,0.26,0.316,0.497,0.813,28.0,0.237,0.055999999999999994,0.5529999999999999,7.894736842105263,17.36842105263158,0.45454545454545453,0.25384615384615383,0.26644999999999996,481.6666666666667,0.3236994219653179,0.753731343283582,0.26,45.0,12.0,24.0,73.0,190.0,173.0,28.0,5.0,0.0,21.0,0.316,0.497,15.0,0,0.0,,86.0,0.0,0,0.0,2.0,,27.4468085106383,27.286000000000005
1986,CL,中日ドラゴンズ,1603860,米村　明,A.Yonemura,29.0,3.0,3.0,1.0,1.0,0.0,0.0,1.0,4.0,1.0,0.0,0,0.0,0.0,0.0,0,0.0,1.0,0.0,0.333,0.333,1.333,1.666,0.0,1.0,0.0,1.333,0.0,33.33333333333333,0.0,0.0,0.4831,777.3333333333334,1.0,2.0,0.333,1.0,1.0,1.0,29.0,3.0,3.0,0.0,0.0,0.0,1.0,0.333,1.333,0.0,0,0.0,,4.0,0.0,0,0.0,0.0,,1.3333333333333333,1.244
1986,CL,横浜DeNAベイスターズ,1703862,高橋　一彦,K.Takahashi,27.0,9.0,8.0,0.0,0.0,0.0,0.0,0.0,0.0,0.0,0.0,0,1.0,0.0,0.0,0,0.0,6.0,0.0,0.0,0.0,0.0,0.0,0.0,0.0,0.0,0.0,0.0,66.66666666666666,0.0,0.0,0.0,0.0,0.0,0.0,0.0,0.0,0.0,0.0,27.0,9.0,8.0,0.0,0.0,0.0,0.0,0.0,0.0,0.0,0,0.0,,0.0,0.0,0,1.0,0.0,,0.0,-0.784
1986,CL,広島東洋カープ,1703865,高木　宣宏,N.Takagi,8.0,7.0,6.0,0.0,0.0,0.0,0.0,0.0,0.0,0.0,0.0,0,1.0,0.0,0.0,0,0.0,4.0,0.0,0.0,0.0,0.0,0.0,0.0,0.0,0.0,0.0,0.0,57.14285714285714,0.0,0.0,0.0,0.0,0.0,0.0,0.0,0.0,0.0,0.0,8.0,7.0,6.0,0.0,0.0,0.0,0.0,0.0,0.0,0.0,0,0.0,,0.0,0.0,0,1.0,0.0,,0.0,-0.5880000000000001
1986,CL,中日ドラゴンズ,1703867,島田　芳明,Y.Shimada,42.0,37.0,35.0,4.0,8.0,4.0,0.0,0.0,12.0,5.0,2.0,0,0.0,1.0,1.0,0,0.0,6.0,1.0,0.229,0.243,0.343,0.5860000000000001,4.0,0.11400000000000002,0.013999999999999985,0.357,2.7027027027027026,16.216216216216218,0.16666666666666666,0.26666666666666666,0.1951,357.3333333333333,0.2,0.5357142857142857,0.229,8.0,0.0,5.0,42.0,37.0,35.0,4.0,4.0,0.0,4.0,0.243,0.343,1.0,0,0.0,,12.0,2.0,0,0.0,1.0,,3.0,2.9240000000000004
1986,CL,阪神タイガース,1903862,中野　佐資,S.Nakano,3.0,2.0,2.0,0.0,0.0,0.0,0.0,0.0,0.0,0.0,0.0,0,0.0,0.0,0.0,0,0.0,1.0,0.0,0.0,0.0,0.0,0.0,0.0,0.0,0.0,0.0,0.0,50.0,0.0,0.0,0.0,0.0,0.0,0.0,0.0,0.0,0.0,0.0,3.0,2.0,2.0,0.0,0.0,0.0,0.0,0.0,0.0,0.0,0,0.0,,0.0,0.0,0,0.0,0.0,,0.0,-0.196
1986,CL,中日ドラゴンズ,1903863,中尾　孝義,T.Nakao,98.0,318.0,294.0,42.0,70.0,14.0,2.0,9.0,115.0,20.0,3.0,0,1.0,1.0,20.0,0,2.0,63.0,9.0,0.238,0.29,0.391,0.681,45.0,0.15300000000000002,0.05199999999999999,0.443,6.289308176100629,19.81132075471698,0.31746031746031744,0.273542600896861,0.22825,420.3333333333333,0.23129251700680273,0.6008583690987125,0.238,70.0,9.0,20.0,98.0,318.0,294.0,45.0,14.0,2.0,42.0,0.29,0.391,20.0,0,2.0,,115.0,3.0,0,1.0,1.0,,32.961783439490446,33.46799999999999
1986,CL,阪神タイガース,21023845,弘田　澄男,S.Hirota,73.0,208.0,195.0,22.0,47.0,6.0,1.0,0.0,55.0,4.0,2.0,2,4.0,1.0,5.0,0,3.0,22.0,8.0,0.241,0.27,0.282,0.552,40.0,0.04099999999999998,0.029000000000000026,0.311,2.403846153846154,10.576923076923077,0.22727272727272727,0.27011494252873564,0.192,364.0,0.07692307692307693,0.4166666666666667,0.241,47.0,0.0,4.0,73.0,208.0,195.0,40.0,6.0,1.0,22.0,0.27,0.282,5.0,0,3.0,,55.0,2.0,2,4.0,1.0,,14.3,13.855999999999998
1986,CL,東京ヤクルトスワローズ,21023860,秦　真司,S.Hata,59.0,74.0,63.0,10.0,15.0,3.0,0.0,2.0,24.0,8.0,2,1,1.0,2.0,8.0,0,0.0,21.0,0.0,0.238,0.315,0.381,0.696,10.0,0.14300000000000002,0.07700000000000001,0.458,10.81081081081081,28.37837837837838,0.38095238095238093,0.30952380952380953,0.23700000000000002,442.0,0.2857142857142857,0.6875,0.238,15.0,2.0,8.0,59.0,74.0,63.0,10.0,3.0,0.0,10.0,0.315,0.381,8.0,0,0.0,,24.0,2,1,1.0,2.0,,7.774647887323944,8.155999999999999
1986,CL,読売ジャイアンツ,21123860,石井　雅博,M.Ishii,56.0,59.0,53.0,4.0,9.0,3.0,2.0,1.0,19.0,7.0,1,2,2.0,0.0,3.0,0,1.0,17.0,1.0,0.17,0.228,0.358,0.586,3.0,0.18799999999999997,0.057999999999999996,0.416,5.084745762711865,28.8135593220339,0.17647058823529413,0.22857142857142856,0.1921,347.3333333333333,0.2830188679245283,0.5555555555555556,0.17,9.0,1.0,7.0,56.0,59.0,53.0,3.0,3.0,2.0,4.0,0.228,0.358,3.0,0,1.0,,19.0,1,2,2.0,0.0,,4.071428571428571,4.547999999999999
1986,CL,広島東洋カープ,21123869,伊藤　寿文,T.Itou,7.0,6.0,6.0,0.0,0.0,0.0,0.0,0.0,0.0,0.0,0.0,0,0.0,0.0,0.0,0,0.0,1.0,0.0,0.0,0.0,0.0,0.0,0.0,0.0,0.0,0.0,0.0,16.666666666666664,0.0,0.0,0.0,0.0,0.0,0.0,0.0,0.0,0.0,0.0,7.0,6.0,6.0,0.0,0.0,0.0,0.0,0.0,0.0,0.0,0,0.0,,0.0,0.0,0,0.0,0.0,,0.0,-0.5880000000000001
1986,CL,中日ドラゴンズ,21223860,古川　利行,T.Furukawa,6.0,0.0,0.0,0.0,0.0,0.0,0.0,0.0,0.0,0.0,0.0,0,0.0,0.0,0.0,0,0.0,0.0,0.0,,,,0.0,0.0,0.0,0.0,,nan,nan,nan,nan,0.0,0.0,nan,nan,,0.0,0.0,0.0,6.0,0.0,0.0,0.0,0.0,0.0,0.0,,,0.0,0,0.0,,0.0,0.0,0,0.0,0.0,,nan,0.0
1986,CL,広島東洋カープ,21223863,森脇　浩司,H.Moriwaki,6.0,6.0,6.0,0.0,1.0,0.0,0.0,0.0,1.0,0.0,0.0,0,0.0,0.0,0.0,0,0.0,1.0,0.0,0.167,0.167,0.167,0.334,1.0,0.0,0.0,0.167,0.0,16.666666666666664,0.0,0.2,0.1169,222.66666666666669,0.0,0.2,0.167,1.0,0.0,0.0,6.0,6.0,6.0,1.0,0.0,0.0,0.0,0.167,0.167,0.0,0,0.0,,1.0,0.0,0,0.0,0.0,,0.16666666666666666,0.010000000000000009
1986,CL,読売ジャイアンツ,21223869,水野　雄仁,K.Mizuno,27.0,37.0,36.0,3.0,9.0,1.0,0.0,0.0,10.0,5.0,0.0,0,1.0,0.0,0.0,0,0.0,5.0,0.0,0.25,0.25,0.278,0.528,8.0,0.028000000000000025,0.0,0.278,0.0,13.513513513513514,0.0,0.2903225806451613,0.182,342.6666666666667,0.027777777777777776,0.37037037037037035,0.25,9.0,0.0,5.0,27.0,37.0,36.0,8.0,1.0,0.0,3.0,0.25,0.278,0.0,0,0.0,,10.0,0.0,0,1.0,0.0,,2.5,2.074
1986,CL,広島東洋カープ,21323842,小林　誠二,S.Kobayashi,33.0,9.0,9.0,0.0,2.0,0.0,0.0,0.0,2.0,1.0,0.0,0,0.0,0.0,0.0,0,0.0,4.0,0.0,0.222,0.222,0.222,0.444,2.0,0.0,0.0,0.222,0.0,44.44444444444444,0.0,0.4,0.1554,296.0,0.0,0.2857142857142857,0.222,2.0,0.0,1.0,33.0,9.0,9.0,2.0,0.0,0.0,0.0,0.222,0.222,0.0,0,0.0,,2.0,0.0,0,0.0,0.0,,0.4444444444444444,0.31399999999999995
1986,CL,中日ドラゴンズ,21323862,川畑　泰博,Y.Kawabata,2.0,0.0,0.0,0.0,0.0,0.0,0.0,0.0,0.0,0.0,0.0,0,0.0,0.0,0.0,0,0.0,0.0,0.0,,,,0.0,0.0,0.0,0.0,,nan,nan,nan,nan,0.0,0.0,nan,nan,,0.0,0.0,0.0,2.0,0.0,0.0,0.0,0.0,0.0,0.0,,,0.0,0,0.0,,0.0,0.0,0,0.0,0.0,,nan,0.0
1986,CL,東京ヤクルトスワローズ,21323863,大川　章,A.Ookawa,26.0,2.0,2.0,0.0,1.0,0.0,0.0,0.0,1.0,0.0,0.0,0,0.0,0.0,0.0,0,0.0,1.0,0.0,0.5,0.5,0.5,1.0,1.0,0.0,0.0,0.5,0.0,50.0,0.0,1.0,0.35,666.6666666666666,0.0,1.0,0.5,1.0,0.0,0.0,26.0,2.0,2.0,1.0,0.0,0.0,0.0,0.5,0.5,0.0,0,0.0,,1.0,0.0,0,0.0,0.0,,0.5,0.402
1986,CL,広島東洋カープ,21323865,金石　昭人,A.Kaneishi,28.0,62.0,50.0,2.0,10.0,1.0,0.0,1.0,14.0,5.0,0.0,0,11.0,0.0,1.0,0,0.0,15.0,1.0,0.2,0.216,0.28,0.496,8.0,0.08000000000000002,0.015999999999999986,0.296,1.6129032258064515,24.193548387096776,0.06666666666666667,0.2647058823529412,0.16720000000000002,309.33333333333337,0.1,0.36585365853658536,0.2,10.0,1.0,5.0,28.0,62.0,50.0,8.0,1.0,0.0,2.0,0.216,0.28,1.0,0,0.0,,14.0,0.0,0,11.0,0.0,,3.019607843137255,2.5700000000000003
1986,CL,読売ジャイアンツ,21323869,川相　昌弘,M.Kawai,48.0,37.0,31.0,6.0,6.0,1.0,0.0,0.0,7.0,0.0,0.0,0,3.0,0.0,1.0,0,2.0,3.0,0.0,0.194,0.265,0.226,0.491,5.0,0.032,0.07100000000000001,0.297,2.7027027027027026,8.108108108108109,0.3333333333333333,0.21428571428571427,0.17575000000000002,340.33333333333337,0.06451612903225806,0.4,0.194,6.0,0.0,0.0,48.0,37.0,31.0,5.0,1.0,0.0,6.0,0.265,0.226,1.0,0,2.0,,7.0,0.0,0,3.0,0.0,,1.53125,1.7599999999999998
1986,CL,中日ドラゴンズ,21423860,宮下　昌己,M.Miyashita,40.0,17.0,14.0,0.0,0.0,0.0,0.0,0.0,0.0,1.0,0.0,0,3.0,0.0,0.0,0,0.0,4.0,0.0,0.0,0.0,0.0,0.0,0.0,0.0,0.0,0.0,0.0,23.52941176470588,0.0,0.0,0.0,0.0,0.0,0.0,0.0,0.0,0.0,1.0,40.0,17.0,14.0,0.0,0.0,0.0,0.0,0.0,0.0,0.0,0,0.0,,0.0,0.0,0,3.0,0.0,,0.0,-1.372
1986,CL,阪神タイガース,21423862,吉田　康夫,Y.Yoshida,3.0,0.0,0.0,0.0,0.0,0.0,0.0,0.0,0.0,0.0,0.0,0,0.0,0.0,0.0,0,0.0,0.0,0.0,,,,0.0,0.0,0.0,0.0,,nan,nan,nan,nan,0.0,0.0,nan,nan,,0.0,0.0,0.0,3.0,0.0,0.0,0.0,0.0,0.0,0.0,,,0.0,0,0.0,,0.0,0.0,0,0.0,0.0,,nan,0.0
1986,CL,阪神タイガース,21423863,吉竹　春樹,H.Yoshitake,117.0,237.0,216.0,33.0,51.0,11.0,1.0,6.0,82.0,24.0,9,2,16.0,0.0,4.0,0,1.0,49.0,2.0,0.236,0.253,0.38,0.633,33.0,0.14400000000000002,0.017000000000000015,0.397,1.6877637130801686,20.675105485232066,0.08163265306122448,0.2795031055900621,0.20885,379.6666666666667,0.1712962962962963,0.5329341317365269,0.236,51.0,6.0,24.0,117.0,237.0,216.0,33.0,11.0,1.0,33.0,0.253,0.38,4.0,0,1.0,,82.0,9,2,16.0,0.0,,20.5,19.939999999999998
1986,CL,横浜DeNAベイスターズ,21523860,小山　昭吉,A.Koyama,11.0,12.0,12.0,0.0,0.0,0.0,0.0,0.0,0.0,0.0,0.0,0,0.0,0.0,0.0,0,0.0,8.0,1.0,0.0,0.0,0.0,0.0,0.0,0.0,0.0,0.0,0.0,66.66666666666666,0.0,0.0,0.0,0.0,0.0,0.0,0.0,0.0,0.0,0.0,11.0,12.0,12.0,0.0,0.0,0.0,0.0,0.0,0.0,0.0,0,0.0,,0.0,0.0,0,0.0,0.0,,0.0,-1.1760000000000002
1986,CL,中日ドラゴンズ,21523861,栗岡　英智,H.Kurioka,55.0,51.0,47.0,12.0,11.0,2.0,0.0,0.0,13.0,1.0,6,2,1.0,0.0,3.0,0,0.0,14.0,0.0,0.234,0.28,0.277,0.557,9.0,0.04300000000000001,0.04600000000000001,0.323,5.88235294117647,27.450980392156865,0.21428571428571427,0.3333333333333333,0.19525000000000003,372.33333333333337,0.14893617021276595,0.5,0.234,11.0,0.0,1.0,55.0,51.0,47.0,9.0,2.0,0.0,12.0,0.28,0.277,3.0,0,0.0,,13.0,6,2,1.0,0.0,,3.64,3.762
1986,CL,東京ヤクルトスワローズ,21523863,玄岡　正充,M.Genoka,5.0,6.0,6.0,0.0,0.0,0.0,0.0,0.0,0.0,0.0,0.0,0,0.0,0.0,0.0,0,0.0,3.0,0.0,0.0,0.0,0.0,0.0,0.0,0.0,0.0,0.0,0.0,50.0,0.0,0.0,0.0,0.0,0.0,0.0,0.0,0.0,0.0,0.0,5.0,6.0,6.0,0.0,0.0,0.0,0.0,0.0,0.0,0.0,0,0.0,,0.0,0.0,0,0.0,0.0,,0.0,-0.5880000000000001
1986,CL,中日ドラゴンズ,21523867,桑田　茂,S.Kuwata,27.0,20.0,17.0,1.0,2.0,0.0,0.0,0.0,2.0,0.0,0.0,0,3.0,0.0,0.0,0,0.0,6.0,0.0,0.118,0.118,0.118,0.236,2.0,0.0,0.0,0.118,0.0,30.0,0.0,0.18181818181818182,0.0826,157.33333333333331,0.0,0.13333333333333333,0.118,2.0,0.0,0.0,27.0,20.0,17.0,2.0,0.0,0.0,1.0,0.118,0.118,0.0,0,0.0,,2.0,0.0,0,3.0,0.0,,0.23529411764705882,-0.47
1986,CL,阪神タイガース,21623860,和田　豊,Y.Wada,8.0,5.0,3.0,0.0,1.0,1.0,0.0,0.0,2.0,0.0,0.0,0,2.0,0.0,0.0,0,0.0,0.0,0.0,0.333,0.333,0.667,1.0,0.0,0.334,0.0,0.667,0.0,0.0,nan,0.3333333333333333,0.3166,555.3333333333334,0.3333333333333333,1.0,0.333,1.0,0.0,0.0,8.0,5.0,3.0,0.0,1.0,0.0,0.0,0.333,0.667,0.0,0,0.0,,2.0,0.0,0,2.0,0.0,,0.6666666666666666,0.524
1986,CL,東京ヤクルトスワローズ,21723845,杉浦　享,T.Sugiura,42.0,158.0,135.0,16.0,33.0,5.0,0.0,5.0,53.0,20.0,0,1,1.0,2.0,19.0,0,1.0,16.0,1.0,0.244,0.338,0.393,0.7310000000000001,23.0,0.14900000000000002,0.09400000000000003,0.487,12.025316455696203,10.126582278481013,1.1875,0.2413793103448276,0.25035,469.0,0.2962962962962963,0.7184466019417476,0.244,33.0,5.0,20.0,42.0,158.0,135.0,23.0,5.0,0.0,16.0,0.338,0.393,19.0,0,1.0,,53.0,0,1,1.0,2.0,,17.896103896103895,19.083999999999996
1986,CL,横浜DeNAベイスターズ,21723862,竹田　光訓,M.Takeda,32.0,3.0,2.0,0.0,0.0,0.0,0.0,0.0,0.0,0.0,0.0,0,1.0,0.0,0.0,0,0.0,0.0,0.0,0.0,0.0,0.0,0.0,0.0,0.0,0.0,0.0,0.0,0.0,nan,0.0,0.0,0.0,0.0,0.0,0.0,0.0,0.0,0.0,32.0,3.0,2.0,0.0,0.0,0.0,0.0,0.0,0.0,0.0,0,0.0,,0.0,0.0,0,1.0,0.0,,0.0,-0.196
1986,CL,中日ドラゴンズ,21723863,曽田　康二,Y.Sota,11.0,0.0,0.0,0.0,0.0,0.0,0.0,0.0,0.0,0.0,0.0,0,0.0,0.0,0.0,0,0.0,0.0,0.0,,,,0.0,0.0,0.0,0.0,,nan,nan,nan,nan,0.0,0.0,nan,nan,,0.0,0.0,0.0,11.0,0.0,0.0,0.0,0.0,0.0,0.0,,,0.0,0,0.0,,0.0,0.0,0,0.0,0.0,,nan,0.0
1986,CL,広島東洋カープ,21723867,白武　佳久,Y.Shiratake,30.0,35.0,33.0,1.0,5.0,2.0,0.0,0.0,7.0,3.0,0.0,0,2.0,0.0,0.0,0,0.0,12.0,0.0,0.152,0.152,0.212,0.364,3.0,0.06,0.0,0.212,0.0,34.285714285714285,0.0,0.23809523809523808,0.12140000000000001,222.66666666666669,0.06060606060606061,0.25,0.152,5.0,0.0,3.0,30.0,35.0,33.0,3.0,2.0,0.0,1.0,0.152,0.212,0.0,0,0.0,,7.0,0.0,0,2.0,0.0,,1.0606060606060606,0.19599999999999973
1986,CL,中日ドラゴンズ,21923848,都　裕次郎,Y.Miyako,23.0,5.0,5.0,0.0,2.0,0.0,0.0,0.0,2.0,0.0,0.0,0,0.0,0.0,0.0,0,0.0,1.0,0.0,0.4,0.4,0.4,0.8,2.0,0.0,0.0,0.4,0.0,20.0,0.0,0.5,0.28,533.3333333333334,0.0,0.6666666666666666,0.4,2.0,0.0,0.0,23.0,5.0,5.0,2.0,0.0,0.0,0.0,0.4,0.4,0.0,0,0.0,,2.0,0.0,0,0.0,0.0,,0.8,0.706
1986,CL,広島東洋カープ,21923861,長嶋　清幸,K.Nagashima,130.0,527.0,482.0,62.0,129.0,29.0,3.0,12.0,200.0,54.0,24,7,8.0,2.0,35.0,0,0.0,92.0,6.0,0.268,0.316,0.415,0.731,85.0,0.14699999999999996,0.04799999999999999,0.4629999999999999,6.641366223908918,17.4573055028463,0.3804347826086957,0.3078947368421053,0.24595,454.33333333333337,0.23443983402489627,0.6740947075208914,0.268,129.0,12.0,54.0,130.0,527.0,482.0,85.0,29.0,3.0,62.0,0.316,0.415,35.0,0,0.0,,200.0,24,7,8.0,2.0,,63.44294003868472,61.996
1986,CL,広島東洋カープ,21923862,長冨　浩志,H.Nagadomi,31.0,43.0,40.0,4.0,12.0,4.0,0.0,0.0,16.0,6.0,0.0,0,2.0,0.0,1.0,0,0.0,10.0,1.0,0.3,0.317,0.4,0.7170000000000001,8.0,0.10000000000000003,0.017000000000000015,0.417,2.3255813953488373,23.25581395348837,0.1,0.4,0.24265,450.33333333333337,0.125,0.5862068965517241,0.3,12.0,0.0,6.0,31.0,43.0,40.0,8.0,4.0,0.0,4.0,0.317,0.4,1.0,0,0.0,,16.0,0.0,0,2.0,0.0,,5.073170731707317,4.465999999999999
1986,CL,阪神タイガース,21923863,中田　良弘,Y.Nakada,7.0,4.0,4.0,0.0,0.0,0.0,0.0,0.0,0.0,0.0,0.0,0,0.0,0.0,0.0,0,0.0,1.0,0.0,0.0,0.0,0.0,0.0,0.0,0.0,0.0,0.0,0.0,25.0,0.0,0.0,0.0,0.0,0.0,0.0,0.0,0.0,0.0,0.0,7.0,4.0,4.0,0.0,0.0,0.0,0.0,0.0,0.0,0.0,0,0.0,,0.0,0.0,0,0.0,0.0,,0.0,-0.392
1986,CL,阪神タイガース,21923869,渡真利　克則,K.Tomari,8.0,10.0,9.0,1.0,1.0,0.0,0.0,0.0,1.0,0.0,0.0,0,0.0,0.0,1.0,0,0.0,4.0,1.0,0.111,0.2,0.111,0.311,1.0,0.0,0.08900000000000001,0.2,10.0,40.0,0.25,0.2,0.11775000000000001,237.00000000000003,0.1111111111111111,0.2222222222222222,0.111,1.0,0.0,0.0,8.0,10.0,9.0,1.0,0.0,0.0,1.0,0.2,0.111,1.0,0,0.0,,1.0,0.0,0,0.0,0.0,,0.2,0.04600000000000004
1986,CL,広島東洋カープ,31033846,山崎　隆造,R.Yamasaki,130.0,551.0,491.0,63.0,135.0,25.0,2.0,7.0,185.0,43.0,23,6,18.0,1.0,40.0,0,1.0,71.0,6.0,0.275,0.33,0.377,0.7070000000000001,101.0,0.10199999999999998,0.05499999999999999,0.432,7.259528130671507,12.885662431941924,0.5633802816901409,0.30917874396135264,0.24275000000000002,455.6666666666667,0.1955193482688391,0.6408839779005525,0.275,135.0,7.0,43.0,130.0,551.0,491.0,101.0,25.0,2.0,63.0,0.33,0.377,40.0,0,1.0,,185.0,23,6,18.0,1.0,,60.96986817325801,60.382
1986,CL,中日ドラゴンズ,31133844,宇野　勝,M.Uno,83.0,340.0,308.0,31.0,65.0,10.0,0.0,10.0,105.0,26.0,7,8,1.0,2.0,29.0,0,0.0,71.0,7.0,0.211,0.277,0.341,0.6180000000000001,45.0,0.13000000000000003,0.06600000000000003,0.407,8.529411764705882,20.88235294117647,0.4084507042253521,0.24017467248908297,0.20990000000000003,390.66666666666674,0.25,0.568,0.211,65.0,10.0,26.0,83.0,340.0,308.0,45.0,10.0,0.0,31.0,0.277,0.341,29.0,0,0.0,,105.0,7,8,1.0,2.0,,29.287833827893174,31.295999999999992
1986,CL,横浜DeNAベイスターズ,31133862,相川　英明,H.Aikawa,25.0,14.0,13.0,1.0,3.0,1.0,0.0,0.0,4.0,0.0,0.0,0,1.0,0.0,0.0,0,0.0,4.0,0.0,0.231,0.231,0.308,0.539,2.0,0.07699999999999999,0.0,0.308,0.0,28.57142857142857,0.0,0.3333333333333333,0.18095,333.6666666666667,0.07692307692307693,0.4,0.231,3.0,0.0,0.0,25.0,14.0,13.0,2.0,1.0,0.0,1.0,0.231,0.308,0.0,0,0.0,,4.0,0.0,0,1.0,0.0,,0.9230769230769231,0.74
1986,CL,中日ドラゴンズ,31233860,彦野　利勝,T.Hikono,19.0,23.0,21.0,4.0,5.0,0.0,0.0,0.0,5.0,2.0,1,0,0.0,0.0,2.0,0,0.0,4.0,0.0,0.238,0.304,0.238,0.542,5.0,0.0,0.066,0.304,8.695652173913043,17.391304347826086,0.5,0.29411764705882354,0.1963,383.3333333333333,0.09523809523809523,0.4375,0.238,5.0,0.0,2.0,19.0,23.0,21.0,5.0,0.0,0.0,4.0,0.304,0.238,2.0,0,0.0,,5.0,1,0,0.0,0.0,,1.5217391304347827,1.592
1986,CL,横浜DeNAベイスターズ,31233862,C.ポンセ,C.Ponce,128.0,526.0,469.0,79.0,151.0,29.0,4.0,27.0,269.0,105.0,18,12,0.0,7.0,45.0,0,5.0,64.0,9.0,0.322,0.382,0.574,0.956,91.0,0.25199999999999995,0.06,0.6339999999999999,8.555133079847907,12.167300380228136,0.703125,0.3220779220779221,0.3154,573.3333333333334,0.373134328358209,1.0122324159021407,0.322,151.0,27.0,105.0,128.0,526.0,469.0,91.0,29.0,4.0,79.0,0.382,0.574,45.0,0,5.0,,269.0,18,12,0.0,7.0,,102.57587548638132,96.91599999999998
1986,CL,阪神タイガース,31233867,服部　浩一,K.Hattori,17.0,2.0,2.0,3.0,0.0,0.0,0.0,0.0,0.0,0.0,0.0,0,0.0,0.0,0.0,0,0.0,1.0,0.0,0.0,0.0,0.0,0.0,0.0,0.0,0.0,0.0,0.0,50.0,0.0,0.0,0.0,0.0,0.0,0.0,0.0,0.0,0.0,0.0,17.0,2.0,2.0,0.0,0.0,0.0,3.0,0.0,0.0,0.0,0,0.0,,0.0,0.0,0,0.0,0.0,,0.0,-0.196
1986,CL,読売ジャイアンツ,31333845,加藤　初,H.Katou,26.0,53.0,48.0,5.0,7.0,1.0,0.0,1.0,11.0,3.0,0.0,0,3.0,0.0,2.0,0,0.0,14.0,2.0,0.146,0.18,0.229,0.40900000000000003,5.0,0.08300000000000002,0.034,0.263,3.7735849056603774,26.41509433962264,0.14285714285714285,0.18181818181818182,0.13825,256.3333333333333,0.125,0.3023255813953488,0.146,7.0,1.0,3.0,26.0,53.0,48.0,5.0,1.0,0.0,5.0,0.18,0.229,2.0,0,0.0,,11.0,0.0,0,3.0,0.0,,1.98,1.3020000000000005
1986,CL,東京ヤクルトスワローズ,31333846,尾花　高夫,T.Obana,34.0,72.0,64.0,3.0,11.0,1.0,0.0,0.0,12.0,1.0,0.0,0,6.0,0.0,2.0,0,0.0,29.0,1.0,0.172,0.197,0.188,0.385,10.0,0.016000000000000014,0.025000000000000022,0.213,2.7777777777777777,40.27777777777778,0.06896551724137931,0.3142857142857143,0.13565,259.66666666666663,0.046875,0.25925925925925924,0.172,11.0,0.0,1.0,34.0,72.0,64.0,10.0,1.0,0.0,3.0,0.197,0.188,2.0,0,0.0,,12.0,0.0,0,6.0,0.0,,2.3636363636363638,1.186
1986,CL,阪神タイガース,31333860,大野　久,H.Oono,24.0,13.0,13.0,4.0,2.0,0.0,0.0,1.0,5.0,1.0,1.0,1,0.0,0.0,0.0,0,0.0,6.0,0.0,0.154,0.154,0.385,0.539,1.0,0.231,0.0,0.385,0.0,46.15384615384615,0.0,0.16666666666666666,0.16555,282.3333333333333,0.3076923076923077,0.5454545454545454,0.154,2.0,1.0,1.0,24.0,13.0,13.0,1.0,0.0,0.0,4.0,0.154,0.385,0.0,0,0.0,,5.0,1.0,1,0.0,0.0,,0.7692307692307693,1.042
1986,CL,阪神タイガース,31333861,岡田　彰布,A.Okada,129.0,551.0,474.0,67.0,127.0,21.0,0.0,26.0,226.0,70.0,11,3,0.0,4.0,70.0,0,3.0,57.0,14.0,0.268,0.363,0.477,0.84,80.0,0.20899999999999996,0.09499999999999997,0.572,12.704174228675136,10.344827586206897,1.2280701754385965,0.25569620253164554,0.28259999999999996,522.0,0.3628691983122363,0.8365650969529086,0.268,127.0,26.0,70.0,129.0,551.0,474.0,80.0,21.0,0.0,67.0,0.363,0.477,70.0,0,3.0,,226.0,11,3,0.0,4.0,,81.84191176470588,83.18400000000001
1986,CL,横浜DeNAベイスターズ,31333863,市川　和正,K.Ichikawa,33.0,36.0,34.0,3.0,5.0,2.0,0.0,0.0,7.0,1.0,0.0,0,1.0,0.0,1.0,0,0.0,6.0,0.0,0.147,0.171,0.206,0.377,3.0,0.059,0.02400000000000002,0.23,2.7777777777777777,16.666666666666664,0.16666666666666666,0.17857142857142858,0.12845,239.66666666666669,0.08823529411764706,0.27586206896551724,0.147,5.0,0.0,1.0,33.0,36.0,34.0,3.0,2.0,0.0,3.0,0.171,0.206,1.0,0,0.0,,7.0,0.0,0,1.0,0.0,,1.2,0.42799999999999994
1986,CL,中日ドラゴンズ,31333865,尾上　旭,A.Onoue,70.0,110.0,96.0,8.0,17.0,1.0,0.0,1.0,21.0,5.0,1,2,6.0,1.0,5.0,0,2.0,14.0,2.0,0.177,0.231,0.219,0.45,15.0,0.04200000000000001,0.05400000000000002,0.273,4.545454545454546,12.727272727272727,0.35714285714285715,0.1951219512195122,0.1587,304.0,0.11458333333333333,0.37037037037037035,0.177,17.0,1.0,5.0,70.0,110.0,96.0,15.0,1.0,0.0,8.0,0.231,0.219,5.0,0,2.0,,21.0,1,2,6.0,1.0,,4.574257425742574,4.588
1986,CL,読売ジャイアンツ,31433862,山崎　章弘,A.Yamasaki,15.0,15.0,15.0,1.0,6.0,1.0,0.0,0.0,7.0,1.0,0.0,0,0.0,0.0,0.0,0,0.0,3.0,1.0,0.4,0.4,0.467,0.867,5.0,0.067,0.0,0.467,0.0,20.0,0.0,0.5,0.29675,555.6666666666667,0.06666666666666667,0.7,0.4,6.0,0.0,1.0,15.0,15.0,15.0,5.0,1.0,0.0,1.0,0.4,0.467,0.0,0,0.0,,7.0,0.0,0,0.0,0.0,,2.8,2.3379999999999996
1986,CL,読売ジャイアンツ,31433867,槙原　寛己,H.Makihara,24.0,40.0,36.0,3.0,5.0,1.0,0.0,0.0,6.0,4.0,0.0,0,2.0,0.0,2.0,0,0.0,15.0,2.0,0.139,0.184,0.167,0.351,4.0,0.027999999999999997,0.044999999999999984,0.212,5.0,37.5,0.13333333333333333,0.23809523809523808,0.12455,239.66666666666666,0.08333333333333333,0.24242424242424243,0.139,5.0,0.0,4.0,24.0,40.0,36.0,4.0,1.0,0.0,3.0,0.184,0.167,2.0,0,0.0,,6.0,0.0,0,2.0,0.0,,1.105263157894737,0.34199999999999964
1986,CL,中日ドラゴンズ,31533846,小松　辰雄,T.Komatsu,24.0,47.0,41.0,1.0,11.0,2.0,0.0,0.0,13.0,5.0,0.0,0,5.0,0.0,1.0,0,0.0,10.0,1.0,0.268,0.286,0.317,0.603,9.0,0.04899999999999999,0.01799999999999996,0.3349999999999999,2.127659574468085,21.27659574468085,0.1,0.3548387096774194,0.20794999999999997,391.6666666666667,0.07317073170731707,0.45161290322580644,0.268,11.0,0.0,5.0,24.0,47.0,41.0,9.0,2.0,0.0,1.0,0.286,0.317,1.0,0,0.0,,13.0,0.0,0,5.0,0.0,,3.7142857142857144,3.3299999999999996
1986,CL,東京ヤクルトスワローズ,31533865,君波　威嘉,T.Kiminami,34.0,42.0,41.0,3.0,10.0,0.0,0.0,2.0,16.0,3.0,0.0,0,0.0,0.0,1.0,0,0.0,9.0,0.0,0.244,0.262,0.39,0.652,8.0,0.14600000000000002,0.018000000000000016,0.408,2.380952380952381,21.428571428571427,0.1111111111111111,0.26666666666666666,0.2154,392.0,0.17073170731707318,0.5483870967741935,0.244,10.0,2.0,3.0,34.0,42.0,41.0,8.0,0.0,0.0,3.0,0.262,0.39,1.0,0,0.0,,16.0,0.0,0,0.0,0.0,,4.190476190476191,4.172
1986,CL,読売ジャイアンツ,31533869,W.クロマティ,W.Cromartie,124.0,524.0,471.0,99.0,171.0,29.0,3.0,37.0,317.0,98.0,6,3,0.0,3.0,43.0,0,7.0,58.0,14.0,0.363,0.422,0.673,1.095,102.0,0.31000000000000005,0.059,0.732,8.206106870229007,11.068702290076336,0.7413793103448276,0.35356200527704484,0.35814999999999997,646.3333333333334,0.40764331210191085,1.178343949044586,0.363,171.0,37.0,98.0,124.0,524.0,471.0,102.0,29.0,3.0,99.0,0.422,0.673,43.0,0,7.0,,317.0,6,3,0.0,3.0,,131.98054474708172,115.91999999999999
1986,CL,中日ドラゴンズ,31633841,谷沢　健一,K.Yazawa,94.0,241.0,220.0,22.0,60.0,11.0,1.0,13.0,112.0,35.0,0.0,0,2.0,1.0,17.0,0,1.0,28.0,5.0,0.273,0.326,0.509,0.835,35.0,0.236,0.05299999999999999,0.562,7.053941908713693,11.618257261410788,0.6071428571428571,0.2611111111111111,0.27395,495.6666666666667,0.31363636363636366,0.7878787878787878,0.273,60.0,13.0,35.0,94.0,241.0,220.0,35.0,11.0,1.0,22.0,0.326,0.509,17.0,0,1.0,,112.0,0.0,0,2.0,1.0,,36.38818565400844,35.44
1986,CL,東京ヤクルトスワローズ,31733846,鳥原　公二,K.Torihara,1.0,1.0,1.0,0.0,1.0,0.0,0.0,0.0,1.0,0.0,1,0,0.0,0.0,0.0,0,0.0,0.0,0.0,1.0,1.0,1.0,2.0,1.0,0.0,0.0,1.0,0.0,0.0,nan,1.0,0.7,1333.3333333333333,0.0,nan,1.0,1.0,0.0,0.0,1.0,1.0,1.0,1.0,0.0,0.0,0.0,1.0,1.0,0.0,0,0.0,,1.0,1,0,0.0,0.0,,1.0,0.5
1986,CL,阪神タイガース,31733860,佐藤　秀明,H.Satou,46.0,4.0,4.0,0.0,1.0,0.0,0.0,0.0,1.0,0.0,0.0,0,0.0,0.0,0.0,0,0.0,2.0,0.0,0.25,0.25,0.25,0.5,1.0,0.0,0.0,0.25,0.0,50.0,0.0,0.5,0.175,333.3333333333333,0.0,0.3333333333333333,0.25,1.0,0.0,0.0,46.0,4.0,4.0,1.0,0.0,0.0,0.0,0.25,0.25,0.0,0,0.0,,1.0,0.0,0,0.0,0.0,,0.25,0.20599999999999996
1986,CL,広島東洋カープ,31733867,定岡　徹久,T.Sadaoka,8.0,2.0,2.0,0.0,1.0,0.0,0.0,0.0,1.0,2.0,1,0,0.0,0.0,0.0,0,0.0,0.0,0.0,0.5,0.5,0.5,1.0,1.0,0.0,0.0,0.5,0.0,0.0,nan,0.5,0.35,666.6666666666666,0.0,1.0,0.5,1.0,0.0,2.0,8.0,2.0,2.0,1.0,0.0,0.0,0.0,0.5,0.5,0.0,0,0.0,,1.0,1,0,0.0,0.0,,0.5,0.402
1986,CL,広島東洋カープ,31933867,田中　和博,K.Tanaka,1.0,0.0,0.0,0.0,0.0,0.0,0.0,0.0,0.0,0.0,0.0,0,0.0,0.0,0.0,0,0.0,0.0,0.0,,,,0.0,0.0,0.0,0.0,,nan,nan,nan,nan,0.0,0.0,nan,nan,,0.0,0.0,0.0,1.0,0.0,0.0,0.0,0.0,0.0,0.0,,,0.0,0,0.0,,0.0,0.0,0,0.0,0.0,,nan,0.0
1986,CL,横浜DeNAベイスターズ,41043849,山下　大輔,D.Yamashita,118.0,381.0,343.0,31.0,91.0,14.0,0.0,7.0,126.0,33.0,9,2,10.0,4.0,22.0,0,2.0,52.0,3.0,0.265,0.31,0.367,0.677,70.0,0.10199999999999998,0.044999999999999984,0.412,5.774278215223097,13.648293963254593,0.4230769230769231,0.2916666666666667,0.23125,432.33333333333337,0.17201166180758018,0.596078431372549,0.265,91.0,7.0,33.0,118.0,381.0,343.0,70.0,14.0,0.0,31.0,0.31,0.367,22.0,0,2.0,,126.0,9,2,10.0,4.0,,39.00821917808219,38.744
1986,CL,中日ドラゴンズ,41043863,平野　謙,K.Hirano,130.0,576.0,541.0,56.0,146.0,15.0,1.0,11.0,196.0,44.0,48,21,6.0,0.0,27.0,0,2.0,58.0,6.0,0.27,0.307,0.362,0.669,119.0,0.09199999999999997,0.03699999999999998,0.3989999999999999,4.6875,10.069444444444445,0.46551724137931033,0.2860169491525424,0.22865,427.66666666666663,0.18114602587800369,0.6134663341645885,0.27,146.0,11.0,44.0,130.0,576.0,541.0,119.0,15.0,1.0,56.0,0.307,0.362,27.0,0,2.0,,196.0,48,21,6.0,0.0,,59.69718309859155,61.82
1986,CL,中日ドラゴンズ,41143861,大石　友好,T.Ooishi,54.0,96.0,88.0,2.0,15.0,4.0,0.0,0.0,19.0,4.0,0.0,0,2.0,0.0,4.0,0,2.0,19.0,0.0,0.17,0.223,0.216,0.439,11.0,0.045999999999999985,0.05299999999999999,0.269,4.166666666666666,19.791666666666664,0.21052631578947367,0.21739130434782608,0.15435000000000001,295.0,0.09090909090909091,0.3424657534246575,0.17,15.0,0.0,4.0,54.0,96.0,88.0,11.0,4.0,0.0,2.0,0.223,0.216,4.0,0,2.0,,19.0,0.0,0,2.0,0.0,,3.9239130434782608,3.2059999999999995
1986,CL,東京ヤクルトスワローズ,41343844,酒井　圭一,K.Sakai,2.0,0.0,0.0,0.0,0.0,0.0,0.0,0.0,0.0,0.0,0.0,0,0.0,0.0,0.0,0,0.0,0.0,0.0,,,,0.0,0.0,0.0,0.0,,nan,nan,nan,nan,0.0,0.0,nan,nan,,0.0,0.0,0.0,2.0,0.0,0.0,0.0,0.0,0.0,0.0,,,0.0,0,0.0,,0.0,0.0,0,0.0,0.0,,nan,0.0
1986,CL,阪神タイガース,41343846,工藤　一彦,K.Kudou,38.0,17.0,16.0,0.0,4.0,0.0,0.0,0.0,4.0,1.0,0.0,0,1.0,0.0,0.0,0,0.0,5.0,0.0,0.25,0.25,0.25,0.5,4.0,0.0,0.0,0.25,0.0,29.411764705882355,0.0,0.36363636363636365,0.175,333.3333333333333,0.0,0.3333333333333333,0.25,4.0,0.0,1.0,38.0,17.0,16.0,4.0,0.0,0.0,0.0,0.25,0.25,0.0,0,0.0,,4.0,0.0,0,1.0,0.0,,1.0,0.8239999999999998
1986,CL,阪神タイガース,41343847,柏原　純一,J.Kashiwabara,107.0,345.0,310.0,49.0,97.0,20.0,1.0,17.0,170.0,46.0,3,2,0.0,2.0,31.0,0,2.0,49.0,11.0,0.313,0.377,0.548,0.925,59.0,0.23500000000000004,0.064,0.6120000000000001,8.985507246376812,14.202898550724639,0.6326530612244898,0.3252032520325203,0.30665,559.6666666666666,0.3419354838709677,0.9151785714285714,0.313,97.0,17.0,46.0,107.0,345.0,310.0,59.0,20.0,1.0,49.0,0.377,0.548,31.0,0,2.0,,170.0,3,2,0.0,2.0,,63.81231671554252,59.796
1986,CL,広島東洋カープ,41343869,川端　順,J.Kawabata,32.0,13.0,10.0,1.0,4.0,1.0,0.0,0.0,5.0,2.0,0.0,0,2.0,0.0,1.0,0,0.0,2.0,0.0,0.4,0.455,0.5,0.9550000000000001,3.0,0.09999999999999998,0.05499999999999999,0.5549999999999999,7.6923076923076925,15.384615384615385,0.5,0.5,0.32975,621.6666666666667,0.2,1.0,0.4,4.0,0.0,2.0,32.0,13.0,10.0,3.0,1.0,0.0,1.0,0.455,0.5,1.0,0,0.0,,5.0,0.0,0,2.0,0.0,,2.272727272727273,1.9619999999999997
1986,CL,読売ジャイアンツ,41443860,宮本　和知,K.Miyamoto,22.0,14.0,13.0,0.0,0.0,0.0,0.0,0.0,0.0,0.0,0.0,0,1.0,0.0,0.0,0,0.0,4.0,0.0,0.0,0.0,0.0,0.0,0.0,0.0,0.0,0.0,0.0,28.57142857142857,0.0,0.0,0.0,0.0,0.0,0.0,0.0,0.0,0.0,0.0,22.0,14.0,13.0,0.0,0.0,0.0,0.0,0.0,0.0,0.0,0,0.0,,0.0,0.0,0,1.0,0.0,,0.0,-1.274
1986,CL,東京ヤクルトスワローズ,41443862,乱橋　幸仁,Y.Ranbashi,7.0,0.0,0.0,0.0,0.0,0.0,0.0,0.0,0.0,0.0,0.0,0,0.0,0.0,0.0,0,0.0,0.0,0.0,,,,0.0,0.0,0.0,0.0,,nan,nan,nan,nan,0.0,0.0,nan,nan,,0.0,0.0,0.0,7.0,0.0,0.0,0.0,0.0,0.0,0.0,,,0.0,0,0.0,,0.0,0.0,0,0.0,0.0,,nan,0.0
1986,CL,中日ドラゴンズ,41543847,鈴木　孝政,T.Suzuki,26.0,57.0,47.0,2.0,7.0,1.0,0.0,0.0,8.0,2.0,0.0,0,8.0,0.0,2.0,0,0.0,15.0,0.0,0.149,0.184,0.17,0.354,6.0,0.02100000000000002,0.035,0.205,3.508771929824561,26.31578947368421,0.13333333333333333,0.21875,0.1253,240.66666666666666,0.06382978723404255,0.25,0.149,7.0,0.0,2.0,26.0,57.0,47.0,6.0,1.0,0.0,2.0,0.184,0.17,2.0,0,0.0,,8.0,0.0,0,8.0,0.0,,1.469387755102041,0.45999999999999996
1986,CL,横浜DeNAベイスターズ,41743846,平田　薫,K.Hirata,86.0,214.0,202.0,22.0,51.0,8.0,0.0,7.0,80.0,31.0,2,1,0.0,0.0,10.0,0,2.0,32.0,5.0,0.252,0.294,0.396,0.69,36.0,0.14400000000000002,0.04199999999999998,0.438,4.672897196261682,14.953271028037381,0.3125,0.26993865030674846,0.2313,426.0,0.19801980198019803,0.5961538461538461,0.252,51.0,7.0,31.0,86.0,214.0,202.0,36.0,8.0,0.0,22.0,0.294,0.396,10.0,0,2.0,,80.0,2,1,0.0,0.0,,23.0188679245283,23.181999999999995
1986,CL,阪神タイガース,41743847,永尾　泰憲,Y.Nagao,80.0,87.0,80.0,7.0,24.0,1.0,1.0,1.0,30.0,12.0,0.0,0,0.0,1.0,4.0,0,2.0,10.0,1.0,0.3,0.345,0.375,0.72,21.0,0.07500000000000001,0.044999999999999984,0.42,4.597701149425287,11.494252873563218,0.4,0.32857142857142857,0.249,470.0,0.125,0.631578947368421,0.3,24.0,1.0,12.0,80.0,87.0,80.0,21.0,1.0,1.0,7.0,0.345,0.375,4.0,0,2.0,,30.0,0.0,0,0.0,1.0,,10.0,10.192
1986,CL,阪神タイガース,41743848,福間　納,O.Fukuma,6.0,5.0,5.0,0.0,0.0,0.0,0.0,0.0,0.0,0.0,0.0,0,0.0,0.0,0.0,0,0.0,3.0,0.0,0.0,0.0,0.0,0.0,0.0,0.0,0.0,0.0,0.0,60.0,0.0,0.0,0.0,0.0,0.0,0.0,0.0,0.0,0.0,0.0,6.0,5.0,5.0,0.0,0.0,0.0,0.0,0.0,0.0,0.0,0,0.0,,0.0,0.0,0,0.0,0.0,,0.0,-0.49
1986,CL,広島東洋カープ,41743865,津田　恒実,T.Tsuda,49.0,15.0,14.0,0.0,4.0,1.0,0.0,0.0,5.0,1.0,0.0,0,1.0,0.0,0.0,0,0.0,6.0,0.0,0.286,0.286,0.357,0.643,3.0,0.07100000000000001,0.0,0.357,0.0,40.0,0.0,0.5,0.21794999999999998,404.99999999999994,0.07142857142857142,0.5,0.286,4.0,0.0,1.0,49.0,15.0,14.0,3.0,1.0,0.0,0.0,0.286,0.357,0.0,0,0.0,,5.0,0.0,0,1.0,0.0,,1.4285714285714286,1.2399999999999998
1986,CL,中日ドラゴンズ,41943849,藤波　行雄,Y.Fujinami,57.0,51.0,48.0,2.0,9.0,1.0,1.0,0.0,12.0,1.0,0.0,0,2.0,0.0,1.0,0,0.0,10.0,0.0,0.188,0.204,0.25,0.45399999999999996,7.0,0.062,0.015999999999999986,0.266,1.9607843137254901,19.607843137254903,0.1,0.23684210526315788,0.1543,287.3333333333333,0.08333333333333333,0.3333333333333333,0.188,9.0,0.0,1.0,57.0,51.0,48.0,7.0,1.0,1.0,2.0,0.204,0.25,1.0,0,0.0,,12.0,0.0,0,2.0,0.0,,2.4489795918367347,1.7679999999999998
1986,CL,阪神タイガース,41943865,福家　雅明,M.Fukuya,12.0,1.0,1.0,0.0,0.0,0.0,0.0,0.0,0.0,0.0,0.0,0,0.0,0.0,0.0,0,0.0,1.0,0.0,0.0,0.0,0.0,0.0,0.0,0.0,0.0,0.0,0.0,100.0,0.0,nan,0.0,0.0,0.0,0.0,0.0,0.0,0.0,0.0,12.0,1.0,1.0,0.0,0.0,0.0,0.0,0.0,0.0,0.0,0,0.0,,0.0,0.0,0,0.0,0.0,,0.0,-0.098
1986,CL,広島東洋カープ,51053844,山根　和夫,K.Yamane,1.0,1.0,1.0,0.0,0.0,0.0,0.0,0.0,0.0,0.0,0.0,0,0.0,0.0,0.0,0,0.0,1.0,0.0,0.0,0.0,0.0,0.0,0.0,0.0,0.0,0.0,0.0,100.0,0.0,nan,0.0,0.0,0.0,0.0,0.0,0.0,0.0,0.0,1.0,1.0,1.0,0.0,0.0,0.0,0.0,0.0,0.0,0.0,0,0.0,,0.0,0.0,0,0.0,0.0,,0.0,-0.098
1986,CL,広島東洋カープ,51053863,原　伸樹,S.Hara,32.0,31.0,28.0,1.0,5.0,2.0,0.0,0.0,7.0,0.0,0.0,0,0.0,0.0,3.0,0,0.0,7.0,1.0,0.179,0.258,0.25,0.508,3.0,0.07100000000000001,0.07900000000000001,0.329,9.67741935483871,22.58064516129032,0.42857142857142855,0.23809523809523808,0.1786,341.3333333333333,0.17857142857142858,0.4166666666666667,0.179,5.0,0.0,0.0,32.0,31.0,28.0,3.0,2.0,0.0,1.0,0.258,0.25,3.0,0,0.0,,7.0,0.0,0,0.0,0.0,,1.8064516129032258,1.6759999999999997
1986,CL,東京ヤクルトスワローズ,51053865,宮本　賢治,K.Miyamoto,34.0,22.0,20.0,1.0,4.0,1.0,0.0,0.0,5.0,2.0,0.0,0,1.0,0.0,1.0,0,0.0,8.0,0.0,0.2,0.238,0.25,0.488,3.0,0.04999999999999999,0.03799999999999998,0.288,4.545454545454546,36.36363636363637,0.125,0.3333333333333333,0.1696,321.3333333333333,0.1,0.375,0.2,4.0,0.0,2.0,34.0,22.0,20.0,3.0,1.0,0.0,1.0,0.238,0.25,1.0,0,0.0,,5.0,0.0,0,1.0,0.0,,1.1904761904761905,0.9819999999999998
1986,CL,東京ヤクルトスワローズ,51053867,中本　茂樹,S.Nakamoto,45.0,3.0,2.0,0.0,0.0,0.0,0.0,0.0,0.0,0.0,0.0,0,1.0,0.0,0.0,0,0.0,1.0,0.0,0.0,0.0,0.0,0.0,0.0,0.0,0.0,0.0,0.0,33.33333333333333,0.0,0.0,0.0,0.0,0.0,0.0,0.0,0.0,0.0,0.0,45.0,3.0,2.0,0.0,0.0,0.0,0.0,0.0,0.0,0.0,0,0.0,,0.0,0.0,0,1.0,0.0,,0.0,-0.196
1986,CL,東京ヤクルトスワローズ,51153846,芦沢　優,M.Ashizawa,31.0,56.0,50.0,3.0,10.0,1.0,0.0,0.0,11.0,1.0,0.0,0,3.0,0.0,3.0,0,0.0,11.0,1.0,0.2,0.245,0.22,0.46499999999999997,9.0,0.01999999999999999,0.044999999999999984,0.265,5.357142857142857,19.642857142857142,0.2727272727272727,0.2564102564102564,0.16525,318.33333333333337,0.08,0.34146341463414637,0.2,10.0,0.0,1.0,31.0,56.0,50.0,9.0,1.0,0.0,3.0,0.245,0.22,3.0,0,0.0,,11.0,0.0,0,3.0,0.0,,2.69811320754717,2.29
1986,CL,東京ヤクルトスワローズ,51153860,阿井　英二郎,E.Ai,44.0,24.0,22.0,1.0,4.0,0.0,0.0,0.0,4.0,1.0,0.0,0,2.0,0.0,0.0,0,0.0,4.0,0.0,0.182,0.182,0.182,0.364,4.0,0.0,0.0,0.182,0.0,16.666666666666664,0.0,0.2222222222222222,0.1274,242.66666666666666,0.0,0.2222222222222222,0.182,4.0,0.0,1.0,44.0,24.0,22.0,4.0,0.0,0.0,1.0,0.182,0.182,0.0,0,0.0,,4.0,0.0,0,2.0,0.0,,0.7272727272727273,0.236
1986,CL,東京ヤクルトスワローズ,51153862,荒井　幸雄,Y.Arai,12.0,21.0,21.0,1.0,6.0,2.0,0.0,0.0,8.0,2.0,0.0,0,0.0,0.0,0.0,0,0.0,5.0,1.0,0.286,0.286,0.381,0.667,4.0,0.09500000000000003,0.0,0.381,0.0,23.809523809523807,0.0,0.375,0.22394999999999998,413.0,0.09523809523809523,0.5,0.286,6.0,0.0,2.0,12.0,21.0,21.0,4.0,2.0,0.0,1.0,0.286,0.381,0.0,0,0.0,,8.0,0.0,0,0.0,0.0,,2.2857142857142856,1.97
1986,CL,中日ドラゴンズ,51153865,有賀　佳弘,Y.Ariga,20.0,9.0,8.0,1.0,1.0,0.0,0.0,0.0,1.0,0.0,0.0,0,0.0,0.0,1.0,0,0.0,5.0,0.0,0.125,0.222,0.125,0.347,1.0,0.0,0.097,0.222,11.11111111111111,55.55555555555556,0.2,0.3333333333333333,0.13115,263.6666666666667,0.125,0.2857142857142857,0.125,1.0,0.0,0.0,20.0,9.0,8.0,1.0,0.0,0.0,1.0,0.222,0.125,1.0,0,0.0,,1.0,0.0,0,0.0,0.0,,0.2222222222222222,0.14400000000000002
1986,CL,広島東洋カープ,51153869,阿部　慶二,K.Abe,16.0,14.0,12.0,0.0,1.0,0.0,0.0,0.0,1.0,1.0,1,0,0.0,0.0,2.0,0,0.0,5.0,0.0,0.083,0.214,0.083,0.297,1.0,0.0,0.131,0.214,14.285714285714285,35.714285714285715,0.4,0.14285714285714285,0.11705,241.66666666666666,0.16666666666666666,0.2727272727272727,0.083,1.0,0.0,1.0,16.0,14.0,12.0,1.0,0.0,0.0,0.0,0.214,0.083,2.0,0,0.0,,1.0,1,0,0.0,0.0,,0.21428571428571427,0.08200000000000007
1986,CL,横浜DeNAベイスターズ,51253849,若菜　嘉晴,Y.Wakana,122.0,404.0,372.0,29.0,107.0,14.0,1.0,4.0,135.0,29.0,3,5,8.0,1.0,22.0,0,1.0,41.0,10.0,0.288,0.328,0.363,0.6910000000000001,88.0,0.07500000000000001,0.040000000000000036,0.403,5.445544554455446,10.14851485148515,0.5365853658536586,0.31402439024390244,0.23835,449.0,0.1478494623655914,0.5927272727272728,0.288,107.0,4.0,29.0,122.0,404.0,372.0,88.0,14.0,1.0,29.0,0.328,0.363,22.0,0,1.0,,135.0,3,5,8.0,1.0,,44.2005076142132,43.400000000000006
1986,CL,読売ジャイアンツ,51253865,吉村　禎章,S.Yoshimura,128.0,534.0,474.0,84.0,148.0,25.0,6.0,23.0,254.0,72.0,10,4,7.0,5.0,41.0,0,7.0,68.0,8.0,0.312,0.372,0.536,0.908,94.0,0.22400000000000003,0.06,0.5960000000000001,7.677902621722846,12.734082397003746,0.6029411764705882,0.32216494845360827,0.3014,550.6666666666666,0.31856540084388185,0.9161676646706587,0.312,148.0,23.0,72.0,128.0,534.0,474.0,94.0,25.0,6.0,84.0,0.372,0.536,41.0,0,7.0,,254.0,10,4,7.0,5.0,,93.21553398058252,88.97199999999998
1986,CL,横浜DeNAベイスターズ,51353845,加藤　博一,H.Katou,75.0,299.0,268.0,33.0,85.0,8.0,5.0,3.0,112.0,30.0,22,8,15.0,1.0,13.0,0,2.0,43.0,1.0,0.317,0.352,0.418,0.77,69.0,0.10099999999999998,0.034999999999999976,0.4529999999999999,4.3478260869565215,14.381270903010032,0.3023255813953488,0.36771300448430494,0.26289999999999997,491.3333333333333,0.1791044776119403,0.7336956521739131,0.317,85.0,3.0,30.0,75.0,299.0,268.0,69.0,8.0,5.0,33.0,0.352,0.418,13.0,0,2.0,,112.0,22,8,15.0,1.0,,39.06049822064057,38.236000000000004
1986,CL,広島東洋カープ,51353861,長内　孝,T.Osanai,118.0,485.0,421.0,58.0,107.0,25.0,3.0,19.0,195.0,58.0,5,1,3.0,2.0,54.0,0,5.0,105.0,7.0,0.254,0.344,0.463,0.8069999999999999,60.0,0.20900000000000002,0.08999999999999997,0.5529999999999999,11.134020618556702,21.649484536082475,0.5142857142857142,0.29431438127090304,0.27055,498.3333333333333,0.33966745843230406,0.794392523364486,0.254,107.0,19.0,58.0,118.0,485.0,421.0,60.0,25.0,3.0,58.0,0.344,0.463,54.0,0,5.0,,195.0,5,1,3.0,2.0,,66.09473684210526,67.35799999999999
1986,CL,読売ジャイアンツ,51353865,岡崎　郁,K.Okazaki,92.0,314.0,281.0,33.0,83.0,10.0,3.0,6.0,117.0,37.0,0.0,0,11.0,4.0,18.0,0,0.0,34.0,7.0,0.295,0.333,0.416,0.749,64.0,0.121,0.038000000000000034,0.454,5.7324840764331215,10.828025477707007,0.5294117647058824,0.3142857142857143,0.25385,471.6666666666667,0.18505338078291814,0.6585365853658537,0.295,83.0,6.0,37.0,92.0,314.0,281.0,64.0,10.0,3.0,33.0,0.333,0.416,18.0,0,0.0,,117.0,0.0,0,11.0,4.0,,39.52173913043478,37.495999999999995
1986,CL,広島東洋カープ,51453863,山本　和男,K.Yamamoto,3.0,0.0,0.0,0.0,0.0,0.0,0.0,0.0,0.0,0.0,0.0,0,0.0,0.0,0.0,0,0.0,0.0,0.0,,,,0.0,0.0,0.0,0.0,,nan,nan,nan,nan,0.0,0.0,nan,nan,,0.0,0.0,0.0,3.0,0.0,0.0,0.0,0.0,0.0,0.0,,,0.0,0,0.0,,0.0,0.0,0,0.0,0.0,,nan,0.0
1986,CL,東京ヤクルトスワローズ,51553842,角　富士夫,F.Sumi,80.0,288.0,248.0,29.0,70.0,9.0,3.0,6.0,103.0,29.0,1.0,1,19.0,2.0,18.0,0,1.0,27.0,6.0,0.282,0.331,0.415,0.746,52.0,0.133,0.049000000000000044,0.464,6.25,9.375,0.6666666666666666,0.29493087557603687,0.2527,469.33333333333337,0.20967741935483872,0.6684782608695652,0.282,70.0,6.0,29.0,80.0,288.0,248.0,52.0,9.0,3.0,29.0,0.331,0.415,18.0,0,1.0,,103.0,1.0,1,19.0,2.0,,34.07518796992481,33.245999999999995
1986,CL,中日ドラゴンズ,51553862,ゲーリー,G.Rajsich,129.0,525.0,486.0,58.0,122.0,12.0,2.0,36.0,246.0,82.0,2,5,0.0,3.0,30.0,0,6.0,105.0,7.0,0.251,0.301,0.506,0.8069999999999999,72.0,0.255,0.04999999999999999,0.556,5.714285714285714,20.0,0.2857142857142857,0.2471264367816092,0.26195,469.6666666666667,0.3271604938271605,0.7735849056603774,0.251,122.0,36.0,82.0,129.0,525.0,486.0,72.0,12.0,2.0,58.0,0.301,0.506,30.0,0,6.0,,246.0,2,5,0.0,3.0,,72.46511627906976,75.668
1986,CL,広島東洋カープ,51553863,川口　和久,K.Kawaguchi,26.0,59.0,53.0,3.0,10.0,1.0,0.0,1.0,14.0,7.0,0.0,0,6.0,0.0,0.0,0,0.0,20.0,0.0,0.189,0.189,0.264,0.453,8.0,0.07500000000000001,0.0,0.264,0.0,33.89830508474576,0.0,0.28125,0.15105000000000002,277.0,0.07547169811320754,0.32558139534883723,0.189,10.0,1.0,7.0,26.0,59.0,53.0,8.0,1.0,0.0,3.0,0.189,0.264,0.0,0,0.0,,14.0,0.0,0,6.0,0.0,,2.641509433962264,1.9459999999999997
1986,CL,阪神タイガース,51553867,木戸　克彦,K.Kido,95.0,237.0,203.0,16.0,46.0,12.0,0.0,5.0,73.0,23.0,0.0,0,10.0,2.0,22.0,0,0.0,32.0,10.0,0.227,0.3,0.36,0.6599999999999999,29.0,0.13299999999999998,0.07299999999999998,0.4329999999999999,9.282700421940929,13.502109704641349,0.6875,0.24404761904761904,0.225,420.0,0.2413793103448276,0.5688622754491018,0.227,46.0,5.0,23.0,95.0,237.0,203.0,29.0,12.0,0.0,16.0,0.3,0.36,22.0,0,0.0,,73.0,0.0,0,10.0,2.0,,22.06222222222222,22.214
1986,CL,阪神タイガース,51753860,嶋田　章弘,A.Shimada,11.0,4.0,4.0,0.0,1.0,0.0,0.0,0.0,1.0,0.0,0.0,0,0.0,0.0,0.0,0,0.0,3.0,0.0,0.25,0.25,0.25,0.5,1.0,0.0,0.0,0.25,0.0,75.0,0.0,1.0,0.175,333.3333333333333,0.0,0.3333333333333333,0.25,1.0,0.0,0.0,11.0,4.0,4.0,1.0,0.0,0.0,0.0,0.25,0.25,0.0,0,0.0,,1.0,0.0,0,0.0,0.0,,0.25,0.20599999999999996
1986,CL,阪神タイガース,51953862,遠山　奬志,S.Tooyama,27.0,45.0,40.0,4.0,7.0,0.0,0.0,0.0,7.0,1.0,0.0,0,4.0,0.0,1.0,0,0.0,12.0,0.0,0.175,0.195,0.175,0.37,7.0,0.0,0.020000000000000018,0.195,2.2222222222222223,26.666666666666668,0.08333333333333333,0.25,0.1315,253.33333333333334,0.025,0.24242424242424243,0.175,7.0,0.0,1.0,27.0,45.0,40.0,7.0,0.0,0.0,4.0,0.195,0.175,1.0,0,0.0,,7.0,0.0,0,4.0,0.0,,1.3658536585365855,0.5960000000000001
1986,CL,読売ジャイアンツ,61063849,山本　雅夫,M.Yamamoto,32.0,30.0,30.0,1.0,2.0,1.0,0.0,0.0,3.0,0.0,0.0,0,0.0,0.0,0.0,0,0.0,11.0,1.0,0.067,0.067,0.1,0.167,1.0,0.033,0.0,0.1,0.0,36.666666666666664,0.0,0.10526315789473684,0.055150000000000005,100.33333333333333,0.03333333333333333,0.10344827586206896,0.067,2.0,0.0,0.0,32.0,30.0,30.0,1.0,1.0,0.0,1.0,0.067,0.1,0.0,0,0.0,,3.0,0.0,0,0.0,0.0,,0.2,-1.5240000000000002
1986,CL,東京ヤクルトスワローズ,61063862,藤枝　慎治,S.Fujieda,4.0,6.0,6.0,0.0,1.0,0.0,0.0,0.0,1.0,0.0,0.0,0,0.0,0.0,0.0,0,0.0,3.0,0.0,0.167,0.167,0.167,0.334,1.0,0.0,0.0,0.167,0.0,50.0,0.0,0.3333333333333333,0.1169,222.66666666666669,0.0,0.2,0.167,1.0,0.0,0.0,4.0,6.0,6.0,1.0,0.0,0.0,0.0,0.167,0.167,0.0,0,0.0,,1.0,0.0,0,0.0,0.0,,0.16666666666666666,0.010000000000000009
1986,CL,阪神タイガース,61063867,R.バース,R.Bass,126.0,541.0,453.0,92.0,176.0,31.0,2.0,47.0,352.0,109.0,2,0,0.0,4.0,82.0,0,2.0,70.0,9.0,0.389,0.481,0.777,1.258,96.0,0.388,0.09199999999999997,0.869,15.157116451016636,12.939001848428836,1.1714285714285715,0.37941176470588234,0.4107,740.0,0.5695364238410596,1.5244755244755244,0.389,176.0,47.0,109.0,126.0,541.0,453.0,96.0,31.0,2.0,92.0,0.481,0.777,82.0,0,2.0,,352.0,2,0,0.0,4.0,,169.74953271028036,140.654
1986,CL,中日ドラゴンズ,61063869,平沼　定晴,S.Hiranuma,34.0,3.0,3.0,0.0,0.0,0.0,0.0,0.0,0.0,0.0,0.0,0,0.0,0.0,0.0,0,0.0,0.0,0.0,0.0,0.0,0.0,0.0,0.0,0.0,0.0,0.0,0.0,0.0,nan,0.0,0.0,0.0,0.0,0.0,0.0,0.0,0.0,0.0,34.0,3.0,3.0,0.0,0.0,0.0,0.0,0.0,0.0,0.0,0,0.0,,0.0,0.0,0,0.0,0.0,,0.0,-0.29400000000000004
1986,CL,東京ヤクルトスワローズ,61163844,梶間　健一,K.Kajima,8.0,8.0,7.0,0.0,3.0,0.0,0.0,0.0,3.0,1.0,0.0,0,1.0,0.0,0.0,0,0.0,1.0,0.0,0.429,0.429,0.429,0.858,3.0,0.0,0.0,0.429,0.0,12.5,0.0,0.5,0.3003,572.0,0.0,0.75,0.429,3.0,0.0,1.0,8.0,8.0,7.0,3.0,0.0,0.0,0.0,0.429,0.429,0.0,0,0.0,,3.0,0.0,0,1.0,0.0,,1.2857142857142858,1.108
1986,CL,横浜DeNAベイスターズ,61163861,大久保　弘司,H.Ookubo,12.0,10.0,9.0,0.0,0.0,0.0,0.0,0.0,0.0,1.0,0.0,0,0.0,1.0,0.0,0,0.0,4.0,1.0,0.0,0.0,0.0,0.0,0.0,0.0,0.0,0.0,0.0,40.0,0.0,0.0,0.0,0.0,0.0,0.0,0.0,0.0,0.0,1.0,12.0,10.0,9.0,0.0,0.0,0.0,0.0,0.0,0.0,0.0,0,0.0,,0.0,0.0,0,0.0,1.0,,0.0,-0.882
1986,CL,広島東洋カープ,61163862,植田　幸弘,Y.Ueda,5.0,5.0,5.0,0.0,0.0,0.0,0.0,0.0,0.0,0.0,0.0,0,0.0,0.0,0.0,0,0.0,0.0,0.0,0.0,0.0,0.0,0.0,0.0,0.0,0.0,0.0,0.0,0.0,nan,0.0,0.0,0.0,0.0,0.0,0.0,0.0,0.0,0.0,5.0,5.0,5.0,0.0,0.0,0.0,0.0,0.0,0.0,0.0,0,0.0,,0.0,0.0,0,0.0,0.0,,0.0,-0.49
1986,CL,横浜DeNAベイスターズ,61163863,石橋　貢,M.Ishibashi,77.0,75.0,67.0,7.0,19.0,4.0,1.0,0.0,25.0,3.0,4,1,2.0,0.0,6.0,0,0.0,12.0,0.0,0.284,0.342,0.373,0.7150000000000001,14.0,0.08900000000000002,0.05800000000000005,0.431,8.0,16.0,0.5,0.34545454545454546,0.24715,466.33333333333337,0.19402985074626866,0.6666666666666666,0.284,19.0,0.0,3.0,77.0,75.0,67.0,14.0,4.0,1.0,7.0,0.342,0.373,6.0,0,0.0,,25.0,4,1,2.0,0.0,,8.561643835616438,8.375999999999998
1986,CL,東京ヤクルトスワローズ,61163865,小川　淳司,J.Ogawa,94.0,91.0,87.0,10.0,16.0,3.0,0.0,3.0,28.0,10.0,3,1,1.0,2.0,1.0,0,0.0,34.0,3.0,0.184,0.189,0.322,0.511,10.0,0.138,0.0050000000000000044,0.327,1.098901098901099,37.362637362637365,0.029411764705882353,0.25,0.16555,296.3333333333333,0.16091954022988506,0.40540540540540543,0.184,16.0,3.0,10.0,94.0,91.0,87.0,10.0,3.0,0.0,10.0,0.189,0.322,1.0,0,0.0,,28.0,3,1,1.0,2.0,,5.409090909090909,5.032
1986,CL,阪神タイガース,61163869,池田　親興,C.Ikeda,11.0,27.0,26.0,2.0,3.0,1.0,0.0,0.0,4.0,2.0,0.0,0,1.0,0.0,0.0,0,0.0,8.0,2.0,0.115,0.115,0.154,0.269,2.0,0.03899999999999999,0.0,0.154,0.0,29.629629629629626,0.0,0.16666666666666666,0.09025,166.33333333333334,0.038461538461538464,0.16,0.115,3.0,0.0,2.0,11.0,27.0,26.0,2.0,1.0,0.0,2.0,0.115,0.154,0.0,0,0.0,,4.0,0.0,0,1.0,0.0,,0.46153846153846156,-0.534
1986,CL,東京ヤクルトスワローズ,61263862,矢野　和哉,K.Yano,34.0,30.0,22.0,3.0,4.0,0.0,0.0,0.0,4.0,2.0,0.0,0,6.0,0.0,2.0,0,0.0,9.0,0.0,0.182,0.25,0.182,0.432,4.0,0.0,0.068,0.25,6.666666666666667,30.0,0.2222222222222222,0.3076923076923077,0.158,310.66666666666663,0.09090909090909091,0.3333333333333333,0.182,4.0,0.0,2.0,34.0,30.0,22.0,4.0,0.0,0.0,3.0,0.25,0.182,2.0,0,0.0,,4.0,0.0,0,6.0,0.0,,1.0,0.8960000000000001
1986,CL,読売ジャイアンツ,61363828,加藤　英司,H.Katou,68.0,119.0,105.0,6.0,23.0,3.0,0.0,3.0,35.0,13.0,0.0,0,0.0,1.0,11.0,0,2.0,31.0,4.0,0.219,0.303,0.333,0.636,17.0,0.11400000000000002,0.08399999999999999,0.417,9.243697478991598,26.05042016806723,0.3548387096774194,0.2777777777777778,0.21960000000000002,414.0,0.21904761904761905,0.5581395348837209,0.219,23.0,3.0,13.0,68.0,119.0,105.0,17.0,3.0,0.0,6.0,0.303,0.333,11.0,0,2.0,,35.0,0.0,0,0.0,1.0,,10.258620689655173,11.234
1986,CL,中日ドラゴンズ,61363865,上川　誠二,S.Kamikawa,129.0,478.0,437.0,43.0,129.0,20.0,5.0,3.0,168.0,22.0,7,5,15.0,1.0,23.0,0,2.0,26.0,7.0,0.295,0.333,0.384,0.7170000000000001,101.0,0.08900000000000002,0.038000000000000034,0.422,4.811715481171548,5.439330543933055,0.8846153846153846,0.3080684596577017,0.24585,461.0,0.15331807780320367,0.6285714285714286,0.295,129.0,3.0,22.0,129.0,478.0,437.0,101.0,20.0,5.0,43.0,0.333,0.384,23.0,0,2.0,,168.0,7,5,15.0,1.0,,55.51304347826087,53.386000000000024
1986,CL,阪神タイガース,61363869,川原　新治,S.Kawahara,5.0,0.0,0.0,0.0,0.0,0.0,0.0,0.0,0.0,0.0,0.0,0,0.0,0.0,0.0,0,0.0,0.0,0.0,,,,0.0,0.0,0.0,0.0,,nan,nan,nan,nan,0.0,0.0,nan,nan,,0.0,0.0,0.0,5.0,0.0,0.0,0.0,0.0,0.0,0.0,,,0.0,0,0.0,,0.0,0.0,0,0.0,0.0,,nan,0.0
1986,CL,横浜DeNAベイスターズ,61463860,山崎　賢一,K.Yamazaki,97.0,170.0,155.0,20.0,38.0,7.0,1.0,0.0,47.0,6.0,4,2,4.0,0.0,9.0,0,2.0,23.0,3.0,0.245,0.295,0.303,0.598,30.0,0.057999999999999996,0.04999999999999999,0.353,5.294117647058823,13.529411764705882,0.391304347826087,0.2878787878787879,0.20850000000000002,395.99999999999994,0.12903225806451613,0.5,0.245,38.0,0.0,6.0,97.0,170.0,155.0,30.0,7.0,1.0,20.0,0.295,0.303,9.0,0,2.0,,47.0,4,2,4.0,0.0,,13.46951219512195,13.603999999999996
1986,CL,横浜DeNAベイスターズ,61463862,D.ローマン,D.Loman,126.0,506.0,470.0,53.0,137.0,26.0,4.0,14.0,213.0,75.0,14,10,1.0,2.0,30.0,0,3.0,54.0,8.0,0.291,0.337,0.453,0.79,93.0,0.16200000000000003,0.04600000000000004,0.499,5.928853754940711,10.67193675889328,0.5555555555555556,0.30445544554455445,0.2649,488.0,0.24680851063829787,0.750733137829912,0.291,137.0,14.0,75.0,126.0,506.0,470.0,93.0,26.0,4.0,53.0,0.337,0.453,30.0,0,3.0,,213.0,14,10,1.0,2.0,,71.142,69.59599999999999
1986,CL,阪神タイガース,61463867,山脇　光治,K.Yamawaki,61.0,74.0,68.0,7.0,18.0,1.0,1.0,2.0,27.0,10.0,1.0,1,5.0,0.0,1.0,0,0.0,11.0,1.0,0.265,0.275,0.397,0.672,14.0,0.132,0.010000000000000009,0.407,1.3513513513513513,14.864864864864865,0.09090909090909091,0.2909090909090909,0.22300000000000003,407.3333333333333,0.16176470588235295,0.5686274509803921,0.265,18.0,2.0,10.0,61.0,74.0,68.0,14.0,1.0,1.0,7.0,0.275,0.397,1.0,0,0.0,,27.0,1.0,1,5.0,0.0,,7.434782608695652,7.25
1986,CL,読売ジャイアンツ,61563860,香田　勲男,I.Kouda,13.0,2.0,2.0,0.0,1.0,0.0,0.0,0.0,1.0,0.0,0.0,0,0.0,0.0,0.0,0,0.0,1.0,0.0,0.5,0.5,0.5,1.0,1.0,0.0,0.0,0.5,0.0,50.0,0.0,1.0,0.35,666.6666666666666,0.0,1.0,0.5,1.0,0.0,0.0,13.0,2.0,2.0,1.0,0.0,0.0,0.0,0.5,0.5,0.0,0,0.0,,1.0,0.0,0,0.0,0.0,,0.5,0.402
1986,CL,横浜DeNAベイスターズ,61563862,白井　正勝,M.Shirai,2.0,0.0,0.0,0.0,0.0,0.0,0.0,0.0,0.0,0.0,0.0,0,0.0,0.0,0.0,0,0.0,0.0,0.0,,,,0.0,0.0,0.0,0.0,,nan,nan,nan,nan,0.0,0.0,nan,nan,,0.0,0.0,0.0,2.0,0.0,0.0,0.0,0.0,0.0,0.0,,,0.0,0,0.0,,0.0,0.0,0,0.0,0.0,,nan,0.0
1986,CL,読売ジャイアンツ,61563867,駒田　徳広,N.Komada,64.0,120.0,101.0,13.0,26.0,6.0,0.0,3.0,41.0,18.0,1,0,3.0,1.0,15.0,0,0.0,21.0,2.0,0.257,0.35,0.406,0.756,17.0,0.14900000000000002,0.09299999999999997,0.499,12.5,17.5,0.7142857142857143,0.2948717948717949,0.259,485.33333333333326,0.297029702970297,0.7272727272727273,0.257,26.0,3.0,18.0,64.0,120.0,101.0,17.0,6.0,0.0,13.0,0.35,0.406,15.0,0,0.0,,41.0,1,0,3.0,1.0,,14.491379310344827,14.739999999999998
1986,CL,阪神タイガース,61763847,長崎　啓二,K.Nagasaki,68.0,96.0,87.0,6.0,16.0,1.0,0.0,3.0,26.0,13.0,0.0,0,0.0,1.0,8.0,0,0.0,14.0,3.0,0.184,0.25,0.299,0.5489999999999999,12.0,0.11499999999999999,0.066,0.365,8.333333333333332,14.583333333333334,0.5714285714285714,0.18309859154929578,0.18725,349.6666666666667,0.20689655172413793,0.4594594594594595,0.184,16.0,3.0,13.0,68.0,96.0,87.0,12.0,1.0,0.0,6.0,0.25,0.299,8.0,0,0.0,,26.0,0.0,0,0.0,1.0,,6.568421052631579,6.7219999999999995
1986,CL,東京ヤクルトスワローズ,61763860,染宮　修支,S.Somemiya,9.0,0.0,0.0,0.0,0.0,0.0,0.0,0.0,0.0,0.0,0.0,0,0.0,0.0,0.0,0,0.0,0.0,0.0,,,,0.0,0.0,0.0,0.0,,nan,nan,nan,nan,0.0,0.0,nan,nan,,0.0,0.0,0.0,9.0,0.0,0.0,0.0,0.0,0.0,0.0,,,0.0,0,0.0,,0.0,0.0,0,0.0,0.0,,nan,0.0
1986,CL,横浜DeNAベイスターズ,61763863,高木　豊,Y.Takagi,126.0,531.0,468.0,63.0,145.0,37.0,5.0,1.0,195.0,29.0,24,16,6.0,5.0,50.0,0,2.0,81.0,8.0,0.31,0.375,0.417,0.792,102.0,0.10699999999999998,0.065,0.482,9.416195856873824,15.254237288135593,0.6172839506172839,0.36828644501278773,0.273,514.0,0.24786324786324787,0.7945619335347432,0.31,145.0,1.0,29.0,126.0,531.0,468.0,102.0,37.0,5.0,63.0,0.375,0.417,50.0,0,2.0,,195.0,24,16,6.0,5.0,,73.4073359073359,72.666
1986,CL,読売ジャイアンツ,61963844,松本　匡史,T.Matsumoto,119.0,516.0,461.0,66.0,118.0,14.0,8.0,3.0,157.0,26.0,39,9,8.0,0.0,43.0,0,4.0,67.0,3.0,0.256,0.325,0.341,0.666,93.0,0.08500000000000002,0.069,0.41,8.333333333333332,12.984496124031008,0.6417910447761194,0.29411764705882354,0.23150000000000004,438.6666666666667,0.19739696312364424,0.615606936416185,0.256,118.0,3.0,26.0,119.0,516.0,461.0,93.0,14.0,8.0,66.0,0.325,0.341,43.0,0,4.0,,157.0,39,9,8.0,0.0,,50.15277777777778,52.736000000000004
1986,CL,横浜DeNAベイスターズ,61963846,屋鋪　要,K.Yashiki,127.0,497.0,460.0,54.0,109.0,20.0,1.0,8.0,155.0,34.0,48,16,8.0,0.0,27.0,0,2.0,84.0,10.0,0.237,0.282,0.337,0.619,80.0,0.10000000000000003,0.044999999999999984,0.382,5.432595573440644,16.901408450704224,0.32142857142857145,0.27445652173913043,0.21115,394.3333333333333,0.1934782608695652,0.554016620498615,0.237,109.0,8.0,34.0,127.0,497.0,460.0,80.0,20.0,1.0,54.0,0.282,0.337,27.0,0,2.0,,155.0,48,16,8.0,0.0,,43.285420944558524,45.01199999999999
1986,CL,阪神タイガース,61963860,仲田　幸司,K.Nakada,32.0,48.0,44.0,1.0,6.0,0.0,0.0,0.0,6.0,2.0,0.0,0,3.0,1.0,0.0,0,0.0,12.0,1.0,0.136,0.133,0.136,0.269,6.0,0.0,-0.0030000000000000027,0.133,0.0,25.0,0.0,0.18181818181818182,0.09385000000000002,178.33333333333334,0.0,0.15384615384615385,0.136,6.0,0.0,2.0,32.0,48.0,44.0,6.0,0.0,0.0,1.0,0.133,0.136,0.0,0,0.0,,6.0,0.0,0,3.0,1.0,,0.8181818181818182,-0.7240000000000002
1986,CL,阪神タイガース,61963869,中西　清起,K.Nakanishi,61.0,12.0,12.0,0.0,5.0,0.0,0.0,0.0,5.0,1.0,0.0,0,0.0,0.0,0.0,0,0.0,5.0,1.0,0.417,0.417,0.417,0.834,5.0,0.0,0.0,0.417,0.0,41.66666666666667,0.0,0.7142857142857143,0.2919,555.9999999999999,0.0,0.625,0.417,5.0,0.0,1.0,61.0,12.0,12.0,5.0,0.0,0.0,0.0,0.417,0.417,0.0,0,0.0,,5.0,0.0,0,0.0,0.0,,2.0833333333333335,1.814
1986,CL,横浜DeNAベイスターズ,71073846,吉本　博,H.Yoshimoto,5.0,4.0,4.0,0.0,0.0,0.0,0.0,0.0,0.0,0.0,0.0,0,0.0,0.0,0.0,0,0.0,1.0,0.0,0.0,0.0,0.0,0.0,0.0,0.0,0.0,0.0,0.0,25.0,0.0,0.0,0.0,0.0,0.0,0.0,0.0,0.0,0.0,0.0,5.0,4.0,4.0,0.0,0.0,0.0,0.0,0.0,0.0,0.0,0,0.0,,0.0,0.0,0,0.0,0.0,,0.0,-0.392
1986,CL,読売ジャイアンツ,71073863,原　辰徳,T.Hara,113.0,467.0,406.0,70.0,115.0,21.0,3.0,36.0,250.0,80.0,7,2,1.0,6.0,52.0,0,2.0,57.0,8.0,0.283,0.363,0.616,0.979,55.0,0.333,0.08000000000000002,0.696,11.134903640256958,12.205567451820128,0.9122807017543859,0.2476489028213166,0.31735,568.3333333333334,0.46551724137931033,1.0234113712374582,0.283,115.0,36.0,80.0,113.0,467.0,406.0,55.0,21.0,3.0,70.0,0.363,0.616,52.0,0,2.0,,250.0,7,2,1.0,6.0,,91.15720524017468,87.24199999999998
1986,CL,読売ジャイアンツ,71073869,仁村　薫,K.Nimura,28.0,25.0,23.0,3.0,4.0,2.0,0.0,0.0,6.0,3.0,1,0,1.0,0.0,0.0,0,1.0,6.0,1.0,0.174,0.208,0.261,0.469,2.0,0.08700000000000002,0.034,0.295,0.0,24.0,0.0,0.23529411764705882,0.15885,295.0,0.08695652173913043,0.35,0.174,4.0,0.0,3.0,28.0,25.0,23.0,2.0,2.0,0.0,3.0,0.208,0.261,0.0,0,1.0,,6.0,1,0,1.0,0.0,,1.0434782608695652,0.9079999999999999
1986,CL,阪神タイガース,71173846,伊藤　文隆,F.Itou,29.0,46.0,41.0,2.0,3.0,0.0,0.0,0.0,3.0,0.0,0.0,0,3.0,0.0,2.0,0,0.0,24.0,0.0,0.073,0.116,0.073,0.189,3.0,0.0,0.04300000000000001,0.116,4.3478260869565215,52.17391304347826,0.08333333333333333,0.17647058823529413,0.07045,140.33333333333334,0.04878048780487805,0.13157894736842105,0.073,3.0,0.0,0.0,29.0,46.0,41.0,3.0,0.0,0.0,2.0,0.116,0.073,2.0,0,0.0,,3.0,0.0,0,3.0,0.0,,0.3488372093023256,-1.564
1986,CL,読売ジャイアンツ,71173847,有田　修三,S.Arita,68.0,173.0,144.0,17.0,31.0,2.0,0.0,7.0,54.0,20.0,1,0,3.0,2.0,24.0,0,0.0,43.0,4.0,0.215,0.324,0.375,0.6990000000000001,22.0,0.16,0.10900000000000001,0.484,13.872832369942195,24.85549132947977,0.5581395348837209,0.25,0.23955,449.0,0.3263888888888889,0.6666666666666666,0.215,31.0,7.0,20.0,68.0,173.0,144.0,22.0,2.0,0.0,17.0,0.324,0.375,24.0,0,0.0,,54.0,1,0,3.0,2.0,,17.678571428571427,19.366
1986,CL,横浜DeNAベイスターズ,71173860,青木　秀夫,H.Aoki,1.0,0.0,0.0,0.0,0.0,0.0,0.0,0.0,0.0,0.0,0.0,0,0.0,0.0,0.0,0,0.0,0.0,0.0,,,,0.0,0.0,0.0,0.0,,nan,nan,nan,nan,0.0,0.0,nan,nan,,0.0,0.0,0.0,1.0,0.0,0.0,0.0,0.0,0.0,0.0,,,0.0,0,0.0,,0.0,0.0,0,0.0,0.0,,nan,0.0
1986,CL,東京ヤクルトスワローズ,71173861,岩下　正明,M.Iwashita,73.0,103.0,96.0,8.0,19.0,3.0,1.0,0.0,24.0,6.0,1.0,1,0.0,0.0,7.0,0,0.0,16.0,2.0,0.198,0.252,0.25,0.502,15.0,0.05199999999999999,0.05399999999999999,0.304,6.796116504854369,15.53398058252427,0.4375,0.2375,0.1759,335.3333333333333,0.13541666666666666,0.4050632911392405,0.198,19.0,0.0,6.0,73.0,103.0,96.0,15.0,3.0,1.0,8.0,0.252,0.25,7.0,0,0.0,,24.0,1.0,1,0.0,0.0,,6.058252427184466,5.643999999999999
1986,CL,東京ヤクルトスワローズ,71173867,荒木　大輔,D.Araki,32.0,51.0,42.0,4.0,5.0,1.0,0.0,0.0,6.0,0.0,0.0,0,8.0,0.0,1.0,0,0.0,18.0,0.0,0.119,0.14,0.143,0.28300000000000003,4.0,0.023999999999999994,0.02100000000000002,0.164,1.9607843137254901,35.294117647058826,0.05555555555555555,0.20833333333333334,0.09875,187.66666666666669,0.047619047619047616,0.1891891891891892,0.119,5.0,0.0,0.0,32.0,51.0,42.0,4.0,1.0,0.0,4.0,0.14,0.143,1.0,0,0.0,,6.0,0.0,0,8.0,0.0,,0.8372093023255814,-0.5760000000000005
1986,CL,広島東洋カープ,71273828,山本　浩二,K.Yamamoto,126.0,501.0,439.0,48.0,121.0,13.0,0.0,27.0,215.0,78.0,4,2,0.0,4.0,58.0,0,0.0,69.0,10.0,0.276,0.357,0.49,0.847,81.0,0.21399999999999997,0.08099999999999996,0.571,11.57684630738523,13.77245508982036,0.8405797101449275,0.27089337175792505,0.28315,520.3333333333333,0.35079726651480636,0.8384146341463414,0.276,121.0,27.0,78.0,126.0,501.0,439.0,81.0,13.0,0.0,48.0,0.357,0.49,58.0,0,0.0,,215.0,4,2,0.0,4.0,,77.43460764587525,77.076
1986,CL,東京ヤクルトスワローズ,71273860,広澤　克実,K.Hirosawa,116.0,414.0,379.0,38.0,96.0,14.0,1.0,16.0,160.0,45.0,5,0,5.0,1.0,24.0,0,5.0,103.0,12.0,0.253,0.306,0.422,0.728,65.0,0.16899999999999998,0.05299999999999999,0.475,5.797101449275362,24.879227053140095,0.23300970873786409,0.3065134099616858,0.24319999999999997,446.66666666666663,0.23218997361477572,0.6406779661016949,0.253,96.0,16.0,45.0,116.0,414.0,379.0,65.0,14.0,1.0,38.0,0.306,0.422,24.0,0,5.0,,160.0,5,0,5.0,1.0,,47.64267990074442,48.49599999999999
1986,CL,横浜DeNAベイスターズ,71273862,松本　豊,Y.Matsumoto,6.0,0.0,0.0,0.0,0.0,0.0,0.0,0.0,0.0,0.0,0.0,0,0.0,0.0,0.0,0,0.0,0.0,0.0,,,,0.0,0.0,0.0,0.0,,nan,nan,nan,nan,0.0,0.0,nan,nan,,0.0,0.0,0.0,6.0,0.0,0.0,0.0,0.0,0.0,0.0,,,0.0,0,0.0,,0.0,0.0,0,0.0,0.0,,nan,0.0
1986,CL,読売ジャイアンツ,71373848,鹿取　義隆,Y.Katori,59.0,21.0,18.0,1.0,7.0,2.0,0.0,0.0,9.0,1.0,0.0,0,3.0,0.0,0.0,0,0.0,5.0,1.0,0.389,0.389,0.5,0.889,5.0,0.11099999999999999,0.0,0.5,0.0,23.809523809523807,0.0,0.5384615384615384,0.30005000000000004,555.6666666666666,0.1111111111111111,0.75,0.389,7.0,0.0,1.0,59.0,21.0,18.0,5.0,2.0,0.0,1.0,0.389,0.5,0.0,0,0.0,,9.0,0.0,0,3.0,0.0,,3.5,2.862
1986,CL,横浜DeNAベイスターズ,71373865,欠端　光則,M.Kakehata,29.0,50.0,45.0,1.0,7.0,2.0,0.0,0.0,9.0,3.0,0.0,0,4.0,0.0,1.0,0,0.0,18.0,0.0,0.156,0.174,0.2,0.374,5.0,0.04400000000000001,0.017999999999999988,0.218,2.0,36.0,0.05555555555555555,0.25925925925925924,0.1283,240.66666666666663,0.06666666666666667,0.2631578947368421,0.156,7.0,0.0,3.0,29.0,50.0,45.0,5.0,2.0,0.0,1.0,0.174,0.2,1.0,0,0.0,,9.0,0.0,0,4.0,0.0,,1.565217391304348,0.5459999999999994
1986,CL,東京ヤクルトスワローズ,71473845,渡辺　進,S.Watanabe,50.0,90.0,73.0,5.0,18.0,4.0,0.0,2.0,28.0,8.0,0.0,0,4.0,0.0,12.0,0,1.0,21.0,3.0,0.247,0.36,0.384,0.744,12.0,0.137,0.11299999999999999,0.497,13.333333333333334,23.333333333333332,0.5714285714285714,0.32,0.258,488.0,0.3013698630136986,0.7068965517241379,0.247,18.0,2.0,8.0,50.0,90.0,73.0,12.0,4.0,0.0,5.0,0.36,0.384,12.0,0,1.0,,28.0,0.0,0,4.0,0.0,,9.882352941176471,10.659999999999997
1986,CL,中日ドラゴンズ,71473860,松浦　英信,H.Matsuura,42.0,11.0,11.0,4.0,3.0,1.0,0.0,0.0,4.0,0.0,4,2,0.0,0.0,0.0,0,0.0,2.0,0.0,0.273,0.273,0.364,0.637,2.0,0.09099999999999997,0.0,0.364,0.0,18.181818181818183,0.0,0.3333333333333333,0.21385,394.33333333333337,0.2727272727272727,0.75,0.273,3.0,0.0,0.0,42.0,11.0,11.0,2.0,1.0,0.0,4.0,0.273,0.364,0.0,0,0.0,,4.0,4,2,0.0,0.0,,1.0909090909090908,1.296
1986,CL,中日ドラゴンズ,71473862,山田　和利,K.Yamada,1.0,1.0,1.0,0.0,0.0,0.0,0.0,0.0,0.0,0.0,0.0,0,0.0,0.0,0.0,0,0.0,0.0,0.0,0.0,0.0,0.0,0.0,0.0,0.0,0.0,0.0,0.0,0.0,nan,0.0,0.0,0.0,0.0,0.0,0.0,0.0,0.0,0.0,1.0,1.0,1.0,0.0,0.0,0.0,0.0,0.0,0.0,0.0,0,0.0,,0.0,0.0,0,0.0,0.0,,0.0,-0.098
1986,CL,読売ジャイアンツ,71473863,山本　勝哉,K.Yamamoto,1.0,1.0,1.0,0.0,0.0,0.0,0.0,0.0,0.0,0.0,0.0,0,0.0,0.0,0.0,0,0.0,1.0,0.0,0.0,0.0,0.0,0.0,0.0,0.0,0.0,0.0,0.0,100.0,0.0,nan,0.0,0.0,0.0,0.0,0.0,0.0,0.0,0.0,1.0,1.0,1.0,0.0,0.0,0.0,0.0,0.0,0.0,0.0,0,0.0,,0.0,0.0,0,0.0,0.0,,0.0,-0.098
1986,CL,阪神タイガース,71473867,御子柴　進,S.Mikoshiba,14.0,3.0,2.0,0.0,0.0,0.0,0.0,0.0,0.0,0.0,0.0,0,1.0,0.0,0.0,0,0.0,1.0,0.0,0.0,0.0,0.0,0.0,0.0,0.0,0.0,0.0,0.0,33.33333333333333,0.0,0.0,0.0,0.0,0.0,0.0,0.0,0.0,0.0,0.0,14.0,3.0,2.0,0.0,0.0,0.0,0.0,0.0,0.0,0.0,0,0.0,,0.0,0.0,0,1.0,0.0,,0.0,-0.196
1986,CL,広島東洋カープ,71573820,衣笠　祥雄,S.Kinugasa,130.0,520.0,477.0,42.0,98.0,11.0,0.0,24.0,181.0,59.0,4,2,4.0,0.0,32.0,0,7.0,80.0,10.0,0.205,0.266,0.379,0.645,63.0,0.17400000000000002,0.061000000000000026,0.44,6.153846153846154,15.384615384615385,0.4,0.19839142091152814,0.21445000000000003,392.3333333333333,0.24528301886792453,0.570694087403599,0.205,98.0,24.0,59.0,130.0,520.0,477.0,63.0,11.0,0.0,42.0,0.266,0.379,32.0,0,7.0,,181.0,4,2,4.0,0.0,,46.22789783889981,50.068000000000005
1986,CL,東京ヤクルトスワローズ,71573844,杉村　繁,S.Sugimura,8.0,6.0,6.0,0.0,0.0,0.0,0.0,0.0,0.0,0.0,0.0,0,0.0,0.0,0.0,0,0.0,3.0,0.0,0.0,0.0,0.0,0.0,0.0,0.0,0.0,0.0,0.0,50.0,0.0,0.0,0.0,0.0,0.0,0.0,0.0,0.0,0.0,0.0,8.0,6.0,6.0,0.0,0.0,0.0,0.0,0.0,0.0,0.0,0,0.0,,0.0,0.0,0,0.0,0.0,,0.0,-0.5880000000000001
1986,CL,東京ヤクルトスワローズ,71573846,渋井　敬一,K.Shibui,103.0,261.0,234.0,29.0,57.0,12.0,1.0,4.0,83.0,25.0,3,1,7.0,3.0,15.0,0,2.0,51.0,4.0,0.244,0.291,0.355,0.6459999999999999,40.0,0.11099999999999999,0.046999999999999986,0.4019999999999999,5.747126436781609,19.54022988505747,0.29411764705882354,0.29120879120879123,0.21969999999999998,409.3333333333333,0.1794871794871795,0.5580110497237569,0.244,57.0,4.0,25.0,103.0,261.0,234.0,40.0,12.0,1.0,29.0,0.291,0.355,15.0,0,2.0,,83.0,3,1,7.0,3.0,,24.0,23.883999999999997
1986,CL,阪神タイガース,71573861,北村　照文,T.Kitamura,99.0,266.0,242.0,36.0,58.0,10.0,2.0,7.0,93.0,21.0,9,3,7.0,0.0,15.0,0,2.0,30.0,3.0,0.24,0.29,0.384,0.6739999999999999,39.0,0.14400000000000002,0.04999999999999999,0.434,5.639097744360902,11.278195488721805,0.5,0.24878048780487805,0.2265,418.0,0.2190082644628099,0.6042780748663101,0.24,58.0,7.0,21.0,99.0,266.0,242.0,39.0,10.0,2.0,36.0,0.29,0.384,15.0,0,2.0,,93.0,9,3,7.0,0.0,,26.41634241245136,26.977999999999998
1986,CL,読売ジャイアンツ,71573862,L.サンチェ,L.Sanchez,37.0,5.0,5.0,0.0,0.0,0.0,0.0,0.0,0.0,0.0,0.0,0,0.0,0.0,0.0,0,0.0,4.0,0.0,0.0,0.0,0.0,0.0,0.0,0.0,0.0,0.0,0.0,80.0,0.0,0.0,0.0,0.0,0.0,0.0,0.0,0.0,0.0,0.0,37.0,5.0,5.0,0.0,0.0,0.0,0.0,0.0,0.0,0.0,0,0.0,,0.0,0.0,0,0.0,0.0,,0.0,-0.49
1986,CL,東京ヤクルトスワローズ,71573869,栗山　英樹,H.Kuriyama,107.0,258.0,239.0,34.0,72.0,5.0,0.0,4.0,89.0,14.0,8,5,9.0,0.0,4.0,0,6.0,26.0,0.0,0.301,0.329,0.372,0.7010000000000001,63.0,0.07100000000000001,0.028000000000000025,0.4,1.550387596899225,10.077519379844961,0.15384615384615385,0.3253588516746411,0.24105000000000001,453.0,0.1087866108786611,0.6227544910179641,0.301,72.0,4.0,14.0,107.0,258.0,239.0,63.0,5.0,0.0,34.0,0.329,0.372,4.0,0,6.0,,89.0,8,5,9.0,0.0,,27.83539094650206,28.693999999999996
1986,CL,読売ジャイアンツ,71773844,中畑　清,K.Nakahata,127.0,484.0,447.0,57.0,122.0,29.0,2.0,14.0,197.0,69.0,7,5,2.0,6.0,27.0,0,2.0,67.0,10.0,0.273,0.313,0.441,0.754,77.0,0.16799999999999998,0.03999999999999998,0.481,5.578512396694215,13.842975206611571,0.40298507462686567,0.2903225806451613,0.2511,459.99999999999994,0.23937360178970918,0.6895522388059702,0.273,122.0,14.0,69.0,127.0,484.0,447.0,77.0,29.0,2.0,57.0,0.313,0.441,27.0,0,2.0,,197.0,7,5,2.0,6.0,,61.926160337552744,60.24
1986,CL,阪神タイガース,71773849,佐野　仙好,N.Sano,107.0,361.0,332.0,36.0,89.0,10.0,1.0,14.0,143.0,35.0,1.0,1,1.0,3.0,24.0,0,1.0,21.0,10.0,0.268,0.317,0.431,0.748,64.0,0.16299999999999998,0.04899999999999999,0.48,6.64819944598338,5.8171745152354575,1.1428571428571428,0.25,0.2504,460.6666666666667,0.23795180722891565,0.6679841897233202,0.268,89.0,14.0,35.0,107.0,361.0,332.0,64.0,10.0,1.0,36.0,0.317,0.431,24.0,0,1.0,,143.0,1.0,1,1.0,3.0,,45.390449438202246,45.01600000000001
1986,CL,阪神タイガース,71773860,嶋田　宗彦,M.Shimada,91.0,237.0,207.0,16.0,53.0,6.0,2.0,6.0,81.0,24.0,0.0,0,10.0,2.0,17.0,0,1.0,33.0,4.0,0.256,0.313,0.391,0.704,39.0,0.135,0.056999999999999995,0.448,7.172995780590717,13.924050632911392,0.5151515151515151,0.27647058823529413,0.2386,443.33333333333337,0.21739130434782608,0.6265822784810127,0.256,53.0,6.0,24.0,91.0,237.0,207.0,39.0,6.0,2.0,16.0,0.313,0.391,17.0,0,1.0,,81.0,0.0,0,10.0,2.0,,25.3125,25.387999999999998
1986,CL,中日ドラゴンズ,71773861,鈴木　康友,Y.Suzuki,119.0,429.0,368.0,31.0,86.0,16.0,1.0,11.0,137.0,30.0,3,2,35.0,3.0,18.0,0,5.0,76.0,4.0,0.234,0.277,0.372,0.649,58.0,0.13799999999999998,0.04300000000000001,0.415,4.195804195804196,17.715617715617714,0.23684210526315788,0.2640845070422535,0.21765,401.0,0.19293478260869565,0.5664335664335665,0.234,86.0,11.0,30.0,119.0,429.0,368.0,58.0,16.0,1.0,31.0,0.277,0.372,18.0,0,5.0,,137.0,3,2,35.0,3.0,,36.9119170984456,37.71399999999999
1986,CL,阪神タイガース,71973828,野村　収,O.Nomura,15.0,0.0,0.0,0.0,0.0,0.0,0.0,0.0,0.0,0.0,0.0,0,0.0,0.0,0.0,0,0.0,0.0,0.0,,,,0.0,0.0,0.0,0.0,,nan,nan,nan,nan,0.0,0.0,nan,nan,,0.0,0.0,0.0,15.0,0.0,0.0,0.0,0.0,0.0,0.0,,,0.0,0,0.0,,0.0,0.0,0,0.0,0.0,,nan,0.0
1986,CL,横浜DeNAベイスターズ,71973860,高橋　眞裕,M.Takahashi,103.0,228.0,204.0,29.0,46.0,9.0,2.0,0.0,59.0,8.0,18,2,15.0,0.0,8.0,0,0.0,58.0,2.0,0.225,0.255,0.289,0.544,35.0,0.06399999999999997,0.03,0.3189999999999999,3.508771929824561,25.438596491228072,0.13793103448275862,0.3150684931506849,0.187,351.3333333333333,0.11274509803921569,0.43125,0.225,46.0,0.0,8.0,103.0,228.0,204.0,35.0,9.0,2.0,29.0,0.255,0.289,8.0,0,0.0,,59.0,18,2,15.0,0.0,,15.028301886792454,13.576000000000002
1986,CL,阪神タイガース,71973865,平田　勝男,K.Hirata,124.0,448.0,405.0,47.0,108.0,15.0,1.0,5.0,140.0,33.0,1,2,22.0,0.0,16.0,0,5.0,41.0,7.0,0.267,0.303,0.346,0.649,87.0,0.07899999999999996,0.035999999999999976,0.3819999999999999,3.571428571428571,9.151785714285714,0.3902439024390244,0.28690807799442897,0.22285,418.3333333333333,0.12345679012345678,0.5361842105263158,0.267,108.0,5.0,33.0,124.0,448.0,405.0,87.0,15.0,1.0,47.0,0.303,0.346,16.0,0,5.0,,140.0,1,2,22.0,0.0,,41.235154394299286,40.724
1986,CL,東京ヤクルトスワローズ,71973867,高仁　秀治,H.Takani,96.0,215.0,197.0,30.0,56.0,12.0,2.0,1.0,75.0,14.0,4,3,4.0,1.0,12.0,0,1.0,27.0,2.0,0.284,0.327,0.381,0.708,41.0,0.09700000000000003,0.04300000000000004,0.424,5.5813953488372094,12.558139534883722,0.4444444444444444,0.3235294117647059,0.2424,454.0,0.17258883248730963,0.6363636363636364,0.284,56.0,1.0,14.0,96.0,215.0,197.0,41.0,12.0,2.0,30.0,0.327,0.381,12.0,0,1.0,,75.0,4,3,4.0,1.0,,24.401913875598087,23.671999999999993
1986,CL,読売ジャイアンツ,81083862,藤本　茂喜,S.Fujimoto,1.0,1.0,1.0,0.0,0.0,0.0,0.0,0.0,0.0,0.0,0.0,0,0.0,0.0,0.0,0,0.0,0.0,0.0,0.0,0.0,0.0,0.0,0.0,0.0,0.0,0.0,0.0,0.0,nan,0.0,0.0,0.0,0.0,0.0,0.0,0.0,0.0,0.0,1.0,1.0,1.0,0.0,0.0,0.0,0.0,0.0,0.0,0.0,0,0.0,,0.0,0.0,0,0.0,0.0,,0.0,-0.098
1986,CL,横浜DeNAベイスターズ,81183846,遠藤　一彦,K.Endou,31.0,86.0,72.0,5.0,12.0,2.0,0.0,0.0,14.0,3.0,0.0,0,11.0,0.0,3.0,0,0.0,22.0,2.0,0.167,0.2,0.194,0.394,10.0,0.026999999999999996,0.033,0.227,3.488372093023256,25.581395348837212,0.13636363636363635,0.24,0.1385,264.6666666666667,0.06944444444444445,0.27419354838709675,0.167,12.0,0.0,3.0,31.0,86.0,72.0,10.0,2.0,0.0,5.0,0.2,0.194,3.0,0,0.0,,14.0,0.0,0,11.0,0.0,,2.8,1.5499999999999998
1986,CL,中日ドラゴンズ,81183862,内田　強,T.Uchida,34.0,53.0,47.0,2.0,11.0,0.0,0.0,1.0,14.0,1.0,0.0,0,1.0,0.0,5.0,0,0.0,5.0,0.0,0.234,0.308,0.298,0.606,10.0,0.06399999999999997,0.07399999999999998,0.372,9.433962264150944,9.433962264150944,1.0,0.24390243902439024,0.2131,407.3333333333333,0.1702127659574468,0.5277777777777778,0.234,11.0,1.0,1.0,34.0,53.0,47.0,10.0,0.0,0.0,2.0,0.308,0.298,5.0,0,0.0,,14.0,0.0,0,1.0,0.0,,4.3076923076923075,4.561999999999999
1986,CL,広島東洋カープ,81183865,小川　達明,T.Ogawa,105.0,75.0,65.0,14.0,21.0,6.0,1.0,2.0,35.0,12.0,0.0,0,2.0,1.0,7.0,0,0.0,15.0,1.0,0.323,0.384,0.538,0.922,12.0,0.21500000000000002,0.061,0.599,9.333333333333334,20.0,0.4666666666666667,0.3877551020408163,0.3073,563.3333333333334,0.3230769230769231,0.9333333333333333,0.323,21.0,2.0,12.0,105.0,75.0,65.0,12.0,6.0,1.0,14.0,0.384,0.538,7.0,0,0.0,,35.0,0.0,0,2.0,1.0,,13.61111111111111,12.237999999999996
1986,CL,東京ヤクルトスワローズ,81183869,池山　隆寛,T.Ikeyama,65.0,162.0,147.0,17.0,36.0,10.0,1.0,6.0,66.0,15.0,2,1,4.0,2.0,8.0,0,1.0,47.0,0.0,0.245,0.285,0.449,0.734,19.0,0.20400000000000001,0.03999999999999998,0.489,4.938271604938271,29.01234567901235,0.1702127659574468,0.3125,0.2405,434.66666666666663,0.2653061224489796,0.6846846846846847,0.245,36.0,6.0,15.0,65.0,162.0,147.0,19.0,10.0,1.0,17.0,0.285,0.449,8.0,0,1.0,,66.0,2,1,4.0,2.0,,18.73548387096774,18.651999999999997
1986,CL,中日ドラゴンズ,81283860,古谷　盛人,M.Furutani,1.0,1.0,1.0,0.0,0.0,0.0,0.0,0.0,0.0,0.0,0.0,0,0.0,0.0,0.0,0,0.0,1.0,0.0,0.0,0.0,0.0,0.0,0.0,0.0,0.0,0.0,0.0,100.0,0.0,nan,0.0,0.0,0.0,0.0,0.0,0.0,0.0,0.0,1.0,1.0,1.0,0.0,0.0,0.0,0.0,0.0,0.0,0.0,0,0.0,,0.0,0.0,0,0.0,0.0,,0.0,-0.098
1986,CL,東京ヤクルトスワローズ,81283862,柳田　昌夫,M.Yanada,8.0,5.0,4.0,1.0,0.0,0.0,0.0,0.0,0.0,0.0,1,0,0.0,0.0,0.0,0,1.0,1.0,0.0,0.0,0.2,0.0,0.2,0.0,0.0,0.2,0.2,0.0,20.0,0.0,0.0,0.09000000000000001,200.0,0.0,0.25,0.0,0.0,0.0,0.0,8.0,5.0,4.0,0.0,0.0,0.0,1.0,0.2,0.0,0.0,0,1.0,,0.0,1,0,0.0,0.0,,0.0,-0.062
1986,CL,阪神タイガース,81383826,川藤　幸三,K.Kawatou,49.0,49.0,49.0,5.0,13.0,0.0,0.0,5.0,28.0,14.0,0.0,0,0.0,0.0,0.0,0,0.0,12.0,1.0,0.265,0.265,0.571,0.836,8.0,0.30599999999999994,0.0,0.571,0.0,24.489795918367346,0.0,0.25,0.262,455.33333333333337,0.30612244897959184,0.7567567567567568,0.265,13.0,5.0,14.0,49.0,49.0,49.0,8.0,0.0,0.0,5.0,0.265,0.571,0.0,0,0.0,,28.0,0.0,0,0.0,0.0,,7.428571428571429,7.671999999999999
1986,CL,中日ドラゴンズ,81383843,大島　康徳,Y.Ooshima,110.0,380.0,339.0,37.0,88.0,9.0,1.0,20.0,159.0,45.0,1,0,0.0,2.0,37.0,0,2.0,68.0,4.0,0.26,0.334,0.469,0.8029999999999999,58.0,0.20899999999999996,0.07400000000000001,0.5429999999999999,9.736842105263158,17.894736842105264,0.5441176470588235,0.26877470355731226,0.26755,490.33333333333337,0.3185840707964602,0.7764705882352941,0.26,88.0,20.0,45.0,110.0,380.0,339.0,58.0,9.0,1.0,37.0,0.334,0.469,37.0,0,2.0,,159.0,1,0,0.0,2.0,,52.859042553191486,53.592
1986,CL,読売ジャイアンツ,81383844,篠塚　和典,K.Shinozuka,128.0,529.0,485.0,64.0,141.0,25.0,3.0,8.0,196.0,43.0,3,2,17.0,4.0,23.0,0,0.0,54.0,8.0,0.291,0.32,0.404,0.724,105.0,0.11300000000000004,0.029000000000000026,0.433,4.3478260869565215,10.207939508506616,0.42592592592592593,0.3114754098360656,0.24500000000000002,454.6666666666667,0.16494845360824742,0.6278409090909091,0.291,141.0,8.0,43.0,128.0,529.0,485.0,105.0,25.0,3.0,64.0,0.32,0.404,23.0,0,0.0,,196.0,3,2,17.0,4.0,,63.275590551181104,59.378
1986,CL,横浜DeNAベイスターズ,81383861,木田　勇,I.Kida,39.0,57.0,54.0,1.0,5.0,0.0,1.0,0.0,7.0,2.0,0.0,0,1.0,1.0,1.0,0,0.0,19.0,0.0,0.093,0.107,0.13,0.237,4.0,0.037000000000000005,0.013999999999999999,0.144,1.7543859649122806,33.33333333333333,0.05263157894736842,0.1388888888888889,0.08065,150.33333333333331,0.05555555555555555,0.16326530612244897,0.093,5.0,0.0,2.0,39.0,57.0,54.0,4.0,0.0,1.0,1.0,0.107,0.13,1.0,0,0.0,,7.0,0.0,0,1.0,1.0,,0.7636363636363637,-1.4320000000000004
1986,CL,中日ドラゴンズ,81383863,郭　源治,G.Kaku,30.0,59.0,52.0,0.0,5.0,0.0,0.0,0.0,5.0,4.0,0.0,0,7.0,0.0,0.0,0,0.0,19.0,0.0,0.096,0.096,0.096,0.192,5.0,0.0,0.0,0.096,0.0,32.20338983050847,0.0,0.15151515151515152,0.06720000000000001,128.0,0.0,0.10638297872340426,0.096,5.0,0.0,4.0,30.0,59.0,52.0,5.0,0.0,0.0,0.0,0.096,0.096,0.0,0,0.0,,5.0,0.0,0,7.0,0.0,,0.4807692307692308,-2.106
1986,CL,横浜DeNAベイスターズ,81383865,河野　誉彦,Y.Kawano,43.0,52.0,47.0,4.0,9.0,0.0,0.0,0.0,9.0,0.0,0.0,0,3.0,0.0,1.0,0,1.0,14.0,2.0,0.191,0.224,0.191,0.41500000000000004,9.0,0.0,0.033,0.224,1.9230769230769231,26.923076923076923,0.07142857142857142,0.2727272727272727,0.14855000000000002,287.6666666666667,0.02127659574468085,0.275,0.191,9.0,0.0,0.0,43.0,52.0,47.0,9.0,0.0,0.0,4.0,0.224,0.191,1.0,0,1.0,,9.0,0.0,0,3.0,0.0,,1.875,1.436
1986,CL,中日ドラゴンズ,81383867,金田　進,S.Kaneda,7.0,7.0,7.0,0.0,1.0,0.0,0.0,0.0,1.0,0.0,0.0,0,0.0,0.0,0.0,0,0.0,1.0,0.0,0.143,0.143,0.143,0.286,1.0,0.0,0.0,0.143,0.0,14.285714285714285,0.0,0.16666666666666666,0.1001,190.66666666666666,0.0,0.16666666666666666,0.143,1.0,0.0,0.0,7.0,7.0,7.0,1.0,0.0,0.0,0.0,0.143,0.143,0.0,0,0.0,,1.0,0.0,0,0.0,0.0,,0.14285714285714285,-0.08800000000000008
1986,CL,広島東洋カープ,81583846,達川　光男,M.Tatsukawa,128.0,467.0,416.0,42.0,114.0,21.0,1.0,9.0,164.0,46.0,1,0,10.0,2.0,34.0,0,5.0,42.0,5.0,0.274,0.335,0.394,0.7290000000000001,83.0,0.12,0.061,0.455,7.28051391862955,8.993576017130621,0.8095238095238095,0.28610354223433243,0.24925000000000003,466.33333333333337,0.20192307692307693,0.6612377850162866,0.274,114.0,9.0,46.0,128.0,467.0,416.0,83.0,21.0,1.0,42.0,0.335,0.394,34.0,0,5.0,,164.0,1,0,10.0,2.0,,53.937777777777775,53.89399999999999
1986,CL,東京ヤクルトスワローズ,81583865,鈴木　正幸,M.Suzuki,19.0,0.0,0.0,0.0,0.0,0.0,0.0,0.0,0.0,0.0,0.0,0,0.0,0.0,0.0,0,0.0,0.0,0.0,,,,0.0,0.0,0.0,0.0,,nan,nan,nan,nan,0.0,0.0,nan,nan,,0.0,0.0,0.0,19.0,0.0,0.0,0.0,0.0,0.0,0.0,,,0.0,0,0.0,,0.0,0.0,0,0.0,0.0,,nan,0.0
1986,CL,中日ドラゴンズ,81583867,近藤　満,M.Kondou,1.0,0.0,0.0,0.0,0.0,0.0,0.0,0.0,0.0,0.0,0.0,0,0.0,0.0,0.0,0,0.0,0.0,0.0,,,,0.0,0.0,0.0,0.0,,nan,nan,nan,nan,0.0,0.0,nan,nan,,0.0,0.0,0.0,1.0,0.0,0.0,0.0,0.0,0.0,0.0,,,0.0,0,0.0,,0.0,0.0,0,0.0,0.0,,nan,0.0
1986,CL,読売ジャイアンツ,81583869,斎藤　雅樹,M.Saitou,36.0,22.0,20.0,2.0,6.0,1.0,0.0,0.0,7.0,2.0,0.0,0,1.0,0.0,1.0,0,0.0,5.0,0.0,0.3,0.333,0.35,0.683,5.0,0.04999999999999999,0.03300000000000003,0.383,4.545454545454546,22.727272727272727,0.2,0.4,0.23735,449.6666666666667,0.1,0.5714285714285714,0.3,6.0,0.0,2.0,36.0,22.0,20.0,5.0,1.0,0.0,2.0,0.333,0.35,1.0,0,0.0,,7.0,0.0,0,1.0,0.0,,2.3333333333333335,2.178
1986,CL,横浜DeNAベイスターズ,81783845,高木　由一,Y.Takagi,69.0,102.0,91.0,3.0,22.0,6.0,0.0,0.0,28.0,14.0,1,0,0.0,1.0,10.0,0,0.0,15.0,3.0,0.242,0.314,0.308,0.622,16.0,0.066,0.07200000000000001,0.38,9.803921568627452,14.705882352941178,0.6666666666666666,0.2857142857142857,0.2183,416.6666666666667,0.17582417582417584,0.5277777777777778,0.242,22.0,0.0,14.0,69.0,102.0,91.0,16.0,6.0,0.0,3.0,0.314,0.308,10.0,0,0.0,,28.0,1,0,0.0,1.0,,8.871287128712872,8.858
1986,CL,東京ヤクルトスワローズ,81983862,西沢　浩一,K.Nishizawa,1.0,0.0,0.0,0.0,0.0,0.0,0.0,0.0,0.0,0.0,0.0,0,0.0,0.0,0.0,0,0.0,0.0,0.0,,,,0.0,0.0,0.0,0.0,,nan,nan,nan,nan,0.0,0.0,nan,nan,,0.0,0.0,0.0,1.0,0.0,0.0,0.0,0.0,0.0,0.0,,,0.0,0,0.0,,0.0,0.0,0,0.0,0.0,,nan,0.0
1986,CL,東京ヤクルトスワローズ,91093849,水谷　新太郎,S.Mizutani,93.0,309.0,274.0,34.0,65.0,6.0,2.0,1.0,78.0,15.0,21,5,16.0,0.0,17.0,0,2.0,38.0,4.0,0.237,0.287,0.285,0.572,56.0,0.04799999999999999,0.04999999999999999,0.3349999999999999,5.501618122977346,12.297734627831716,0.4473684210526316,0.2723404255319149,0.20039999999999997,381.99999999999994,0.12773722627737227,0.4788732394366197,0.237,65.0,1.0,15.0,93.0,309.0,274.0,56.0,6.0,2.0,34.0,0.287,0.285,17.0,0,2.0,,78.0,21,5,16.0,0.0,,21.97938144329897,22.528
1986,CL,広島東洋カープ,91093867,西田　真二,S.Nishida,25.0,25.0,21.0,1.0,4.0,1.0,1.0,0.0,7.0,5.0,0.0,0,0.0,1.0,3.0,0,0.0,9.0,0.0,0.19,0.28,0.333,0.613,2.0,0.14300000000000002,0.09000000000000002,0.423,12.0,36.0,0.3333333333333333,0.3076923076923077,0.20925000000000005,391.0,0.2857142857142857,0.5882352941176471,0.19,4.0,0.0,5.0,25.0,25.0,21.0,2.0,1.0,1.0,1.0,0.28,0.333,3.0,0,0.0,,7.0,0.0,0,0.0,1.0,,2.0416666666666665,2.0839999999999996
1986,CL,中日ドラゴンズ,91093869,仁村　徹,T.Nimura,36.0,55.0,50.0,2.0,10.0,1.0,0.0,2.0,17.0,8.0,1,0,3.0,1.0,1.0,0,0.0,15.0,1.0,0.2,0.212,0.34,0.552,7.0,0.14,0.011999999999999983,0.352,1.8181818181818181,27.27272727272727,0.06666666666666667,0.23529411764705882,0.1804,325.33333333333337,0.16,0.43902439024390244,0.2,10.0,2.0,8.0,36.0,55.0,50.0,7.0,1.0,0.0,2.0,0.212,0.34,1.0,0,0.0,,17.0,1,0,3.0,1.0,,3.6666666666666665,3.51
1986,CL,広島東洋カープ,91193844,大野　豊,Y.Oono,16.0,34.0,32.0,1.0,6.0,1.0,0.0,0.0,7.0,1.0,0.0,0,2.0,0.0,0.0,0,0.0,10.0,0.0,0.188,0.188,0.219,0.40700000000000003,5.0,0.031,0.0,0.219,0.0,29.411764705882355,0.0,0.2727272727272727,0.13935,261.0,0.03125,0.2692307692307692,0.188,6.0,0.0,1.0,16.0,34.0,32.0,5.0,1.0,0.0,1.0,0.188,0.219,0.0,0,0.0,,7.0,0.0,0,2.0,0.0,,1.3125,0.6719999999999997
1986,CL,読売ジャイアンツ,91193848,江川　卓,S.Egawa,27.0,74.0,65.0,5.0,11.0,2.0,0.0,0.0,13.0,1.0,0.0,0,7.0,0.0,2.0,0,0.0,23.0,2.0,0.169,0.194,0.2,0.394,9.0,0.031,0.024999999999999994,0.225,2.7027027027027026,31.08108108108108,0.08695652173913043,0.2619047619047619,0.1373,260.6666666666667,0.06153846153846154,0.26785714285714285,0.169,11.0,0.0,1.0,27.0,74.0,65.0,9.0,2.0,0.0,5.0,0.194,0.2,2.0,0,0.0,,13.0,0.0,0,7.0,0.0,,2.5223880597014925,1.3079999999999998
1986,CL,東京ヤクルトスワローズ,91193860,青島　健太,K.Aoshima,14.0,8.0,8.0,1.0,1.0,0.0,0.0,0.0,1.0,1.0,0,1,0.0,0.0,0.0,0,0.0,3.0,0.0,0.125,0.125,0.125,0.25,1.0,0.0,0.0,0.125,0.0,37.5,0.0,0.2,0.0875,166.66666666666666,0.125,0.2857142857142857,0.125,1.0,0.0,1.0,14.0,8.0,8.0,1.0,0.0,0.0,1.0,0.125,0.125,0.0,0,0.0,,1.0,0,1,0.0,0.0,,0.125,-0.006000000000000116
1986,CL,東京ヤクルトスワローズ,91193862,伊東　昭光,A.Itou,35.0,37.0,31.0,2.0,2.0,1.0,0.0,0.0,3.0,1.0,0.0,0,4.0,1.0,1.0,0,0.0,12.0,1.0,0.065,0.091,0.097,0.188,1.0,0.032,0.025999999999999995,0.123,2.7027027027027026,32.432432432432435,0.08333333333333333,0.1,0.06520000000000001,123.33333333333333,0.06451612903225806,0.13333333333333333,0.065,2.0,0.0,1.0,35.0,37.0,31.0,1.0,1.0,0.0,2.0,0.091,0.097,1.0,0,0.0,,3.0,0.0,0,4.0,1.0,,0.28125,-1.292
1986,CL,中日ドラゴンズ,91293862,三浦　将明,M.Miura,5.0,2.0,2.0,1.0,1.0,0.0,0.0,0.0,1.0,0.0,0.0,0,0.0,0.0,0.0,0,0.0,0.0,0.0,0.5,0.5,0.5,1.0,1.0,0.0,0.0,0.5,0.0,0.0,nan,0.5,0.35,666.6666666666666,0.0,1.0,0.5,1.0,0.0,0.0,5.0,2.0,2.0,1.0,0.0,0.0,1.0,0.5,0.5,0.0,0,0.0,,1.0,0.0,0,0.0,0.0,,0.5,0.402
1986,CL,横浜DeNAベイスターズ,91293867,広瀬　新太郎,S.Hirose,3.0,0.0,0.0,0.0,0.0,0.0,0.0,0.0,0.0,0.0,0.0,0,0.0,0.0,0.0,0,0.0,0.0,0.0,,,,0.0,0.0,0.0,0.0,,nan,nan,nan,nan,0.0,0.0,nan,nan,,0.0,0.0,0.0,3.0,0.0,0.0,0.0,0.0,0.0,0.0,,,0.0,0,0.0,,0.0,0.0,0,0.0,0.0,,nan,0.0
1986,CL,広島東洋カープ,91393842,北別府　学,M.Kitabeppu,30.0,86.0,78.0,3.0,9.0,0.0,0.0,0.0,9.0,1.0,0.0,0,5.0,0.0,3.0,0,0.0,34.0,0.0,0.115,0.148,0.115,0.263,9.0,0.0,0.03299999999999999,0.148,3.488372093023256,39.53488372093023,0.08823529411764706,0.20454545454545456,0.09534999999999999,186.33333333333331,0.038461538461538464,0.17391304347826086,0.115,9.0,0.0,1.0,30.0,86.0,78.0,9.0,0.0,0.0,3.0,0.148,0.115,3.0,0,0.0,,9.0,0.0,0,5.0,0.0,,1.3333333333333333,-1.2720000000000002
1986,CL,読売ジャイアンツ,91393860,岡本　光,K.Okamoto,8.0,2.0,2.0,0.0,0.0,0.0,0.0,0.0,0.0,0.0,0.0,0,0.0,0.0,0.0,0,0.0,2.0,0.0,0.0,0.0,0.0,0.0,0.0,0.0,0.0,0.0,0.0,100.0,0.0,nan,0.0,0.0,0.0,0.0,0.0,0.0,0.0,0.0,8.0,2.0,2.0,0.0,0.0,0.0,0.0,0.0,0.0,0.0,0,0.0,,0.0,0.0,0,0.0,0.0,,0.0,-0.196
1986,CL,横浜DeNAベイスターズ,91593842,田代　富雄,T.Tashiro,67.0,222.0,200.0,22.0,48.0,9.0,0.0,13.0,96.0,40.0,0,2,0.0,4.0,17.0,0,1.0,52.0,5.0,0.24,0.297,0.48,0.7769999999999999,26.0,0.24,0.056999999999999995,0.5369999999999999,7.657657657657657,23.423423423423422,0.3269230769230769,0.2517985611510791,0.25365,456.99999999999994,0.335,0.7388535031847133,0.24,48.0,13.0,40.0,67.0,222.0,200.0,26.0,9.0,0.0,22.0,0.297,0.48,17.0,0,1.0,,96.0,0,2,0.0,4.0,,28.755760368663594,29.604
1986,CL,読売ジャイアンツ,91593846,角　盈男,M.Sumi,54.0,6.0,5.0,0.0,0.0,0.0,0.0,0.0,0.0,0.0,0.0,0,1.0,0.0,0.0,0,0.0,2.0,0.0,0.0,0.0,0.0,0.0,0.0,0.0,0.0,0.0,0.0,33.33333333333333,0.0,0.0,0.0,0.0,0.0,0.0,0.0,0.0,0.0,0.0,54.0,6.0,5.0,0.0,0.0,0.0,0.0,0.0,0.0,0.0,0,0.0,,0.0,0.0,0,1.0,0.0,,0.0,-0.49
1986,CL,広島東洋カープ,91593849,木下　富雄,T.Kinoshita,102.0,165.0,144.0,13.0,30.0,2.0,0.0,1.0,35.0,9.0,4,1,12.0,0.0,8.0,0,1.0,17.0,5.0,0.208,0.255,0.243,0.498,27.0,0.035,0.047000000000000014,0.29,4.848484848484849,10.303030303030303,0.47058823529411764,0.23015873015873015,0.1755,336.0,0.09722222222222222,0.37815126050420167,0.208,30.0,1.0,9.0,102.0,165.0,144.0,27.0,2.0,0.0,13.0,0.255,0.243,8.0,0,1.0,,35.0,4,1,12.0,0.0,,8.75,8.357999999999997
1986,CL,阪神タイガース,91593860,R.ゲイル,R.Gale,27.0,63.0,57.0,4.0,9.0,1.0,0.0,2.0,16.0,9.0,0.0,0,5.0,1.0,0.0,0,0.0,33.0,0.0,0.158,0.155,0.281,0.43600000000000005,6.0,0.12300000000000003,-0.0030000000000000027,0.278,0.0,52.38095238095239,0.0,0.30434782608695654,0.14,248.66666666666669,0.12280701754385964,0.3333333333333333,0.158,9.0,2.0,9.0,27.0,63.0,57.0,6.0,1.0,0.0,4.0,0.155,0.281,0.0,0,0.0,,16.0,0.0,0,5.0,1.0,,2.526315789473684,1.895999999999999
1986,CL,中日ドラゴンズ,91593862,斉藤　学,M.Saitou,8.0,1.0,1.0,0.0,0.0,0.0,0.0,0.0,0.0,0.0,0.0,0,0.0,0.0,0.0,0,0.0,1.0,0.0,0.0,0.0,0.0,0.0,0.0,0.0,0.0,0.0,0.0,100.0,0.0,nan,0.0,0.0,0.0,0.0,0.0,0.0,0.0,0.0,8.0,1.0,1.0,0.0,0.0,0.0,0.0,0.0,0.0,0.0,0,0.0,,0.0,0.0,0,0.0,0.0,,0.0,-0.098
1986,CL,横浜DeNAベイスターズ,91593863,久保　文雄,F.Kubo,22.0,0.0,0.0,0.0,0.0,0.0,0.0,0.0,0.0,0.0,0.0,0,0.0,0.0,0.0,0,0.0,0.0,0.0,,,,0.0,0.0,0.0,0.0,,nan,nan,nan,nan,0.0,0.0,nan,nan,,0.0,0.0,0.0,22.0,0.0,0.0,0.0,0.0,0.0,0.0,,,0.0,0,0.0,,0.0,0.0,0,0.0,0.0,,nan,0.0
1986,CL,広島東洋カープ,91593865,斉藤　浩行,H.Saitou,2.0,2.0,2.0,0.0,1.0,0.0,0.0,0.0,1.0,0.0,0.0,0,0.0,0.0,0.0,0,0.0,1.0,0.0,0.5,0.5,0.5,1.0,1.0,0.0,0.0,0.5,0.0,50.0,0.0,1.0,0.35,666.6666666666666,0.0,1.0,0.5,1.0,0.0,0.0,2.0,2.0,2.0,1.0,0.0,0.0,0.0,0.5,0.5,0.0,0,0.0,,1.0,0.0,0,0.0,0.0,,0.5,0.402
1986,CL,東京ヤクルトスワローズ,91593867,黒田　真二,S.Kuroda,11.0,2.0,2.0,0.0,0.0,0.0,0.0,0.0,0.0,0.0,0.0,0,0.0,0.0,0.0,0,0.0,1.0,0.0,0.0,0.0,0.0,0.0,0.0,0.0,0.0,0.0,0.0,50.0,0.0,0.0,0.0,0.0,0.0,0.0,0.0,0.0,0.0,0.0,11.0,2.0,2.0,0.0,0.0,0.0,0.0,0.0,0.0,0.0,0,0.0,,0.0,0.0,0,0.0,0.0,,0.0,-0.196
1986,CL,読売ジャイアンツ,91793828,高橋　直樹,N.Takahashi,4.0,3.0,3.0,0.0,0.0,0.0,0.0,0.0,0.0,0.0,0.0,0,0.0,0.0,0.0,0,0.0,1.0,0.0,0.0,0.0,0.0,0.0,0.0,0.0,0.0,0.0,0.0,33.33333333333333,0.0,0.0,0.0,0.0,0.0,0.0,0.0,0.0,0.0,0.0,4.0,3.0,3.0,0.0,0.0,0.0,0.0,0.0,0.0,0.0,0,0.0,,0.0,0.0,0,0.0,0.0,,0.0,-0.29400000000000004
1986,CL,読売ジャイアンツ,91793842,西本　聖,T.Nishimoto,23.0,35.0,31.0,2.0,1.0,0.0,0.0,0.0,1.0,1.0,0.0,0,3.0,1.0,0.0,0,0.0,21.0,0.0,0.032,0.031,0.032,0.063,1.0,0.0,-0.0010000000000000009,0.031,0.0,60.0,0.0,0.09090909090909091,0.02195,41.666666666666664,0.0,0.03333333333333333,0.032,1.0,0.0,1.0,23.0,35.0,31.0,1.0,0.0,0.0,2.0,0.031,0.032,0.0,0,0.0,,1.0,0.0,0,3.0,1.0,,0.03225806451612903,-2.44
1986,CL,広島東洋カープ,91793860,正田　耕三,K.Shouda,90.0,244.0,219.0,28.0,63.0,8.0,1.0,1.0,76.0,11.0,10,7,8.0,0.0,14.0,0,3.0,24.0,5.0,0.288,0.339,0.347,0.6859999999999999,53.0,0.059,0.051000000000000045,0.398,5.737704918032787,9.836065573770492,0.5833333333333334,0.31958762886597936,0.2393,454.6666666666667,0.1552511415525114,0.6211180124223602,0.288,63.0,1.0,11.0,90.0,244.0,219.0,53.0,8.0,1.0,28.0,0.339,0.347,14.0,0,3.0,,76.0,10,7,8.0,0.0,,25.11587982832618,26.321999999999992
1986,CL,横浜DeNAベイスターズ,91793862,大門　和彦,K.Daimon,28.0,29.0,27.0,3.0,5.0,1.0,1.0,0.0,8.0,2.0,0.0,0,1.0,0.0,1.0,0,0.0,11.0,0.0,0.185,0.214,0.296,0.51,3.0,0.11099999999999999,0.028999999999999998,0.3249999999999999,3.4482758620689653,37.93103448275862,0.09090909090909091,0.3125,0.1703,312.66666666666663,0.14814814814814814,0.4090909090909091,0.185,5.0,0.0,2.0,28.0,29.0,27.0,3.0,1.0,1.0,3.0,0.214,0.296,1.0,0,0.0,,8.0,0.0,0,1.0,0.0,,1.7142857142857142,1.4339999999999997
1986,CL,中日ドラゴンズ,91793863,杉本　正,T.Sugimoto,31.0,60.0,53.0,3.0,7.0,1.0,0.0,0.0,8.0,7.0,0.0,0,5.0,0.0,2.0,0,0.0,16.0,0.0,0.132,0.164,0.151,0.315,6.0,0.01899999999999999,0.032,0.183,3.3333333333333335,26.666666666666668,0.125,0.1891891891891892,0.11155000000000001,214.33333333333334,0.05660377358490566,0.21739130434782608,0.132,7.0,0.0,7.0,31.0,60.0,53.0,6.0,1.0,0.0,3.0,0.164,0.151,2.0,0,0.0,,8.0,0.0,0,5.0,0.0,,1.309090909090909,-0.1280000000000001
1986,CL,東京ヤクルトスワローズ,91793869,髙野　光,H.Takano,33.0,72.0,63.0,1.0,6.0,2.0,0.0,0.0,8.0,2.0,0.0,0,8.0,0.0,1.0,0,0.0,24.0,1.0,0.095,0.109,0.127,0.236,4.0,0.032,0.013999999999999999,0.141,1.3888888888888888,33.33333333333333,0.041666666666666664,0.15384615384615385,0.08080000000000001,151.33333333333331,0.047619047619047616,0.15517241379310345,0.095,6.0,0.0,2.0,33.0,72.0,63.0,4.0,2.0,0.0,1.0,0.109,0.127,1.0,0,0.0,,8.0,0.0,0,8.0,0.0,,0.875,-1.8160000000000003
1986,CL,中日ドラゴンズ,91993861,豊田　成佑,S.Toyoda,62.0,52.0,45.0,5.0,9.0,1.0,0.0,1.0,13.0,5.0,0.0,0,1.0,0.0,6.0,0,0.0,15.0,2.0,0.2,0.294,0.289,0.583,7.0,0.08899999999999997,0.09399999999999997,0.3829999999999999,11.538461538461538,28.846153846153843,0.4,0.27586206896551724,0.20455,390.3333333333333,0.2222222222222222,0.5,0.2,9.0,1.0,5.0,62.0,52.0,45.0,7.0,1.0,0.0,5.0,0.294,0.289,6.0,0,0.0,,13.0,0.0,0,1.0,0.0,,3.823529411764706,4.112
1986,CL,横浜DeNAベイスターズ,91993862,中山　裕章,H.Nakayama,18.0,8.0,8.0,0.0,2.0,1.0,0.0,0.0,3.0,2.0,0.0,0,0.0,0.0,0.0,0,0.0,4.0,0.0,0.25,0.25,0.375,0.625,1.0,0.125,0.0,0.375,0.0,50.0,0.0,0.5,0.20625,375.0,0.125,0.5,0.25,2.0,0.0,2.0,18.0,8.0,8.0,1.0,1.0,0.0,0.0,0.25,0.375,0.0,0,0.0,,3.0,0.0,0,0.0,0.0,,0.75,0.6319999999999999
