game_id,inning,top_bottom,bat_order,pitcher_id,batter_id,pitch_no,pitch_type,speed_kmh,result,zone_top_px,zone_left_px,zone_row,zone_col,zone_id
2021040033,1,表,1,2050307,1100061,1,ストレート,,ボール,40.0,8.0,1,1,7
2021040033,1,表,1,2050307,1100061,2,スライダー,,ファウル,56.0,50.0,1,4,10
2021040033,1,表,1,2050307,1100061,3,スライダー,,ファウル,36.0,39.0,1,4,10
2021040033,1,表,1,2050307,1100061,4,ストレート,,右飛[野手の正面をつく],23.0,52.0,0,4,5
2021040033,1,表,2,2050307,1600134,1,ストレート,,空振り,17.0,82.0,0,4,5
2021040033,1,表,2,2050307,1600134,2,ストレート,,二飛[高々と舞い上がる],26.0,36.0,0,3,4
2021040033,1,表,3,2050307,1700122,1,スライダー,,ボール,16.0,117.0,0,4,5
2021040033,1,表,3,2050307,1700122,2,フォーク,,見逃し,50.0,112.0,1,4,10
2021040033,1,表,3,2050307,1700122,3,ストレート,,左安,124.0,112.0,3,4,20
2021040033,1,表,4,2050307,1950417,1,カーブ,,見逃し,56.0,34.0,1,3,9
2021040033,1,表,4,2050307,1950417,2,フォーク,,ファウル,24.0,84.0,0,4,5
2021040033,1,表,4,2050307,1950417,3,ストレート,,ファウル,16.0,63.0,0,4,5
2021040033,1,表,4,2050307,1950417,4,スライダー,,中飛,65.0,56.0,1,4,10
2021040033,1,裏,1,900069,1800081,1,ストレート,,ファウル,76.0,23.0,2,2,13
2021040033,1,裏,1,900069,1800081,2,カットボール,,ファウル,48.0,94.0,1,4,10
2021040033,1,裏,1,900069,1800081,3,ストレート,,ボール,151.0,52.0,4,4,25
2021040033,1,裏,1,900069,1800081,4,ストレート,,ファウル,29.0,85.0,0,4,5
2021040033,1,裏,1,900069,1800081,5,ストレート,,ボール,24.0,131.0,0,4,5
2021040033,1,裏,1,900069,1800081,6,スプリット,,ボール[ワンバウンド],172.0,92.0,4,4,25
2021040033,1,裏,1,900069,1800081,7,スプリット,,ファウル,41.0,100.0,1,4,10
2021040033,1,裏,1,900069,1800081,8,カーブ,,見三振,78.0,112.0,2,4,15
2021040033,1,裏,2,2000084,1800081,1,スライダー,,空振り[フルスイング],40.0,97.0,1,4,10
2021040033,1,裏,2,2000084,1800081,2,スライダー,,中飛,51.0,72.0,1,4,10
2021040033,1,裏,3,1850932,1800081,1,スプリット,,見逃し,124.0,102.0,3,4,20
2021040033,1,裏,3,1850932,1800081,2,カットボール,,二ゴロ,151.0,13.0,4,1,22
2021040033,2,表,1,2050307,2000073,1,カーブ,,見逃し,144.0,49.0,4,4,25
2021040033,2,表,1,2050307,2000073,2,ストレート,,ボール,121.0,12.0,3,1,17
2021040033,2,表,1,2050307,2000073,3,チェンジアップ,,空振り,79.0,102.0,2,4,15
2021040033,2,表,1,2050307,2000073,4,フォーク,,ボール[ワンバウンド],170.0,55.0,4,4,25
2021040033,2,表,1,2050307,2000073,5,フォーク,,ファウル,126.0,95.0,3,4,20
2021040033,2,表,1,2050307,2000073,6,ストレート,,ボール,25.0,122.0,0,4,5
2021040033,2,表,1,2050307,2000073,7,フォーク,,右安,120.0,92.0,3,4,20
2021040033,2,表,2,2050307,2117028,1,ストレート,,ボール,24.0,16.0,0,2,3
2021040033,2,表,2,2050307,2117028,2,ストレート,,見逃し,129.0,60.0,3,4,20
2021040033,2,表,2,2050307,2117028,3,カーブ,,ボール[ワンバウンド],175.0,20.0,4,2,23
2021040033,2,表,3,2050307,2000069,1,スライダー,,ボール,15.0,120.0,0,4,5
2021040033,2,表,3,2050307,2000069,2,フォーク,,ファウル,28.0,40.0,0,4,5
2021040033,2,表,3,2050307,2000069,3,チェンジアップ,,空振り,156.0,78.0,4,4,25
2021040033,2,表,3,2050307,2000069,4,ストレート,,ボール[ベンチに戻りかける],105.0,117.0,3,4,20
2021040033,2,表,3,2050307,2000069,5,スライダー,,遊ゴロ,51.0,73.0,1,4,10
2021040033,2,裏,1,2108090,1800081,1,スプリット,,見逃し,126.0,99.0,3,4,20
2021040033,2,裏,1,2108090,1800081,2,カットボール,,ボール[ワンバウンド],165.0,45.0,4,4,25
2021040033,2,裏,1,2108090,1800081,3,スライダー,,ファウル,116.0,56.0,3,4,20
2021040033,2,裏,1,2108090,1800081,4,スライダー,,ボール[ワンバウンド],170.0,67.0,4,4,25
2021040033,2,裏,1,2108090,1800081,5,カーブ,,左飛,140.0,64.0,4,4,25
2021040033,2,裏,2,1800093,1800081,1,ストレート,,空振り,30.0,90.0,0,4,5
2021040033,2,裏,2,1800093,1800081,2,ストレート,,ボール,54.0,7.0,1,1,7
2021040033,2,裏,2,1800093,1800081,3,ストレート,,見逃し,122.0,40.0,3,4,20
2021040033,2,裏,2,1800093,1800081,4,ストレート,,ファウル,53.0,44.0,1,4,10
2021040033,2,裏,2,1800093,1800081,5,ストレート,,ファウル,56.0,64.0,1,4,10
2021040033,2,裏,2,1800093,1800081,6,スイーパー,,ファウル,58.0,57.0,1,4,10
2021040033,2,裏,2,1800093,1800081,7,ストレート,,空三振[ファウルチップ],46.0,100.0,1,4,10
2021040033,2,裏,3,1000100,1800081,1,カットボール,,ボール,25.0,119.0,0,4,5
2021040033,2,裏,3,1000100,1800081,2,カットボール,,見逃し,51.0,102.0,1,4,10
2021040033,2,裏,3,1000100,1800081,3,スプリット,,空振り,159.0,59.0,4,4,25
2021040033,2,裏,3,1000100,1800081,4,ストレート,,ボール,2.0,55.0,0,4,5
2021040033,2,裏,3,1000100,1800081,5,ストレート,,ボール,153.0,40.0,4,4,25
2021040033,2,裏,3,1000100,1800081,6,ストレート,,空三振[ファウルチップ],79.0,119.0,2,4,15
2021040033,3,表,1,2050307,1750472,1,スイーパー,,ボール,154.0,15.0,4,2,23
2021040033,3,表,1,2050307,1750472,2,ストレート,,ボール,135.0,12.0,3,1,17
2021040033,3,表,1,2050307,1750472,3,フォーク,,見逃し,116.0,83.0,3,4,20
2021040033,3,表,1,2050307,1750472,4,ストレート,,二ゴロ[逆シングル],106.0,44.0,3,4,20
2021040033,3,表,2,2050307,2103618,1,スイーパー,,ボール,52.0,122.0,1,4,10
2021040033,3,表,2,2050307,2103618,2,フォーク,,見逃し,138.0,74.0,4,4,25
2021040033,3,表,2,2050307,2103618,3,スライダー,,見逃し,55.0,92.0,1,4,10
2021040033,3,表,2,2050307,2103618,4,ストレート,,死球[打者が腰を引いて避ける、転倒],51.0,-1.0,1,0,6
2021040033,3,表,3,2050307,1100061,1,ストレート,,見逃し,134.0,80.0,3,4,20
2021040033,3,表,3,2050307,1100061,2,スイーパー,,三ゴロ[併殺崩れ],86.0,84.0,2,4,15
2021040033,3,表,4,2050307,1600134,1,スライダー,,見逃し,47.0,28.0,1,3,9
2021040033,3,表,4,2050307,1600134,2,フォーク,,空振り,45.0,112.0,1,4,10
2021040033,3,表,4,2050307,1600134,3,ストレート,,ボール,19.0,123.0,0,4,5
2021040033,3,表,4,2050307,1600134,4,チェンジアップ,,右安,28.0,84.0,0,4,5
2021040033,3,表,5,2050307,1700122,1,チェンジアップ,,一ゴロ[引っかけ],86.0,90.0,2,4,15
2021040033,3,裏,1,1800091,1800081,1,スライダー,,ファウル[自打球],58.0,83.0,1,4,10
2021040033,3,裏,1,1800091,1800081,2,カーブ,,ボール[ワンバウンド],168.0,25.0,4,2,23
2021040033,3,裏,1,1800091,1800081,3,カーブ,,見逃し,131.0,42.0,3,4,20
2021040033,3,裏,1,1800091,1800081,4,ストレート,,右安,85.0,65.0,2,4,15
2021040033,3,裏,2,1800095,1800081,1,ストレート,,ファウル,53.0,32.0,1,3,9
2021040033,3,裏,2,1800095,1800081,2,カットボール,,一失,88.0,24.0,2,2,13
2021040033,3,裏,3,1851204,1800081,1,ストレート,,一併打,50.0,59.0,1,4,10
2021040033,3,裏,4,900069,1800081,1,ストレート,,ボール,13.0,109.0,0,4,5
2021040033,3,裏,4,900069,1800081,2,スプリット,,ボール[すっぽ抜け],21.0,132.0,0,4,5
2021040033,3,裏,4,900069,1800081,3,ストレート,,ボール,21.0,89.0,0,4,5
2021040033,3,裏,4,900069,1800081,4,ストレート,,見逃し,51.0,73.0,1,4,10
2021040033,3,裏,4,900069,1800081,5,ストレート,,四球,22.0,112.0,0,4,5
2021040033,3,裏,5,2000084,1800081,1,スプリット,,空振り,154.0,60.0,4,4,25
2021040033,3,裏,5,2000084,1800081,2,ストレート,,見逃し,125.0,22.0,3,2,18
2021040033,3,裏,5,2000084,1800081,3,ストレート,,ボール,132.0,15.0,3,2,18
2021040033,3,裏,5,2000084,1800081,4,カットボール,,空三振,78.0,13.0,2,1,12
2021040033,4,表,1,2050307,1950417,1,カーブ,,見逃し,132.0,27.0,3,3,19
2021040033,4,表,1,2050307,1950417,2,ストレート,,中２,47.0,30.0,1,3,9
2021040033,4,表,2,2050307,2000073,1,ストレート,,見逃し,111.0,40.0,3,4,20
2021040033,4,表,2,2050307,2000073,2,フォーク,,一ゴロ,155.0,24.0,4,2,23
2021040033,4,表,3,2050307,2117028,1,スイーパー,,ファウル,135.0,13.0,3,1,17
2021040033,4,表,3,2050307,2117028,2,ストレート,,ボール,19.0,36.0,0,3,4
2021040033,4,表,3,2050307,2117028,3,スイーパー,,ボール,116.0,10.0,3,1,17
2021040033,4,表,3,2050307,2117028,4,フォーク,,三飛[高々と舞い上がる],22.0,72.0,0,4,5
2021040033,4,表,4,2050307,2000069,1,ストレート,,ボール,18.0,95.0,0,4,5
2021040033,4,表,4,2050307,2000069,2,スライダー,,ボール,126.0,17.0,3,2,18
2021040033,4,表,4,2050307,2000069,3,フォーク,,空振り,168.0,56.0,4,4,25
2021040033,4,表,4,2050307,2000069,4,ストレート,,ボール,52.0,7.0,1,1,7
2021040033,4,表,4,2050307,2000069,5,フォーク,,四球,160.0,45.0,4,4,25
2021040033,4,表,5,2050307,1750472,1,ストレート,,ファウル,38.0,57.0,1,4,10
2021040033,4,表,5,2050307,1750472,2,ストレート,,ボール,16.0,119.0,0,4,5
2021040033,4,表,5,2050307,1750472,3,フォーク,,三ゴロ,100.0,75.0,2,4,15
2021040033,4,裏,1,1850932,1400182,1,ストレート,,ボール[ワンバウンド],171.0,72.0,4,4,25
2021040033,4,裏,1,1850932,1400182,2,ストレート,,三ゴロ,87.0,92.0,2,4,15
2021040033,4,裏,2,2108090,1400182,1,ツーシーム,,空振り,91.0,123.0,2,4,15
2021040033,4,裏,2,2108090,1400182,2,ストレート,,ボール,22.0,80.0,0,4,5
2021040033,4,裏,2,2108090,1400182,3,ツーシーム,,ボール[ハーフスイング],152.0,125.0,4,4,25
2021040033,4,裏,2,2108090,1400182,4,ツーシーム,,見逃し,130.0,48.0,3,4,20
2021040033,4,裏,2,2108090,1400182,5,カットボール,,ボール,155.0,4.0,4,1,22
2021040033,4,裏,2,2108090,1400182,6,縦スライダー,,ファウル,101.0,59.0,2,4,15
2021040033,4,裏,2,2108090,1400182,7,ストレート,,四球,153.0,84.0,4,4,25
2021040033,4,裏,3,1800093,1400182,1,カットボール,,空振り[ランエンドヒット、ヘッドスライディング、リプレー検証後判定覆る],89.0,40.0,2,4,15
2021040033,4,裏,4,1000100,1400182,1,縦スライダー,,ボール,51.0,125.0,1,4,10
2021040033,4,裏,4,1000100,1400182,2,フォーク,,ファウル,118.0,69.0,3,4,20
2021040033,4,裏,4,1000100,1400182,3,ストレート,,ファウル[フルスイング],50.0,112.0,1,4,10
2021040033,4,裏,4,1000100,1400182,4,縦スライダー,,ボール,67.0,124.0,1,4,10
2021040033,4,裏,4,1000100,1400182,5,縦スライダー,,ファウル,98.0,102.0,2,4,15
2021040033,4,裏,4,1000100,1400182,6,縦スライダー,,ファウル,93.0,40.0,2,4,15
2021040033,4,裏,4,1000100,1400182,7,ストレート,,見三振[判定不服],56.0,22.0,1,2,8
2021040033,5,表,1,2050307,2103618,1,カットボール,145,右安[詰り、ポテンヒット],26.0,30.0,0,3,4
2021040033,5,表,2,2050307,1100061,1,フォーク,133,見逃し,112.0,40.0,3,4,20
2021040033,5,表,2,2050307,1100061,2,ツーシーム,141,空振り,47.0,84.0,1,4,10
2021040033,5,表,2,2050307,1100061,3,スイーパー,130,ファウル[自打球],60.0,32.0,1,3,9
2021040033,5,表,2,2050307,1100061,4,ストレート,147,ボール,16.0,24.0,0,2,3
2021040033,5,表,2,2050307,1100061,5,カットボール,143,投ゴロ[ランエンドヒット],21.0,40.0,0,4,5
2021040033,5,表,3,2050307,1600134,1,フォーク,135,空振り,118.0,23.0,3,2,18
2021040033,5,表,3,2050307,1600134,2,カットボール,141,ボール,154.0,34.0,4,3,24
2021040033,5,表,3,2050307,1600134,3,ストレート,143,中飛[タッチアップ],42.0,69.0,1,4,10
2021040033,5,表,4,2050307,1700122,1,ストレート,149,ボール,19.0,88.0,0,4,5
2021040033,5,表,4,2050307,1700122,2,カーブ,125,ファウル,60.0,60.0,1,4,10
2021040033,5,表,4,2050307,1700122,3,フォーク,135,ファウル,70.0,119.0,2,4,15
2021040033,5,表,4,2050307,1700122,4,チェンジアップ,,一ゴロ,79.0,55.0,2,4,15
2021040033,5,裏,1,1800091,1400182,1,カットボール,145,ボール[ワンバウンド],175.0,18.0,4,2,23
2021040033,5,裏,1,1800091,1400182,2,カットボール,142,ボール,20.0,40.0,0,4,5
2021040033,5,裏,1,1800091,1400182,3,ストレート,144,見逃し,128.0,35.0,3,3,19
2021040033,5,裏,1,1800091,1400182,4,ツーシーム,147,ボール,155.0,12.0,4,1,22
2021040033,5,裏,1,1800091,1400182,5,ツーシーム,147,四球,153.0,68.0,4,4,25
2021040033,5,裏,2,1800095,1400182,1,ストレート,149,ボール[セーフティバント、バント構え],24.0,128.0,0,4,5
2021040033,5,裏,2,1800095,1400182,2,ストレート,149,ファウル[止めたバットに当たる],15.0,82.0,0,4,5
2021040033,5,裏,2,1800095,1400182,3,フォーク,140,ボール,164.0,11.0,4,1,22
2021040033,5,裏,2,1800095,1400182,4,フォーク,142,空振り,158.0,36.0,4,3,24
2021040033,5,裏,2,1800095,1400182,5,ストレート,150,中飛,27.0,98.0,0,4,5
2021040033,5,裏,3,1851204,1400182,1,縦スライダー,133,ファウル[自打球],84.0,33.0,2,3,14
2021040033,5,裏,3,1851204,1400182,2,ストレート,149,ボール,1.0,133.0,0,4,5
2021040033,5,裏,3,1851204,1400182,3,フォーク,141,右安[バウンド高い],51.0,99.0,1,4,10
2021040033,5,裏,4,900069,1400182,1,フォーク,144,空振り,161.0,33.0,4,3,24
2021040033,5,裏,4,900069,1400182,2,フォーク,145,投安,92.0,100.0,2,4,15
2021040033,5,裏,5,2000084,1400182,1,ツーシーム,148,ファウル,61.0,79.0,1,4,10
2021040033,5,裏,5,2000084,1400182,2,ストレート,152,見逃し,126.0,37.0,3,3,19
2021040033,5,裏,5,2000084,1400182,3,ストレート,151,ファウル,18.0,65.0,0,4,5
2021040033,5,裏,5,2000084,1400182,4,縦スライダー,139,ファウル,107.0,67.0,3,4,20
2021040033,5,裏,5,2000084,1400182,5,カットボール,141,ファウル,78.0,32.0,2,3,14
2021040033,5,裏,5,2000084,1400182,6,カットボール,143,空三振[ワンバウンド],166.0,89.0,4,4,25
2021040033,5,裏,6,1850932,1400182,1,カットボール,145,ボール[ワンバウンド],176.0,20.0,4,2,23
2021040033,5,裏,6,1850932,1400182,2,ストレート,149,ファウル,50.0,92.0,1,4,10
2021040033,5,裏,6,1850932,1400182,3,ストレート,150,空振り,82.0,100.0,2,4,15
2021040033,5,裏,6,1850932,1400182,4,カットボール,141,遊ゴロ,78.0,88.0,2,4,15
2021040033,6,表,1,1500110,1950417,1,スライダー,118,遊ゴロ[引っかけ],85.0,33.0,2,3,14
2021040033,6,表,2,1500110,2000073,1,ストレート,139,見逃し,124.0,112.0,3,4,20
2021040033,6,表,2,1500110,2000073,2,ストレート,138,ボール,61.0,120.0,1,4,10
2021040033,6,表,2,1500110,2000073,3,フォーク,129,空振り[フルスイング],138.0,70.0,4,4,25
2021040033,6,表,2,1500110,2000073,4,スライダー,121,右安,38.0,32.0,1,3,9
2021040033,6,表,3,1500110,2117028,1,カットボール,126,右飛,79.0,39.0,2,4,15
2021040033,6,表,4,1500110,2000069,1,ストレート,137,見逃し,81.0,38.0,2,4,15
2021040033,6,表,4,1500110,2000069,2,スライダー,123,一ゴロ,65.0,97.0,1,4,10
2021040033,6,裏,1,2108090,1700125,1,カーブ,100,見逃し,40.0,35.0,1,3,9
2021040033,6,裏,1,2108090,1700125,2,シンカー,129,ボール,111.0,13.0,3,1,17
2021040033,6,裏,1,2108090,1700125,3,カーブ,100,ボール,140.0,124.0,4,4,25
2021040033,6,裏,1,2108090,1700125,4,カーブ,102,空振り[フルスイング],22.0,64.0,0,4,5
2021040033,6,裏,1,2108090,1700125,5,ストレート,127,ファウル,85.0,16.0,2,2,13
2021040033,6,裏,1,2108090,1700125,6,スライダー,114,空三振,64.0,94.0,1,4,10
2021040033,6,裏,2,1800093,1700125,1,ストレート,129,空振り,54.0,20.0,1,2,8
2021040033,6,裏,2,1800093,1700125,2,シンカー,,ファウル,114.0,99.0,3,4,20
2021040033,6,裏,2,1800093,1700125,3,カーブ,112,ボール,15.0,85.0,0,4,5
2021040033,6,裏,2,1800093,1700125,4,カーブ,101,右安,144.0,19.0,4,2,23
2021040033,6,裏,3,1000100,1700125,1,ストレート,127,ボール,152.0,99.0,4,4,25
2021040033,6,裏,3,1000100,1700125,2,ストレート,124,ボール,98.0,10.0,2,1,12
2021040033,6,裏,3,1000100,1700125,3,ストレート,130,ボール,156.0,127.0,4,4,25
2021040033,6,裏,3,1000100,1700125,4,ストレート,129,ファウル,115.0,39.0,3,4,20
2021040033,6,裏,3,1000100,1700125,5,スライダー,112,空振り,84.0,88.0,2,4,15
2021040033,6,裏,3,1000100,1700125,6,スライダー,114,空三振[ランエンドヒット、泳ぎ],121.0,37.0,3,3,19
2021040033,6,裏,4,1800091,1700125,1,シンカー,125,ボール,75.0,120.0,2,4,15
2021040033,6,裏,4,1800091,1700125,2,ストレート,128,空振り,76.0,57.0,2,4,15
2021040033,6,裏,4,1800091,1700125,3,ストレート,129,ボール,120.0,124.0,3,4,20
2021040033,6,裏,4,1800091,1700125,4,ストレート,126,ボール,110.0,120.0,3,4,20
2021040033,6,裏,4,1800091,1700125,5,スライダー,115,ファウル,86.0,30.0,2,3,14
2021040033,6,裏,4,1800091,1700125,6,ストレート,127,四球,46.0,132.0,1,4,10
2021040033,6,裏,5,1950486,1700125,1,シンカー,123,空振り,129.0,102.0,3,4,20
2021040033,6,裏,5,1950486,1700125,2,カーブ,100,ボール,30.0,10.0,0,1,2
2021040033,6,裏,5,1950486,1700125,3,シンカー,125,三ゴロ,111.0,75.0,3,4,20
2021040033,7,表,1,1500110,1850820,1,スライダー,,見逃し,108.0,104.0,3,4,20
2021040033,7,表,1,1500110,1850820,2,ストレート,,中安,93.0,99.0,2,4,15
2021040033,7,表,2,1500110,2103618,1,ストレート,136,ファウル[セーフティバント、バントファウル],61.0,79.0,1,4,10
2021040033,7,表,2,1500110,2103618,2,スライダー,,二ゴロ[引っかけ],47.0,79.0,1,4,10
2021040033,7,表,3,1500110,1100061,1,カットボール,128,右飛,70.0,52.0,2,4,15
2021040033,7,表,4,1500110,1600134,1,カットボール,130,見逃し,140.0,105.0,4,4,25
2021040033,7,表,4,1500110,1600134,2,シュート,136,一ゴロ[詰り、バット折れる],45.0,24.0,1,2,8
2021040033,7,裏,1,1860140,1700125,1,カーブ,100,空振り,152.0,27.0,4,3,24
2021040033,7,裏,1,1860140,1700125,2,スライダー,112,二飛[高々と舞い上がる],24.0,50.0,0,4,5
2021040033,7,裏,2,2114529,1700125,1,スライダー,114,ファウル,39.0,68.0,1,4,10
2021040033,7,裏,2,2114529,1700125,2,カーブ,100,見逃し,127.0,112.0,3,4,20
2021040033,7,裏,2,2114529,1700125,3,ストレート,128,ファウル,52.0,102.0,1,4,10
2021040033,7,裏,2,2114529,1700125,4,ストレート,131,ボール,40.0,9.0,1,1,7
2021040033,7,裏,2,2114529,1700125,5,ストレート,130,ファウル,69.0,69.0,2,4,15
2021040033,7,裏,2,2114529,1700125,6,シンカー,124,ファウル[自打球],150.0,105.0,4,4,25
2021040033,7,裏,2,2114529,1700125,7,カーブ,98,ボール,80.0,6.0,2,1,12
2021040033,7,裏,2,2114529,1700125,8,スライダー,116,空三振,25.0,8.0,0,1,2
2021040033,7,裏,3,2000084,1700125,1,ストレート,,ボール,20.0,44.0,0,4,5
2021040033,7,裏,3,2000084,1700125,2,ストレート,129,左本,86.0,92.0,2,4,15
2021040033,7,裏,4,1850932,1700125,1,シンカー,125,見逃し,135.0,63.0,3,4,20
2021040033,7,裏,4,1850932,1700125,2,スライダー,115,ファウル,50.0,82.0,1,4,10
2021040033,7,裏,4,1850932,1700125,3,スライダー,118,ボール,16.0,19.0,0,2,3
2021040033,7,裏,4,1850932,1700125,4,カーブ,103,空三振[泳ぎ、悔しがる],114.0,40.0,3,4,20
2021040033,8,表,1,1500110,1400184,1,カットボール,,見逃し,82.0,94.0,2,4,15
2021040033,8,表,1,1500110,1400184,2,フォーク,129,ボール,154.0,64.0,4,4,25
2021040033,8,表,1,1500110,1400184,3,スライダー,124,ファウル,115.0,17.0,3,2,18
2021040033,8,表,1,1500110,1400184,4,フォーク,132,ファウル,157.0,52.0,4,4,25
2021040033,8,表,1,1500110,1400184,5,ストレート,138,ボール,110.0,120.0,3,4,20
2021040033,8,表,1,1500110,1400184,6,カットボール,130,ファウル,58.0,65.0,1,4,10
2021040033,8,表,1,1500110,1400184,7,フォーク,133,三ゴロ,159.0,82.0,4,4,25
2021040033,8,表,2,1500110,2112133,1,フォーク,132,遊ゴロ,100.0,52.0,2,4,15
2021040033,8,表,3,1500110,2000073,1,カットボール,131,空振り,81.0,102.0,2,4,15
2021040033,8,表,3,1500110,2000073,2,ストレート,138,見逃し,36.0,105.0,1,4,10
2021040033,8,表,3,1500110,2000073,3,フォーク,134,左安,120.0,83.0,3,4,20
2021040033,8,表,4,1500110,2000075,1,カットボール,128,見逃し,108.0,24.0,3,2,18
2021040033,8,表,4,1500110,2000075,2,フォーク,133,投安[強襲],121.0,75.0,3,4,20
2021040033,8,表,5,1500110,2000069,1,シュート,134,見逃し,81.0,37.0,2,3,14
2021040033,8,表,5,1500110,2000069,2,カットボール,128,ファウル,46.0,75.0,1,4,10
2021040033,8,表,5,1500110,2000069,3,カットボール,130,遊ゴロ[ランニングスロー],56.0,103.0,1,4,10
2021040033,8,裏,1,2108090,1700125,1,スライダー,118,見逃し,130.0,93.0,3,4,20
2021040033,8,裏,1,2108090,1700125,2,カーブ,100,ファウル,42.0,84.0,1,4,10
2021040033,8,裏,1,2108090,1700125,3,スライダー,113,ファウル,46.0,54.0,1,4,10
2021040033,8,裏,1,2108090,1700125,4,スライダー,117,ボール,64.0,8.0,1,1,7
2021040033,8,裏,1,2108090,1700125,5,カーブ,99,ボール,44.0,4.0,1,1,7
2021040033,8,裏,1,2108090,1700125,6,シンカー,123,空三振,124.0,95.0,3,4,20
2021040033,8,裏,2,1800093,1700125,1,スライダー,119,遊ゴロ[クイック投法、詰り、バット折れる、送球がバウンド],64.0,104.0,1,4,10
2021040033,8,裏,3,1000100,1700125,1,ストレート,130,ファウル[フルスイング],131.0,89.0,3,4,20
2021040033,8,裏,3,1000100,1700125,2,ストレート,129,空振り,41.0,70.0,1,4,10
2021040033,8,裏,3,1000100,1700125,3,スライダー,114,ボール,16.0,59.0,0,4,5
2021040033,8,裏,3,1000100,1700125,4,ストレート,129,空三振,48.0,99.0,1,4,10
2021040033,9,表,1,1500110,1850820,1,カットボール,126,見逃し,52.0,104.0,1,4,10
2021040033,9,表,1,1500110,1850820,2,スライダー,121,ボール,85.0,122.0,2,4,15
2021040033,9,表,1,1500110,1850820,3,カットボール,128,遊ゴロ[バウンド高い、ランニングスロー],78.0,115.0,2,4,15
2021040033,9,表,2,1500110,2100048,1,スローカーブ,97,見逃し,84.0,100.0,2,4,15
2021040033,9,表,2,1500110,2100048,2,スライダー,124,ボール,152.0,117.0,4,4,25
2021040033,9,表,2,1500110,2100048,3,カットボール,128,ファウル,96.0,119.0,2,4,15
2021040033,9,表,2,1500110,2100048,4,ストレート,137,見三振[全く反応できず],65.0,100.0,1,4,10
2021040033,9,表,3,1500110,1900065,1,シュート,,ボール,152.0,18.0,4,2,23
2021040033,9,表,3,1500110,1900065,2,スライダー,125,ボール,120.0,16.0,3,2,18
2021040033,9,表,3,1500110,1900065,3,フォーク,131,見逃し,72.0,63.0,2,4,15
2021040033,9,表,3,1500110,1900065,4,カットボール,129,ファウル,126.0,98.0,3,4,20
2021040033,9,表,3,1500110,1900065,5,フォーク,134,空三振,157.0,85.0,4,4,25
2021040034,1,表,1,2110493,1900082,1,ストレート,150,ボール,156.0,10.0,4,1,22
2021040034,1,表,1,2110493,1900082,2,ストレート,150,ファウル,92.0,94.0,2,4,15
2021040034,1,表,1,2110493,1900082,3,ストレート,150,ファウル,25.0,77.0,0,4,5
2021040034,1,表,1,2110493,1900082,4,スライダー,135,空三振[ワンバウンド],158.0,24.0,4,2,23
2021040034,1,表,2,2110493,1800050,1,ストレート,151,ボール,20.0,108.0,0,4,5
2021040034,1,表,2,2110493,1800050,2,スライダー,133,ファウル,98.0,70.0,2,4,15
2021040034,1,表,2,2110493,1800050,3,スライダー,134,見逃し,71.0,98.0,2,4,15
2021040034,1,表,2,2110493,1800050,4,ストレート,150,ファウル,41.0,99.0,1,4,10
2021040034,1,表,2,2110493,1800050,5,ストレート,150,ボール,19.0,140.0,0,4,5
2021040034,1,表,2,2110493,1800050,6,スライダー,135,右安,145.0,77.0,4,4,25
2021040034,1,表,3,2110493,2000094,1,ストレート,149,ボール,101.0,16.0,2,2,13
2021040034,1,表,3,2110493,2000094,2,スライダー,133,空振り,158.0,57.0,4,4,25
2021040034,1,表,3,2110493,2000094,3,ストレート,149,ファウル,53.0,57.0,1,4,10
2021040034,1,表,3,2110493,2000094,4,スライダー,134,ファウル,148.0,60.0,4,4,25
2021040034,1,表,3,2110493,2000094,5,スライダー,135,空三振,157.0,20.0,4,2,23
2021040034,1,裏,1,1900100,2103904,1,ストレート,150,ボール,148.0,11.0,4,1,22
2021040034,1,裏,1,1900100,2103904,2,ストレート,150,見逃し,118.0,22.0,3,2,18
2021040034,1,裏,1,1900100,2103904,3,チェンジアップ,138,ボール,160.0,18.0,4,2,23
2021040034,1,裏,1,1900100,2103904,4,チェンジアップ,139,三ゴロ,147.0,36.0,4,3,24
2021040034,1,裏,2,1950278,2103904,1,ストレート,150,ボール,152.0,36.0,4,3,24
2021040034,1,裏,2,1950278,2103904,2,カットボール,143,ボール,32.0,14.0,0,2,3
2021040034,1,裏,2,1950278,2103904,3,チェンジアップ,139,見逃し,111.0,67.0,3,4,20
2021040034,1,裏,2,1950278,2103904,4,ストレート,151,ボール[ワンバウンド],160.0,20.0,4,2,23
2021040034,1,裏,2,1950278,2103904,5,ストレート,,二ゴロ,33.0,40.0,0,4,5
2021040034,1,裏,3,1760551,2103904,1,ストレート,150,ボール,21.0,49.0,0,4,5
2021040034,1,裏,3,1760551,2103904,2,ストレート,151,ファウル,53.0,64.0,1,4,10
2021040034,1,裏,3,1760551,2103904,3,ナックルカーブ,132,ボール,155.0,12.0,4,1,22
2021040034,1,裏,3,1760551,2103904,4,ストレート,150,ファウル,51.0,108.0,1,4,10
2021040034,1,裏,3,1760551,2103904,5,チェンジアップ,140,ファウル,25.0,83.0,0,4,5
2021040034,1,裏,3,1760551,2103904,6,チェンジアップ,139,ボール,24.0,73.0,0,4,5
2021040034,1,裏,3,1760551,2103904,7,ストレート,150,四球,156.0,49.0,4,4,25
2021040034,1,裏,4,900056,2103904,1,チェンジアップ,139,空振り,142.0,23.0,4,2,23
2021040034,1,裏,4,900056,2103904,2,カットボール,141,ボール,81.0,16.0,2,2,13
2021040034,1,裏,4,900056,2103904,3,ストレート,150,ファウル,39.0,48.0,1,4,10
2021040034,1,裏,4,900056,2103904,4,チェンジアップ,138,ボール,145.0,14.0,4,2,23
2021040034,1,裏,4,900056,2103904,5,ストレート,150,投ゴロ[バットの先],101.0,19.0,2,2,13
2021040034,2,表,1,2110493,1700020,1,スライダー,132,ボール,60.0,14.0,1,2,8
2021040034,2,表,1,2110493,1700020,2,ストレート,148,見逃し,61.0,20.0,1,2,8
2021040034,2,表,1,2110493,1700020,3,スライダー,132,見逃し,106.0,52.0,3,4,20
2021040034,2,表,1,2110493,1700020,4,スライダー,134,ボール,153.0,10.0,4,1,22
2021040034,2,表,1,2110493,1700020,5,スライダー,131,見三振,98.0,97.0,2,4,15
2021040034,2,表,2,2110493,2102926,1,ストレート,151,ボール,17.0,107.0,0,4,5
2021040034,2,表,2,2110493,2102926,2,ストレート,151,ファウル,28.0,85.0,0,4,5
2021040034,2,表,2,2110493,2102926,3,ストレート,150,見逃し,112.0,30.0,3,3,19
2021040034,2,表,2,2110493,2102926,4,スプリット,140,ファウル,113.0,121.0,3,4,20
2021040034,2,表,2,2110493,2102926,5,スプリット,140,ボール[ワンバウンド],166.0,20.0,4,2,23
2021040034,2,表,2,2110493,2102926,6,ストレート,150,ファウル,65.0,67.0,1,4,10
2021040034,2,表,2,2110493,2102926,7,スライダー,136,ボール,67.0,120.0,1,4,10
2021040034,2,表,2,2110493,2102926,8,ストレート,148,ファウル,24.0,52.0,0,4,5
2021040034,2,表,2,2110493,2102926,9,スライダー,135,中安[サイン違い、グラブ弾く],107.0,64.0,3,4,20
2021040034,2,表,3,2110493,1100096,1,スライダー,133,見逃し,109.0,87.0,3,4,20
2021040034,2,表,3,2110493,1100096,2,ストレート,149,見逃し,61.0,28.0,1,3,9
2021040034,2,表,3,2110493,1100096,3,スライダー,133,ボール[ワンバウンド],159.0,17.0,4,2,23
2021040034,2,表,3,2110493,1100096,4,ストレート,150,二ゴロ[併殺崩れ],102.0,16.0,3,2,18
2021040034,2,表,4,2110493,2117855,1,ストレート,151,遊飛,95.0,49.0,2,4,15
2021040034,2,裏,1,1900113,2103904,1,カットボール,142,ボール,151.0,28.0,4,3,24
2021040034,2,裏,1,1900113,2103904,2,チェンジアップ,138,ファウル,120.0,52.0,3,4,20
2021040034,2,裏,1,1900113,2103904,3,ストレート,150,ボール,34.0,128.0,1,4,10
2021040034,2,裏,1,1900113,2103904,4,ストレート,150,ファウル,95.0,60.0,2,4,15
2021040034,2,裏,1,1900113,2103904,5,ストレート,150,ファウル,46.0,18.0,1,2,8
2021040034,2,裏,1,1900113,2103904,6,ナックルカーブ,130,ボール,21.0,77.0,0,4,5
2021040034,2,裏,1,1900113,2103904,7,チェンジアップ,139,ファウル,67.0,52.0,1,4,10
2021040034,2,裏,1,1900113,2103904,8,チェンジアップ,139,四球,12.0,114.0,0,4,5
2021040034,2,裏,2,1851157,2103904,1,ストレート,149,ファウル,28.0,56.0,0,4,5
2021040034,2,裏,2,1851157,2103904,2,ナックルカーブ,127,ボール[ハーフスイング],155.0,28.0,4,3,24
2021040034,2,裏,2,1851157,2103904,3,チェンジアップ,137,見逃し,96.0,24.0,2,2,13
2021040034,2,裏,2,1851157,2103904,4,ストレート,150,ファウル,55.0,99.0,1,4,10
2021040034,2,裏,2,1851157,2103904,5,チェンジアップ,136,ボール,160.0,17.0,4,2,23
2021040034,2,裏,2,1851157,2103904,6,ストレート,150,遊ゴロ[ランエンドヒット、バウンド高い],114.0,80.0,3,4,20
2021040034,2,裏,3,2122300,2103904,1,ストレート,151,中飛[タッチアップ],58.0,72.0,1,4,10
2021040034,2,裏,4,1900112,2103904,1,ストレート,151,ボール,153.0,27.0,4,3,24
2021040034,2,裏,4,1900112,2103904,2,ストレート,150,ボール,150.0,15.0,4,2,23
2021040034,2,裏,4,1900112,2103904,3,カットボール,142,二ゴロ,93.0,45.0,2,4,15
2021040034,3,表,1,1900114,1900081,1,ストレート,146,ボール,152.0,117.0,4,4,25
2021040034,3,表,1,1900114,1900081,2,ストレート,147,空振り,59.0,94.0,1,4,10
2021040034,3,表,1,1900114,1900081,3,カットボール,139,ボール,20.0,90.0,0,4,5
2021040034,3,表,1,1900114,1900081,4,カットボール,139,ファウル,65.0,73.0,1,4,10
2021040034,3,表,1,1900114,1900081,5,ストレート,146,左飛,66.0,49.0,1,4,10
2021040034,3,表,2,1900114,2106798,1,スライダー,138,見逃し,100.0,62.0,2,4,15
2021040034,3,表,2,1900114,2106798,2,スライダー,132,空振り,127.0,20.0,3,2,18
2021040034,3,表,2,1900114,2106798,3,ストレート,147,ファウル,128.0,22.0,3,2,18
2021040034,3,表,2,1900114,2106798,4,スライダー,131,二飛[泳ぎ],88.0,36.0,2,3,14
2021040034,3,表,3,1900114,1900082,1,スライダー,134,ボール,162.0,15.0,4,2,23
2021040034,3,表,3,1900114,1900082,2,カットボール,140,二ゴロ,128.0,70.0,3,4,20
2021040034,3,裏,1,1800118,2103904,1,カットボール,141,ボール,17.0,43.0,0,4,5
2021040034,3,裏,1,1800118,2103904,2,ストレート,150,ファウル,56.0,52.0,1,4,10
2021040034,3,裏,1,1800118,2103904,3,ストレート,151,ボール,18.0,93.0,0,4,5
2021040034,3,裏,1,1800118,2103904,4,チェンジアップ,137,見逃し,62.0,22.0,1,2,8
2021040034,3,裏,1,1800118,2103904,5,カットボール,141,ファウル,80.0,24.0,2,2,13
2021040034,3,裏,1,1800118,2103904,6,カットボール,140,ボール,22.0,65.0,0,4,5
2021040034,3,裏,1,1800118,2103904,7,ストレート,151,中飛,53.0,55.0,1,4,10
2021040034,3,裏,2,1900100,2103904,1,ナックルカーブ,128,ボール,167.0,12.0,4,1,22
2021040034,3,裏,2,1900100,2103904,2,カットボール,140,ボール[ハーフスイング],152.0,14.0,4,2,23
2021040034,3,裏,2,1900100,2103904,3,カットボール,140,見逃し,38.0,24.0,1,2,8
2021040034,3,裏,2,1900100,2103904,4,ストレート,150,ファウル,102.0,48.0,3,4,20
2021040034,3,裏,2,1900100,2103904,5,チェンジアップ,133,空三振,154.0,23.0,4,2,23
2021040034,3,裏,3,1950278,2103904,1,チェンジアップ,138,ボール,160.0,23.0,4,2,23
2021040034,3,裏,3,1950278,2103904,2,カットボール,141,ファウル,31.0,48.0,0,4,5
2021040034,3,裏,3,1950278,2103904,3,チェンジアップ,137,一ゴロ,64.0,70.0,1,4,10
2021040034,4,表,1,1950716,1800050,1,ストレート,145,ボール,41.0,124.0,1,4,10
2021040034,4,表,1,1950716,1800050,2,シュート,144,ボール,145.0,122.0,4,4,25
2021040034,4,表,1,1950716,1800050,3,ストレート,145,ボール,118.0,122.0,3,4,20
2021040034,4,表,1,1950716,1800050,4,ストレート,145,見逃し,96.0,58.0,2,4,15
2021040034,4,表,1,1950716,1800050,5,スプリット,129,四球[ワンバウンド],163.0,20.0,4,2,23
2021040034,4,表,2,1950716,2000094,1,シュート,138,ファウル[詰り、バット折れる],96.0,108.0,2,4,15
2021040034,4,表,2,1950716,2000094,2,ストレート,140,ファウル[止めたバットに当たる],47.0,117.0,1,4,10
2021040034,4,表,2,1950716,2000094,3,スプリット,128,ボール[ランエンドヒット、ワンバウンド],161.0,25.0,4,2,23
2021040034,4,表,3,1950716,1700020,1,スライダー,,左安[内野前進],110.0,40.0,3,4,20
2021040034,4,表,4,1950716,2102926,1,カットボール,131,見逃し,102.0,112.0,3,4,20
2021040034,4,表,4,1950716,2102926,2,ストレート,144,見逃し,109.0,79.0,3,4,20
2021040034,4,表,4,1950716,2102926,3,スプリット,133,ボール,158.0,28.0,4,3,24
2021040034,4,表,4,1950716,2102926,4,スプリット,130,空三振,153.0,88.0,4,4,25
2021040034,4,表,5,1950716,1100096,1,カーブ,112,見逃し,107.0,48.0,3,4,20
2021040034,4,表,5,1950716,1100096,2,スプリット,130,右飛,134.0,52.0,3,4,20
2021040034,4,裏,1,1760551,2103904,1,ストレート,150,空振り,21.0,60.0,0,4,5
2021040034,4,裏,1,1760551,2103904,2,ナックルカーブ,131,ボール,159.0,15.0,4,2,23
2021040034,4,裏,1,1760551,2103904,3,ナックルカーブ,131,空振り,154.0,15.0,4,2,23
2021040034,4,裏,1,1760551,2103904,4,チェンジアップ,137,空三振,136.0,18.0,4,2,23
2021040034,4,裏,2,900056,2103904,1,ナックルカーブ,129,ファウル,56.0,38.0,1,4,10
2021040034,4,裏,2,900056,2103904,2,カットボール,142,空振り,132.0,16.0,3,2,18
2021040034,4,裏,2,900056,2103904,3,ストレート,151,見三振[全く反応できず],113.0,38.0,3,4,20
2021040034,4,裏,3,1900113,2103904,1,カットボール,139,ボール,156.0,47.0,4,4,25
2021040034,4,裏,3,1900113,2103904,2,ストレート,150,ボール[ワンバウンド],162.0,23.0,4,2,23
2021040034,4,裏,3,1900113,2103904,3,ストレート,150,ボール,22.0,95.0,0,4,5
2021040034,4,裏,3,1900113,2103904,4,ストレート,150,四球,141.0,18.0,4,2,23
2021040034,4,裏,4,1851157,2103904,1,ナックルカーブ,128,ボール,14.0,89.0,0,4,5
2021040034,4,裏,4,1851157,2103904,2,ストレート,150,ファウル,68.0,80.0,2,4,15
2021040034,4,裏,4,1851157,2103904,3,チェンジアップ,138,ファウル,108.0,27.0,3,3,19
2021040034,4,裏,4,1851157,2103904,4,チェンジアップ,137,一ゴロ,148.0,48.0,4,4,25
2021040034,5,表,1,1950716,2117855,1,ストレート,139,ボール,79.0,10.0,2,1,12
2021040034,5,表,1,1950716,2117855,2,シュート,140,ファウル,109.0,76.0,3,4,20
2021040034,5,表,1,1950716,2117855,3,カットボール,140,見逃し,41.0,39.0,1,4,10
2021040034,5,表,1,1950716,2117855,4,スプリット,133,遊ゴロ,120.0,82.0,3,4,20
2021040034,5,表,2,1950716,1900081,1,カーブ,113,見逃し,99.0,38.0,2,4,15
2021040034,5,表,2,1950716,1900081,2,カットボール,139,ボール,62.0,14.0,1,2,8
2021040034,5,表,2,1950716,1900081,3,シュート,140,ファウル,59.0,83.0,1,4,10
2021040034,5,表,2,1950716,1900081,4,スプリット,131,ボール,158.0,29.0,4,3,24
2021040034,5,表,2,1950716,1900081,5,カットボール,138,ファウル,144.0,20.0,4,2,23
2021040034,5,表,2,1950716,1900081,6,スライダー,127,空三振,124.0,88.0,3,4,20
2021040034,5,表,3,1950716,2106798,1,カットボール,139,見逃し,56.0,39.0,1,4,10
2021040034,5,表,3,1950716,2106798,2,スプリット,128,ボール,159.0,20.0,4,2,23
2021040034,5,表,3,1950716,2106798,3,カットボール,139,ファウル,120.0,29.0,3,3,19
2021040034,5,表,3,1950716,2106798,4,ストレート,143,遊ゴロ[逆シングル、スライディングキャッチ、好プレイ],101.0,90.0,2,4,15
2021040034,5,裏,1,2122300,1600157,1,ストレート,145,見逃し,44.0,29.0,1,3,9
2021040034,5,裏,1,2122300,1600157,2,ストレート,145,ボール,106.0,16.0,3,2,18
2021040034,5,裏,1,2122300,1600157,3,チェンジアップ,121,空振り[ハーフスイング],154.0,78.0,4,4,25
2021040034,5,裏,1,2122300,1600157,4,フォーク,126,右安[詰り、ポテンヒット],30.0,80.0,0,4,5
2021040034,5,裏,2,1900112,1600157,1,ストレート,141,ボール[バント構え],157.0,20.0,4,2,23
2021040034,5,裏,2,1900112,1600157,2,ストレート,143,一犠打[セーフティバント],105.0,48.0,3,4,20
2021040034,5,裏,3,1800123,1600157,1,チェンジアップ,122,左飛,25.0,54.0,0,4,5
2021040034,5,裏,4,1100103,1600157,1,ストレート,146,見逃し,74.0,28.0,2,3,14
2021040034,5,裏,4,1100103,1600157,2,フォーク,127,ファウル[自打球],68.0,72.0,2,4,15
2021040034,5,裏,4,1100103,1600157,3,チェンジアップ,123,ボール[ワンバウンド],166.0,74.0,4,4,25
2021040034,5,裏,4,1100103,1600157,4,ストレート,144,見三振[構えたところにズバリ],111.0,27.0,3,3,19
2021040034,6,表,1,1950716,1900082,1,カットボール,135,二ゴロ,136.0,59.0,4,4,25
2021040034,6,表,2,1950716,1800050,1,ストレート,140,ボール,91.0,128.0,2,4,15
2021040034,6,表,2,1950716,1800050,2,スプリット,126,ボール,24.0,127.0,0,4,5
2021040034,6,表,2,1950716,1800050,3,カットボール,138,右安,88.0,38.0,2,4,15
2021040034,6,表,3,1950716,2000094,1,シュート,137,ボール,111.0,123.0,3,4,20
2021040034,6,表,3,1950716,2000094,2,スライダー,127,ファウル,116.0,44.0,3,4,20
2021040034,6,表,3,1950716,2000094,3,ストレート,144,捕邪飛,25.0,77.0,0,4,5
2021040034,6,表,4,1950716,1700020,1,ストレート,142,見逃し,109.0,48.0,3,4,20
2021040034,6,表,4,1950716,1700020,2,ストレート,141,ボール,125.0,11.0,3,1,17
2021040034,6,表,4,1950716,1700020,3,カットボール,137,ボール[ワンバウンド、好走塁],167.0,5.0,4,1,22
2021040034,6,表,5,1950716,2102926,1,カットボール,138,ファウル[自打球],146.0,32.0,4,3,24
2021040034,6,表,5,1950716,2102926,2,ストレート,143,左安[ランエンドヒット],41.0,113.0,1,4,10
2021040034,6,表,6,1950716,1100096,1,カットボール,136,ボール,84.0,16.0,2,2,13
2021040034,6,表,6,1950716,1100096,2,カットボール,136,ボール,24.0,15.0,0,2,3
2021040034,6,表,6,1950716,1100096,3,スプリット,134,空振り,153.0,43.0,4,4,25
2021040034,6,表,6,1950716,1100096,4,スプリット,130,ボール,157.0,14.0,4,2,23
2021040034,6,裏,1,1950278,2107586,1,ストレート,149,見逃し,109.0,105.0,3,4,20
2021040034,6,裏,1,1950278,2107586,2,ストレート,146,左安,40.0,56.0,1,4,10
2021040034,6,裏,2,1760551,2107586,1,カットボール,136,空振り[ワンバウンド],156.0,75.0,4,4,25
2021040034,6,裏,2,1760551,2107586,2,ストレート,148,ボール,52.0,8.0,1,1,7
2021040034,6,裏,2,1760551,2107586,3,カットボール,137,空振り,64.0,34.0,1,3,9
2021040034,6,裏,3,900056,2107586,1,チェンジアップ,135,右２,99.0,24.0,2,2,13
2021040034,6,裏,4,1900113,2107586,1,カットボール,138,空振り,145.0,123.0,4,4,25
2021040034,6,裏,4,1900113,2107586,2,ストレート,147,二ゴロ,49.0,83.0,1,4,10
2021040034,6,裏,5,1851157,2107586,1,スライダー,135,見逃し,95.0,37.0,2,3,14
2021040034,6,裏,5,1851157,2107586,2,チェンジアップ,138,ファウル,46.0,80.0,1,4,10
2021040034,6,裏,5,1851157,2107586,3,ストレート,149,見三振[全く反応できず],108.0,72.0,3,4,20
2021040034,6,裏,6,1600099,2107586,1,ストレート,147,中２,91.0,42.0,2,4,15
2021040034,6,裏,7,1900112,2107586,1,スライダー,134,ボール,19.0,45.0,0,4,5
2021040034,6,裏,7,1900112,2107586,2,スライダー,134,ファウル,75.0,40.0,2,4,15
2021040034,6,裏,7,1900112,2107586,3,ストレート,148,ファウル,35.0,78.0,1,4,10
2021040034,6,裏,7,1900112,2107586,4,カットボール,137,遊ゴロ[バットの先、ボテボテ],115.0,83.0,3,4,20
2021040034,7,表,1,2000126,1100096,1,ストレート,139,ボール,161.0,18.0,4,2,23
2021040034,7,表,1,2000126,1100096,2,ストレート,148,二直,113.0,32.0,3,3,19
2021040034,7,表,2,2000126,1850947,1,スプリット,135,見逃し,70.0,87.0,2,4,15
2021040034,7,表,2,2000126,1850947,2,スプリット,142,二ゴロ,68.0,67.0,2,4,15
2021040034,7,表,3,2000126,2117859,1,カーブ,116,ボール,56.0,11.0,1,1,7
2021040034,7,表,3,2000126,2117859,2,ストレート,148,空振り,21.0,94.0,0,4,5
2021040034,7,表,3,2000126,2117859,3,スプリット,142,右飛[好プレイ],55.0,49.0,1,4,10
2021040034,7,裏,1,1800123,2000087,1,ストレート,145,ボール,62.0,124.0,1,4,10
2021040034,7,裏,1,1800123,2000087,2,ストレート,146,ファウル,75.0,54.0,2,4,15
2021040034,7,裏,1,1800123,2000087,3,スライダー,129,中飛,25.0,54.0,0,4,5
2021040034,7,裏,2,1100103,2000087,1,スライダー,128,見逃し,65.0,110.0,1,4,10
2021040034,7,裏,2,1100103,2000087,2,ツーシーム,140,ボール,152.0,89.0,4,4,25
2021040034,7,裏,2,1100103,2000087,3,ストレート,146,ファウル,67.0,20.0,1,2,8
2021040034,7,裏,2,1100103,2000087,4,ツーシーム,140,ファウル,76.0,42.0,2,4,15
2021040034,7,裏,2,1100103,2000087,5,スライダー,130,ファウル,58.0,57.0,1,4,10
2021040034,7,裏,2,1100103,2000087,6,ストレート,148,見三振,64.0,109.0,1,4,10
2021040034,7,裏,3,1950278,2000087,1,スライダー,133,見逃し,79.0,100.0,2,4,15
2021040034,7,裏,3,1950278,2000087,2,ツーシーム,141,ボール,119.0,16.0,3,2,18
2021040034,7,裏,3,1950278,2000087,3,ストレート,147,ボール,124.0,127.0,3,4,20
2021040034,7,裏,3,1950278,2000087,4,ストレート,145,二ゴロ[詰り、バット折れる],69.0,49.0,2,4,15
2021040034,8,表,1,2121018,1800053,1,シュート,139,ボール[ハーフスイング],110.0,121.0,3,4,20
2021040034,8,表,1,2121018,1800053,2,スライダー,128,ボール[ワンバウンド],159.0,18.0,4,2,23
2021040034,8,表,1,2121018,1800053,3,ストレート,141,ファウル,108.0,95.0,3,4,20
2021040034,8,表,1,2121018,1800053,4,スライダー,127,ボール,152.0,67.0,4,4,25
2021040034,8,表,1,2121018,1800053,5,ストレート,139,四球,155.0,54.0,4,4,25
2021040034,8,表,2,2121018,1900082,1,ストレート,143,ボール,160.0,37.0,4,3,24
2021040034,8,表,3,2121018,1900045,1,ストレート,145,空振り,44.0,85.0,1,4,10
2021040034,8,表,3,2121018,1900045,2,ストレート,143,ボール,90.0,123.0,2,4,15
2021040034,8,表,3,2121018,1900045,3,ストレート,139,ボール[ワンバウンド],157.0,48.0,4,4,25
2021040034,8,表,4,2121018,2000094,1,スライダー,127,空振り,114.0,18.0,3,2,18
2021040034,8,表,4,2121018,2000094,2,スライダー,128,ファウル,96.0,40.0,2,4,15
2021040034,8,表,4,2121018,2000094,3,スライダー,,投ゴロ,86.0,37.0,2,3,14
2021040034,8,表,5,2121018,2000089,1,ストレート,144,見逃し,109.0,43.0,3,4,20
2021040034,8,表,5,2121018,2000089,2,ストレート,144,遊ゴロ[併殺崩れ],125.0,65.0,3,4,20
2021040034,8,表,6,2112429,2102926,1,ストレート,151,空振り,79.0,100.0,2,4,15
2021040034,8,表,6,2112429,2102926,2,ストレート,148,ボール,155.0,80.0,4,4,25
2021040034,8,表,6,2112429,2102926,3,ストレート,148,ボール,25.0,123.0,0,4,5
2021040034,8,表,6,2112429,2102926,4,ストレート,150,ファウル,29.0,89.0,0,4,5
2021040034,8,表,6,2112429,2102926,5,フォーク,137,ボール[ワンバウンド],162.0,20.0,4,2,23
2021040034,8,表,6,2112429,2102926,6,ストレート,151,ファウル,65.0,28.0,1,3,9
2021040034,8,表,6,2112429,2102926,7,ストレート,151,四球,157.0,63.0,4,4,25
2021040034,8,表,7,2112429,1100096,1,ストレート,149,ファウル,146.0,49.0,4,4,25
2021040034,8,表,7,2112429,1100096,2,ストレート,149,左飛,88.0,69.0,2,4,15
2021040034,8,裏,1,1961929,1950700,1,ストレート,150,ボール,104.0,15.0,3,2,18
2021040034,8,裏,1,1961929,1950700,2,ストレート,150,ファウル,22.0,24.0,0,2,3
2021040034,8,裏,1,1961929,1950700,3,フォーク,136,ボール,156.0,12.0,4,1,22
2021040034,8,裏,1,1961929,1950700,4,ストレート,150,中飛,28.0,92.0,0,4,5
2021040034,8,裏,2,2000125,1950700,1,ストレート,150,見逃し,84.0,36.0,2,3,14
2021040034,8,裏,2,2000125,1950700,2,ストレート,150,ファウル,140.0,48.0,4,4,25
2021040034,8,裏,2,2000125,1950700,3,フォーク,137,ボール[ワンバウンド],167.0,4.0,4,1,22
2021040034,8,裏,2,2000125,1950700,4,フォーク,135,三失,53.0,48.0,1,4,10
2021040034,8,裏,3,1900113,1950700,1,フォーク,136,ボール[ワンバウンド],166.0,19.0,4,2,23
2021040034,8,裏,3,1900113,1950700,2,ストレート,150,ファウル,28.0,112.0,0,4,5
2021040034,8,裏,3,1900113,1950700,3,フォーク,137,見逃し,56.0,100.0,1,4,10
2021040034,8,裏,3,1900113,1950700,4,フォーク,137,ボール,36.0,15.0,1,2,8
2021040034,8,裏,3,1900113,1950700,5,ストレート,150,ファウル,96.0,58.0,2,4,15
2021040034,8,裏,3,1900113,1950700,6,ストレート,150,ボール,116.0,119.0,3,4,20
2021040034,8,裏,3,1900113,1950700,7,フォーク,137,四球,160.0,14.0,4,2,23
2021040034,8,裏,4,1851157,1950700,1,ストレート,151,ファウル,82.0,77.0,2,4,15
2021040034,8,裏,4,1851157,1950700,2,ストレート,149,ファウル[自打球],112.0,12.0,3,1,17
2021040034,8,裏,4,1851157,1950700,3,フォーク,140,空三振[ワンバウンド],158.0,40.0,4,4,25
2021040034,8,裏,5,1600099,1950700,1,フォーク,139,ボール,156.0,30.0,4,3,24
2021040034,8,裏,5,1600099,1950700,2,ストレート,149,ファウル,56.0,60.0,1,4,10
2021040034,8,裏,5,1600099,1950700,3,フォーク,136,ボール,160.0,56.0,4,4,25
2021040034,8,裏,5,1600099,1950700,4,ストレート,146,遊飛[高々と舞い上がる],110.0,73.0,3,4,20
2021040034,9,表,1,2103765,1850947,1,ストレート,143,右安,86.0,67.0,2,4,15
2021040034,9,表,2,2103765,2117859,1,ストレート,149,ボール[バント構え],13.0,93.0,0,4,5
2021040034,9,表,2,2103765,2117859,2,ストレート,148,投犠打,47.0,60.0,1,4,10
2021040034,9,表,3,2103765,1700098,1,ストレート,149,ボール,18.0,128.0,0,4,5
2021040034,9,表,3,2103765,1700098,2,ストレート,150,ボール,18.0,92.0,0,4,5
2021040034,9,表,3,2103765,1700098,3,ストレート,149,ボール,15.0,112.0,0,4,5
2021040034,9,表,3,2103765,1700098,4,ストレート,150,見逃し,84.0,36.0,2,3,14
2021040034,9,表,3,2103765,1700098,5,ストレート,146,ファウル,66.0,59.0,1,4,10
2021040034,9,表,3,2103765,1700098,6,ストレート,150,ファウル,25.0,108.0,0,4,5
2021040034,9,表,3,2103765,1700098,7,スプリット,143,空三振,156.0,70.0,4,4,25
2021040034,9,表,4,2103765,1900082,1,ストレート,150,ボール,15.0,90.0,0,4,5
2021040034,9,表,4,2103765,1900082,2,ストレート,150,ファウル,33.0,100.0,0,4,5
2021040034,9,表,4,2103765,1900082,3,スプリット,142,一ゴロ,152.0,89.0,4,4,25
2021040034,9,裏,1,1800044,1800037,1,ストレート,146,左邪飛[ジャンピングキャッチ、好プレイ],100.0,50.0,2,4,15
2021040034,9,裏,2,1800123,1800037,1,ストレート,146,ボール,153.0,97.0,4,4,25
2021040034,9,裏,2,1800123,1800037,2,ストレート,145,ファウル,67.0,48.0,1,4,10
2021040034,9,裏,2,1800123,1800037,3,ストレート,146,見逃し,94.0,108.0,2,4,15
2021040034,9,裏,2,1800123,1800037,4,スライダー,125,ボール,124.0,123.0,3,4,20
2021040034,9,裏,2,1800123,1800037,5,スライダー,127,ボール,152.0,73.0,4,4,25
2021040034,9,裏,2,1800123,1800037,6,ストレート,145,中安,108.0,84.0,3,4,20
2021040034,9,裏,3,1100103,1800037,1,ストレート,147,ファウル,61.0,68.0,1,4,10
2021040034,9,裏,3,1100103,1800037,2,スライダー,128,見逃し[送球がバウンド],96.0,92.0,2,4,15
2021040035,1,表,1,1960901,1900041,1,ストレート,152,ファウル,27.0,74.0,0,4,5
2021040035,1,表,1,1960901,1900041,2,ストレート,151,左飛,45.0,76.0,1,4,10
2021040035,1,表,2,1960901,1750701,1,ストレート,150,ボール,20.0,32.0,0,3,4
2021040035,1,表,2,1960901,1750701,2,ストレート,150,見逃し,73.0,77.0,2,4,15
2021040035,1,表,2,1960901,1750701,3,スライダー,136,ファウル,130.0,65.0,3,4,20
2021040035,1,表,2,1960901,1750701,4,ストレート,152,見三振,106.0,38.0,3,4,20
2021040035,1,表,3,1960901,2103780,1,ストレート,148,見逃し,69.0,94.0,2,4,15
2021040035,1,表,3,1960901,2103780,2,ストレート,150,ボール,104.0,17.0,3,2,18
2021040035,1,表,3,1960901,2103780,3,スライダー,137,ボール,157.0,20.0,4,2,23
2021040035,1,表,3,1960901,2103780,4,スライダー,136,ボール,150.0,14.0,4,2,23
2021040035,1,表,3,1960901,2103780,5,ストレート,149,ファウル,128.0,108.0,3,4,20
2021040035,1,表,3,1960901,2103780,6,ストレート,152,ファウル,65.0,87.0,1,4,10
2021040035,1,表,3,1960901,2103780,7,ストレート,149,四球,64.0,10.0,1,1,7
2021040035,1,表,4,1960901,1600085,1,ストレート,149,見逃し,129.0,68.0,3,4,20
2021040035,1,表,4,1960901,1600085,2,ナックルカーブ,132,右２[フェンス直撃],141.0,44.0,4,4,25
2021040035,1,表,5,1960901,1561854,1,ストレート,149,ボール,104.0,0.0,3,0,16
2021040035,1,表,5,1960901,1561854,2,ストレート,152,ファウル,59.0,77.0,1,4,10
2021040035,1,表,5,1960901,1561854,3,ストレート,152,ファウル,48.0,68.0,1,4,10
2021040035,1,表,5,1960901,1561854,4,チェンジアップ,135,ファウル,76.0,45.0,2,4,15
2021040035,1,表,5,1960901,1561854,5,ストレート,151,ファウル[高めのつり球を要求],73.0,74.0,2,4,15
2021040035,1,表,5,1960901,1561854,6,ナックルカーブ,131,ボール,159.0,60.0,4,4,25
2021040035,1,表,5,1960901,1561854,7,ナックルカーブ,131,ボール[ワンバウンド],169.0,72.0,4,4,25
2021040035,1,表,5,1960901,1561854,8,スライダー,137,空三振,149.0,13.0,4,1,22
2021040035,1,裏,1,2103703,1951008,1,フォーク,129,ボール,67.0,124.0,1,4,10
2021040035,1,裏,1,2103703,1951008,2,ストレート,145,ファウル,39.0,37.0,1,3,9
2021040035,1,裏,1,2103703,1951008,3,フォーク,133,中安,122.0,114.0,3,4,20
2021040035,1,裏,2,2100277,1951008,1,ストレート,144,ボール,25.0,16.0,0,2,3
2021040035,1,裏,2,2100277,1951008,2,ストレート,144,遊ゴロ[詰り],44.0,100.0,1,4,10
2021040035,1,裏,3,1000002,1951008,1,カーブ,122,見逃し,119.0,80.0,3,4,20
2021040035,1,裏,3,1000002,1951008,2,ストレート,,二併打,84.0,68.0,2,4,15
2021040035,2,表,1,1960901,1560639,1,ストレート,147,ファウル,68.0,98.0,2,4,15
2021040035,2,表,1,1960901,1560639,2,スライダー,136,ボール[ワンバウンド],165.0,15.0,4,2,23
2021040035,2,表,1,1960901,1560639,3,スライダー,133,左２[泳ぎ],67.0,63.0,1,4,10
2021040035,2,表,2,1960901,1300079,1,カットボール,140,ボール,16.0,100.0,0,4,5
2021040035,2,表,2,1960901,1300079,2,ナックルカーブ,128,右飛[タッチアップ],124.0,88.0,3,4,20
2021040035,2,表,3,1960901,2105102,1,ストレート,149,見逃し,114.0,92.0,3,4,20
2021040035,2,表,3,1960901,2105102,2,ストレート,151,ファウル,53.0,47.0,1,4,10
2021040035,2,表,3,1960901,2105102,3,ストレート,152,空三振,20.0,103.0,0,4,5
2021040035,2,表,4,1960901,1750223,1,カットボール,143,ファウル[止めたバットに当たる],27.0,43.0,0,4,5
2021040035,2,表,4,1960901,1750223,2,チェンジアップ,136,ボール[ワンバウンド],171.0,100.0,4,4,25
2021040035,2,表,4,1960901,1750223,3,カットボール,142,ボール,12.0,129.0,0,4,5
2021040035,2,表,4,1960901,1750223,4,チェンジアップ,135,見逃し,107.0,35.0,3,3,19
2021040035,2,表,4,1960901,1750223,5,ストレート,151,中飛,44.0,100.0,1,4,10
2021040035,2,裏,1,1200053,1951008,1,ストレート,147,見逃し,71.0,107.0,2,4,15
2021040035,2,裏,1,1200053,1951008,2,ストレート,145,見逃し,73.0,37.0,2,3,14
2021040035,2,裏,1,1200053,1951008,3,ストレート,145,ファウル,30.0,108.0,0,4,5
2021040035,2,裏,1,1200053,1951008,4,スライダー,135,ボール,156.0,108.0,4,4,25
2021040035,2,裏,1,1200053,1951008,5,ストレート,146,左２,24.0,84.0,0,4,5
2021040035,2,裏,2,2101034,1951008,1,ストレート,145,ボール,14.0,125.0,0,4,5
2021040035,2,裏,2,2101034,1951008,2,フォーク,131,ボール[ワンバウンド],168.0,6.0,4,1,22
2021040035,2,裏,3,1900035,1951008,1,ストレート,146,ボール,15.0,104.0,0,4,5
2021040035,2,裏,3,1900035,1951008,2,カーブ,124,見逃し,95.0,99.0,2,4,15
2021040035,2,裏,3,1900035,1951008,3,フォーク,131,ボール,158.0,105.0,4,4,25
2021040035,2,裏,3,1900035,1951008,4,フォーク,131,ボール[ワンバウンド、ハーフスイング],172.0,35.0,4,3,24
2021040035,2,裏,3,1900035,1951008,5,ストレート,144,一飛[高々と舞い上がる、走者動けず],25.0,55.0,0,4,5
2021040035,2,裏,4,1500064,1951008,1,スライダー,133,ボール,113.0,124.0,3,4,20
2021040035,2,裏,4,1500064,1951008,2,フォーク,,ボール[ワンバウンド],169.0,44.0,4,4,25
2021040035,3,表,1,1960901,1900041,1,カットボール,137,見逃し,99.0,34.0,2,3,14
2021040035,3,表,1,1960901,1900041,2,カットボール,141,見逃し,95.0,102.0,2,4,15
2021040035,3,表,1,1960901,1900041,3,ストレート,146,一ゴロ[逆シングル],24.0,47.0,0,4,5
2021040035,3,表,2,1960901,1750701,1,スライダー,133,見逃し,128.0,45.0,3,4,20
2021040035,3,表,2,1960901,1750701,2,ナックルカーブ,132,ボール[ワンバウンド],168.0,0.0,4,0,21
2021040035,3,表,2,1960901,1750701,3,チェンジアップ,132,見逃し,65.0,77.0,1,4,10
2021040035,3,表,2,1960901,1750701,4,スライダー,135,ボール[ワンバウンド],171.0,10.0,4,1,22
2021040035,3,表,2,1960901,1750701,5,ストレート,148,ファウル[ポール際],76.0,92.0,2,4,15
2021040035,3,表,2,1960901,1750701,6,スライダー,134,ボール,118.0,15.0,3,2,18
2021040035,3,表,2,1960901,1750701,7,スライダー,,左２,125.0,57.0,3,4,20
2021040035,3,表,3,2105007,2103780,1,フォーク,130,見逃し,93.0,68.0,2,4,15
2021040035,3,表,3,2105007,2103780,2,フォーク,130,ファウル,155.0,68.0,4,4,25
2021040035,3,表,3,2105007,2103780,3,ストレート,147,ファウル,40.0,15.0,1,2,8
2021040035,3,表,3,2105007,2103780,4,カーブ,117,ボール,20.0,39.0,0,4,5
2021040035,3,表,3,2105007,2103780,5,フォーク,133,空三振,118.0,103.0,3,4,20
2021040035,3,表,4,2105007,1600085,1,カーブ,114,ボール,70.0,129.0,2,4,15
2021040035,3,表,4,2105007,1600085,2,フォーク,132,ボール,136.0,9.0,4,1,22
2021040035,3,表,4,2105007,1600085,3,フォーク,132,見逃し,133.0,80.0,3,4,20
2021040035,3,表,4,2105007,1600085,4,ストレート,148,見逃し,84.0,59.0,2,4,15
2021040035,3,表,4,2105007,1600085,5,フォーク,133,ボール[ハーフスイング],162.0,9.0,4,1,22
2021040035,3,表,4,2105007,1600085,6,カーブ,117,空三振[投手ガッツポーズ],84.0,38.0,2,4,15
2021040035,3,裏,1,2112189,1951008,1,フォーク,131,見逃し,108.0,93.0,3,4,20
2021040035,3,裏,1,2112189,1951008,2,スライダー,130,ボール,68.0,123.0,2,4,15
2021040035,3,裏,1,2112189,1951008,3,ストレート,145,ボール,18.0,124.0,0,4,5
2021040035,3,裏,1,2112189,1951008,4,フォーク,129,中安[バットの先],135.0,100.0,3,4,20
2021040035,3,裏,2,1600167,1951008,1,ストレート,143,ボール,15.0,108.0,0,4,5
2021040035,3,裏,2,1600167,1951008,2,カーブ,122,ボール,120.0,7.0,3,1,17
2021040035,3,裏,2,1600167,1951008,3,ストレート,143,ボール,33.0,124.0,0,4,5
2021040035,3,裏,2,1600167,1951008,4,ストレート,143,見逃し,68.0,90.0,2,4,15
2021040035,3,裏,2,1600167,1951008,5,フォーク,127,見逃し,78.0,68.0,2,4,15
2021040035,3,裏,2,1600167,1951008,6,ストレート,144,四球[ランエンドヒット],21.0,83.0,0,4,5
2021040035,3,裏,3,2103703,1951008,1,ストレート,144,ファウル,65.0,69.0,1,4,10
2021040035,3,裏,3,2103703,1951008,2,ストレート,145,ファウル,73.0,44.0,2,4,15
2021040035,3,裏,3,2103703,1951008,3,カーブ,125,ボール[ワンバウンド],170.0,7.0,4,1,22
2021040035,3,裏,4,2100277,1951008,1,スライダー,131,見逃し,125.0,100.0,3,4,20
2021040035,3,裏,4,2100277,1951008,2,フォーク,,一邪飛,114.0,80.0,3,4,20
2021040035,3,裏,5,1000002,1951008,1,スライダー,134,ボール[ワンバウンド],167.0,12.0,4,1,22
2021040035,3,裏,5,1000002,1951008,2,フォーク,132,ボール[ワンバウンド],171.0,44.0,4,4,25
2021040035,3,裏,5,1000002,1951008,3,カーブ,124,ボール,76.0,125.0,2,4,15
2021040035,3,裏,5,1000002,1951008,4,ストレート,145,左安,58.0,103.0,1,4,10
2021040035,3,裏,6,1200053,1951008,1,ストレート,,ファウル,35.0,96.0,1,4,10
2021040035,3,裏,6,1200053,1951008,2,スライダー,132,ボール[ワンバウンド],168.0,40.0,4,4,25
2021040035,3,裏,6,1200053,1951008,3,スライダー,131,中安,86.0,57.0,2,4,15
2021040035,3,裏,7,2101034,1951008,1,カーブ,123,見逃し,115.0,72.0,3,4,20
2021040035,3,裏,7,2101034,1951008,2,カーブ,122,見逃し,72.0,105.0,2,4,15
2021040035,3,裏,7,2101034,1951008,3,ストレート,142,ボール,52.0,128.0,1,4,10
2021040035,3,裏,7,2101034,1951008,4,フォーク,131,ボール[ワンバウンド],168.0,24.0,4,2,23
2021040035,3,裏,7,2101034,1951008,5,ストレート,144,ボール,18.0,122.0,0,4,5
2021040035,4,表,1,1860235,1561854,1,ツーシーム,152,ボール,132.0,13.0,3,1,17
2021040035,4,表,1,1860235,1561854,2,ツーシーム,151,ボール[ワンバウンド],172.0,8.0,4,1,22
2021040035,4,表,1,1860235,1561854,3,ツーシーム,151,遊ゴロ[バットの先],100.0,42.0,2,4,15
2021040035,4,表,2,1860235,1560639,1,ナックルカーブ,133,ボール,58.0,13.0,1,1,7
2021040035,4,表,2,1860235,1560639,2,ナックルカーブ,136,見逃し,72.0,30.0,2,3,14
2021040035,4,表,2,1860235,1560639,3,ナックルカーブ,135,三ゴロ[泳ぎ],98.0,43.0,2,4,15
2021040035,4,表,3,1860235,1300079,1,ストレート,149,ボール,23.0,126.0,0,4,5
2021040035,4,表,3,1860235,1300079,2,ナックルカーブ,135,右安,115.0,79.0,3,4,20
2021040035,4,表,4,1860235,2105102,1,ナックルカーブ,131,遊安[ダイビングキャッチを試みる、グラブ弾く],104.0,64.0,3,4,20
2021040035,4,表,5,1860235,1750223,1,チェンジアップ,140,ファウル,92.0,48.0,2,4,15
2021040035,4,表,5,1860235,1750223,2,チェンジアップ,139,ファウル[自打球],118.0,40.0,3,4,20
2021040035,4,表,5,1860235,1750223,3,ストレート,153,ボール[高めのつり球を要求],8.0,127.0,0,4,5
2021040035,4,表,5,1860235,1750223,4,チェンジアップ,140,投ゴロ,80.0,119.0,2,4,15
2021040035,4,裏,1,2101034,1951008,1,カーブ,117,ボール,33.0,136.0,0,4,5
2021040035,4,裏,1,2101034,1951008,2,ストレート,,中安,53.0,83.0,1,4,10
2021040035,4,裏,2,1900035,1951008,1,ストレート,142,見逃し,69.0,102.0,2,4,15
2021040035,4,裏,2,1900035,1951008,2,ストレート,142,ボール,58.0,121.0,1,4,10
2021040035,4,裏,2,1900035,1951008,3,ストレート,141,ボール,48.0,123.0,1,4,10
2021040035,4,裏,2,1900035,1951008,4,フォーク,128,ボール,159.0,56.0,4,4,25
2021040035,4,裏,2,1900035,1951008,5,ストレート,142,三ゴロ[ランニングスロー、併殺崩れ],72.0,99.0,2,4,15
2021040035,4,裏,3,1500064,1951008,1,カーブ,121,ボール[ワンバウンド],172.0,30.0,4,3,24
2021040035,4,裏,3,1500064,1951008,2,ストレート,143,二併打,116.0,72.0,3,4,20
2021040035,5,表,1,2117433,1900041,1,ストレート,151,ボール,154.0,45.0,4,4,25
2021040035,5,表,1,2117433,1900041,2,ストレート,150,ボール,128.0,14.0,3,2,18
2021040035,5,表,1,2117433,1900041,3,カットボール,136,見逃し,100.0,103.0,2,4,15
2021040035,5,表,1,2117433,1900041,4,カットボール,137,ボール,80.0,120.0,2,4,15
2021040035,5,表,1,2117433,1900041,5,ストレート,151,一直[野手の正面をつく],27.0,40.0,0,4,5
2021040035,5,表,2,2117433,1750701,1,ストレート,150,ボール[ワンバウンド],171.0,36.0,4,3,24
2021040035,5,表,2,2117433,1750701,2,スライダー,137,ボール,125.0,8.0,3,1,17
2021040035,5,表,2,2117433,1750701,3,スライダー,136,見逃し,108.0,88.0,3,4,20
2021040035,5,表,2,2117433,1750701,4,スライダー,129,ボール[ハーフスイング],160.0,12.0,4,1,22
2021040035,5,表,2,2117433,1750701,5,ストレート,150,四球,155.0,82.0,4,4,25
2021040035,5,表,3,2117433,2103780,1,ストレート,148,左飛,91.0,102.0,2,4,15
2021040035,5,表,4,2117433,2103845,1,スライダー,136,ボール[ワンバウンド],170.0,2.0,4,1,22
2021040035,5,表,4,2117433,2103845,2,スライダー,136,二ゴロ[逆シングル],64.0,63.0,1,4,10
2021040035,5,裏,1,2112189,2100410,1,ストレート,,ファウル,84.0,104.0,2,4,15
2021040035,5,裏,1,2112189,2100410,2,ストレート,148,遊飛[詰り],64.0,36.0,1,3,9
2021040035,5,裏,2,1600167,2100410,1,ストレート,149,中飛,54.0,37.0,1,3,9
2021040035,5,裏,3,2103703,2100410,1,ストレート,150,ボール,82.0,17.0,2,2,13
2021040035,5,裏,3,2103703,2100410,2,チェンジアップ,133,空振り,96.0,90.0,2,4,15
2021040035,5,裏,3,2103703,2100410,3,ストレート,149,一ゴロ,56.0,16.0,1,2,8
2021040035,6,表,1,2117281,1561854,1,ストレート,145,ボール,21.0,104.0,0,4,5
2021040035,6,表,1,2117281,1561854,2,カットボール,140,遊飛,96.0,102.0,2,4,15
2021040035,6,表,2,2117281,1560639,1,カーブ,124,ボール,20.0,85.0,0,4,5
2021040035,6,表,2,2117281,1560639,2,カーブ,124,ボール,155.0,73.0,4,4,25
2021040035,6,表,2,2117281,1560639,3,ストレート,145,ファウル,147.0,99.0,4,4,25
2021040035,6,表,2,2117281,1560639,4,カーブ,123,ボール,81.0,13.0,2,1,12
2021040035,6,表,2,2117281,1560639,5,ストレート,146,ファウル,49.0,45.0,1,4,10
2021040035,6,表,2,2117281,1560639,6,ストレート,,遊ゴロ,58.0,104.0,1,4,10
2021040035,6,表,3,2117281,1300079,1,ストレート,145,ボール,152.0,12.0,4,1,22
2021040035,6,表,3,2117281,1300079,2,ストレート,146,ボール,157.0,12.0,4,1,22
2021040035,6,表,3,2117281,1300079,3,ストレート,146,見逃し,115.0,94.0,3,4,20
2021040035,6,表,3,2117281,1300079,4,カットボール,139,ボール,156.0,84.0,4,4,25
2021040035,6,表,3,2117281,1300079,5,カットボール,140,左飛,120.0,108.0,3,4,20
2021040035,6,裏,1,2100277,2100410,1,カーブ,,見逃し,90.0,76.0,2,4,15
2021040035,6,裏,1,2100277,2100410,2,ストレート,146,ファウル,62.0,75.0,1,4,10
2021040035,6,裏,1,2100277,2100410,3,フォーク,,空三振,153.0,113.0,4,4,25
2021040035,6,裏,2,1000002,2100410,1,チェンジアップ,128,ボール,16.0,127.0,0,4,5
2021040035,6,裏,2,1000002,2100410,2,チェンジアップ,129,見逃し,107.0,93.0,3,4,20
2021040035,6,裏,2,1000002,2100410,3,チェンジアップ,129,ファウル,116.0,77.0,3,4,20
2021040035,6,裏,2,1000002,2100410,4,チェンジアップ,,二ゴロ,60.0,80.0,1,4,10
2021040035,6,裏,3,1950913,2100410,1,ストレート,151,ボール,71.0,124.0,2,4,15
2021040035,6,裏,3,1950913,2100410,2,ストレート,148,遊飛[高々と舞い上がる],114.0,20.0,3,2,18
2021040035,7,表,1,2117281,1500076,1,ストレート,145,見逃し,125.0,65.0,3,4,20
2021040035,7,表,1,2117281,1500076,2,カーブ,126,空振り,90.0,69.0,2,4,15
2021040035,7,表,1,2117281,1500076,3,スプリット,132,ファウル,82.0,90.0,2,4,15
2021040035,7,表,1,2117281,1500076,4,ストレート,149,ボール,120.0,13.0,3,1,17
2021040035,7,表,1,2117281,1500076,5,スプリット,135,ボール,155.0,18.0,4,2,23
2021040035,7,表,1,2117281,1500076,6,ストレート,147,遊ゴロ[引っかけ],67.0,42.0,1,4,10
2021040035,7,表,2,2117281,1750223,1,ストレート,148,ボール,76.0,13.0,2,1,12
2021040035,7,表,2,2117281,1750223,2,ストレート,147,ファウル[止めたバットに当たる],68.0,18.0,2,2,13
2021040035,7,表,2,2117281,1750223,3,ストレート,145,ボール,154.0,18.0,4,2,23
2021040035,7,表,2,2117281,1750223,4,スライダー,,右飛,96.0,53.0,2,4,15
2021040035,7,表,3,2117281,2107645,1,カットボール,137,ボール,16.0,70.0,0,4,5
2021040035,7,表,3,2117281,2107645,2,ストレート,147,二ゴロ,140.0,70.0,4,4,25
2021040035,7,裏,1,2101034,2100410,1,ストレート,148,ボール,107.0,13.0,3,1,17
2021040035,7,裏,1,2101034,2100410,2,スライダー,138,ボール,126.0,16.0,3,2,18
2021040035,7,裏,1,2101034,2100410,3,ストレート,148,ファウル,85.0,83.0,2,4,15
2021040035,7,裏,1,2101034,2100410,4,ストレート,146,二ゴロ,36.0,72.0,1,4,10
2021040035,7,裏,2,1800046,2100410,1,カーブ,113,ボール,64.0,124.0,1,4,10
2021040035,7,裏,2,1800046,2100410,2,スライダー,136,右飛,112.0,44.0,3,4,20
2021040035,7,裏,3,1600089,2100410,1,ストレート,,二飛[高々と舞い上がる],101.0,50.0,2,4,15
2021040035,8,表,1,2117281,2105174,1,ストレート,,見逃し,66.0,44.0,1,4,10
2021040035,8,表,1,2117281,2105174,2,スプリット,,遊ゴロ,120.0,59.0,3,4,20
2021040035,8,表,2,2117281,2103780,1,カーブ,124,見逃し,55.0,40.0,1,4,10
2021040035,8,表,2,2117281,2103780,2,カーブ,125,遊ゴロ,105.0,72.0,3,4,20
2021040035,8,表,3,2117281,2103845,1,ストレート,147,ファウル,60.0,94.0,1,4,10
2021040035,8,表,3,2117281,2103845,2,カットボール,142,ファウル,76.0,120.0,2,4,15
2021040035,8,表,3,2117281,2103845,3,ストレート,150,見三振[全く反応できず],129.0,93.0,3,4,20
2021040035,8,裏,1,1600021,2100410,1,ストレート,146,ファウル,96.0,18.0,2,2,13
2021040035,8,裏,1,1600021,2100410,2,チェンジアップ,127,ファウル,84.0,84.0,2,4,15
2021040035,8,裏,1,1600021,2100410,3,フォーク,134,空三振,156.0,96.0,4,4,25
2021040035,8,裏,2,2115069,2100410,1,スライダー,134,空振り,120.0,28.0,3,3,19
2021040035,8,裏,2,2115069,2100410,2,スライダー,135,ボール[ワンバウンド],172.0,8.0,4,1,22
2021040035,8,裏,2,2115069,2100410,3,フォーク,136,ボール,118.0,125.0,3,4,20
2021040035,8,裏,2,2115069,2100410,4,ストレート,146,ファウル,122.0,65.0,3,4,20
2021040035,8,裏,2,2115069,2100410,5,ストレート,146,ボール,42.0,124.0,1,4,10
2021040035,8,裏,2,2115069,2100410,6,ストレート,146,四球,153.0,88.0,4,4,25
2021040035,8,裏,3,2103703,2100410,1,カーブ,113,ボール,46.0,121.0,1,4,10
2021040035,8,裏,3,2103703,2100410,2,ストレート,145,中安,91.0,42.0,2,4,15
2021040035,8,裏,4,1700066,2100410,1,チェンジアップ,129,ボール,7.0,116.0,0,4,5
2021040035,8,裏,4,1700066,2100410,2,スライダー,138,捕飛[インフィールドフライ],105.0,37.0,3,3,19
2021040035,8,裏,5,1850208,2100410,1,チェンジアップ,129,ボール[ワンバウンド],169.0,44.0,4,4,25
2021040035,8,裏,5,1850208,2100410,2,スライダー,138,死球,155.0,-6.0,4,0,21
2021040035,8,裏,6,1950913,2100410,1,チェンジアップ,130,空振り,116.0,59.0,3,4,20
2021040035,8,裏,6,1950913,2100410,2,ストレート,146,二ゴロ,52.0,90.0,1,4,10
2021040035,9,表,1,2105891,1900037,1,ストレート,150,ボール[ワンバウンド],168.0,4.0,4,1,22
2021040035,9,表,1,2105891,1900037,2,ストレート,151,ボール,126.0,18.0,3,2,18
2021040035,9,表,1,2105891,1900037,3,ストレート,149,遊ゴロ[逆シングル],73.0,44.0,2,4,15
2021040035,9,表,2,2105891,2103840,1,ストレート,153,空振り,64.0,90.0,1,4,10
2021040035,9,表,2,2105891,2103840,2,ストレート,153,空振り,55.0,52.0,1,4,10
2021040035,9,表,2,2105891,2103840,3,スライダー,139,ボール[ワンバウンド],172.0,19.0,4,2,23
2021040035,9,表,2,2105891,2103840,4,スライダー,136,ボール,160.0,23.0,4,2,23
2021040035,9,表,2,2105891,2103840,5,スライダー,135,一ゴロ[詰り],90.0,100.0,2,4,15
2021040035,9,表,3,2105891,2103947,1,ストレート,152,ボール,152.0,16.0,4,2,23
2021040035,9,表,3,2105891,2103947,2,ストレート,151,ボール,154.0,64.0,4,4,25
2021040035,9,表,3,2105891,2103947,3,ストレート,150,ファウル,120.0,52.0,3,4,20
2021040035,9,表,3,2105891,2103947,4,ストレート,152,ファウル,22.0,68.0,0,4,5
2021040035,9,表,3,2105891,2103947,5,スライダー,136,ボール[ワンバウンド],172.0,6.0,4,1,22
2021040035,9,表,3,2105891,2103947,6,ストレート,152,左安,89.0,105.0,2,4,15
2021040035,9,表,4,2105891,1500076,1,ストレート,151,ボール,142.0,3.0,4,1,22
2021040035,9,表,4,2105891,1500076,2,ストレート,152,ボール,36.0,13.0,1,1,7
2021040035,9,表,4,2105891,1500076,3,ストレート,151,空振り,60.0,22.0,1,2,8
2021040035,9,表,4,2105891,1500076,4,ストレート,150,ボール,16.0,102.0,0,4,5
2021040035,9,表,4,2105891,1500076,5,ストレート,149,四球,104.0,14.0,3,2,18
2021040035,9,表,5,2105891,1750223,1,ストレート,151,見逃し,50.0,92.0,1,4,10
2021040035,9,表,5,2105891,1750223,2,チェンジアップ,138,ボール[ワンバウンド],170.0,16.0,4,2,23
2021040035,9,表,5,2105891,1750223,3,チェンジアップ,137,ボール[ワンバウンド、ハーフスイング],168.0,14.0,4,2,23
2021040035,9,表,5,2105891,1750223,4,ストレート,152,ボール,15.0,64.0,0,4,5
2021040035,9,表,5,2105891,1750223,5,ストレート,152,四球,27.0,123.0,0,4,5
2021040035,9,表,6,2105891,2107645,1,ストレート,152,見逃し,116.0,100.0,3,4,20
2021040035,9,表,6,2105891,2107645,2,スライダー,136,ボール[ハーフスイング],159.0,19.0,4,2,23
2021040035,9,表,6,2105891,2107645,3,ストレート,152,ファウル,107.0,88.0,3,4,20
2021040035,9,表,6,2105891,2107645,4,ストレート,154,ファウル,138.0,36.0,4,3,24
2021040035,9,表,6,2105891,2107645,5,チェンジアップ,139,ボール[ワンバウンド],172.0,67.0,4,4,25
2021040035,9,表,6,2105891,2107645,6,スライダー,135,二ゴロ[引っかけ],120.0,92.0,3,4,20
2021040037,1,表,1,1900106,1900028,1,ストレート,143,ボール,20.0,32.0,0,3,4
2021040037,1,表,1,1900106,1900028,2,ストレート,142,見逃し,105.0,88.0,3,4,20
2021040037,1,表,1,1900106,1900028,3,ストレート,143,ボール,9.0,67.0,0,4,5
2021040037,1,表,1,1900106,1900028,4,ストレート,142,空振り,96.0,40.0,2,4,15
2021040037,1,表,1,1900106,1900028,5,スライダー,128,空三振,119.0,109.0,3,4,20
2021040037,1,表,2,1900106,1650522,1,ストレート,143,ボール,156.0,39.0,4,4,25
2021040037,1,表,2,1900106,1650522,2,ストレート,143,遊ゴロ,54.0,97.0,1,4,10
2021040037,1,表,3,1900106,2000133,1,ストレート,144,見逃し,70.0,53.0,2,4,15
2021040037,1,表,3,1900106,2000133,2,フォーク,131,見逃し,98.0,90.0,2,4,15
2021040037,1,表,3,1900106,2000133,3,カーブ,112,ボール[ワンバウンド],168.0,60.0,4,4,25
2021040037,1,表,3,1900106,2000133,4,ストレート,144,遊飛,23.0,52.0,0,4,5
2021040037,1,裏,1,1900104,2107908,1,ストレート,125,ボール,8.0,16.0,0,2,3
2021040037,1,裏,1,1900104,2107908,2,カーブ,105,ボール,84.0,122.0,2,4,15
2021040037,1,裏,1,1900104,2107908,3,ツーシーム,123,ボール,13.0,62.0,0,4,5
2021040037,1,裏,1,1900104,2107908,4,ストレート,123,見逃し,87.0,104.0,2,4,15
2021040037,1,裏,1,1900104,2107908,5,チェンジアップ,118,四球,88.0,14.0,2,2,13
2021040037,1,裏,2,1400127,2107908,1,スライダー,,見逃し,100.0,104.0,2,4,15
2021040037,1,裏,2,1400127,2107908,2,ストレート,125,空振り,59.0,109.0,1,4,10
2021040037,1,裏,2,1400127,2107908,3,ストレート,128,見三振,84.0,110.0,2,4,15
2021040037,1,裏,3,1000128,2107908,1,カーブ,97,ボール,10.0,39.0,0,4,5
2021040037,1,裏,3,1000128,2107908,2,カーブ,99,ボール[ワンバウンド],171.0,120.0,4,4,25
2021040037,1,裏,3,1000128,2107908,3,ツーシーム,125,見逃し,31.0,90.0,0,4,5
2021040037,1,裏,3,1000128,2107908,4,ツーシーム,125,ボール,17.0,69.0,0,4,5
2021040037,1,裏,3,1000128,2107908,5,ストレート,125,見逃し,69.0,108.0,2,4,15
2021040037,1,裏,3,1000128,2107908,6,ツーシーム,128,中飛[ランエンドヒット],54.0,45.0,1,4,10
2021040037,1,裏,4,1300101,2107908,1,ツーシーム,127,見逃し,93.0,44.0,2,4,15
2021040037,1,裏,4,1300101,2107908,2,ストレート,130,ボール[高めのつり球を要求],15.0,4.0,0,1,2
2021040037,1,裏,4,1300101,2107908,3,ツーシーム,128,ボール,16.0,29.0,0,3,4
2021040037,1,裏,4,1300101,2107908,4,ストレート,127,ファウル,35.0,42.0,1,4,10
2021040037,1,裏,4,1300101,2107908,5,カーブ,100,ボール[ワンバウンド],171.0,59.0,4,4,25
2021040037,1,裏,4,1300101,2107908,6,スライダー,111,ファウル,21.0,38.0,0,4,5
2021040037,1,裏,4,1300101,2107908,7,ツーシーム,127,空三振,156.0,98.0,4,4,25
2021040037,2,表,1,1900106,2000135,1,ストレート,142,三ゴロ[ライン際、スライディングキャッチ],122.0,98.0,3,4,20
2021040037,2,表,2,1900106,2000031,1,フォーク,130,ボール,49.0,15.0,1,2,8
2021040037,2,表,2,1900106,2000031,2,ストレート,143,空振り,20.0,44.0,0,4,5
2021040037,2,表,2,1900106,2000031,3,ストレート,142,空振り,48.0,80.0,1,4,10
2021040037,2,表,2,1900106,2000031,4,ストレート,141,ボール,20.0,84.0,0,4,5
2021040037,2,表,2,1900106,2000031,5,ストレート,142,ボール,7.0,60.0,0,4,5
2021040037,2,表,2,1900106,2000031,6,フォーク,131,二飛[泳ぎ],150.0,57.0,4,4,25
2021040037,2,表,3,1900106,1650165,1,フォーク,128,見逃し,55.0,67.0,1,4,10
2021040037,2,表,3,1900106,1650165,2,カーブ,109,ボール,12.0,8.0,0,1,2
2021040037,2,表,3,1900106,1650165,3,スライダー,122,ファウル,59.0,88.0,1,4,10
2021040037,2,表,3,1900106,1650165,4,ストレート,144,ファウル,51.0,64.0,1,4,10
2021040037,2,表,3,1900106,1650165,5,カーブ,113,見三振,73.0,99.0,2,4,15
2021040037,2,裏,1,2000109,2107908,1,スライダー,117,空振り,58.0,120.0,1,4,10
2021040037,2,裏,1,2000109,2107908,2,チェンジアップ,113,見逃し,49.0,80.0,1,4,10
2021040037,2,裏,1,2000109,2107908,3,ストレート,130,ファウル[高めのつり球を要求],39.0,124.0,1,4,10
2021040037,2,裏,1,2000109,2107908,4,ストレート,,遊ゴロ[高めのつり球を要求],31.0,118.0,0,4,5
2021040037,2,裏,2,1000035,2107908,1,カーブ,96,見逃し,42.0,69.0,1,4,10
2021040037,2,裏,2,1000035,2107908,2,スライダー,108,ボール,88.0,124.0,2,4,15
2021040037,2,裏,2,1000035,2107908,3,ツーシーム,126,ボール,21.0,52.0,0,4,5
2021040037,2,裏,2,1000035,2107908,4,スライダー,106,ボール,8.0,54.0,0,4,5
2021040037,2,裏,2,1000035,2107908,5,ツーシーム,124,ファウル,99.0,105.0,2,4,15
2021040037,2,裏,2,1000035,2107908,6,スライダー,108,空三振,24.0,32.0,0,3,4
2021040037,2,裏,3,2103876,2107908,1,チェンジアップ,117,ボール,107.0,12.0,3,1,17
2021040037,2,裏,3,2103876,2107908,2,ツーシーム,126,見逃し,128.0,104.0,3,4,20
2021040037,2,裏,3,2103876,2107908,3,チェンジアップ,115,見逃し,80.0,40.0,2,4,15
2021040037,2,裏,3,2103876,2107908,4,ストレート,130,二直[痛烈な当たり、野手の正面をつく],68.0,115.0,2,4,15
2021040037,3,表,1,1900106,1900029,1,ストレート,141,左２,114.0,92.0,3,4,20
2021040037,3,表,2,1900106,2109495,1,フォーク,125,ファウル,101.0,28.0,2,3,14
2021040037,3,表,2,1900106,2109495,2,フォーク,124,右安,121.0,80.0,3,4,20
2021040037,3,表,3,1900106,2102997,1,ストレート,141,見逃し,138.0,99.0,4,4,25
2021040037,3,表,3,1900106,2102997,2,スライダー,126,ファウル,119.0,60.0,3,4,20
2021040037,3,表,3,1900106,2102997,3,ストレート,142,空三振,124.0,108.0,3,4,20
2021040037,3,表,4,1900106,1900028,1,フォーク,127,ボール,154.0,107.0,4,4,25
2021040037,3,表,4,1900106,1900028,2,ストレート,142,ファウル[自打球],49.0,39.0,1,4,10
2021040037,3,表,4,1900106,1900028,3,ストレート,,二失[一回転しながら送球],24.0,49.0,0,4,5
2021040037,3,表,5,1900106,1650522,1,フォーク,127,二ゴロ,120.0,97.0,3,4,20
2021040037,3,表,6,1900106,2000133,1,ストレート,140,ボール,19.0,42.0,0,4,5
2021040037,3,表,6,1900106,2000133,2,フォーク,126,ボール,45.0,14.0,1,2,8
2021040037,3,表,6,1900106,2000133,3,フォーク,127,空振り,98.0,88.0,2,4,15
2021040037,3,裏,1,1900101,2107908,1,ツーシーム,126,ボール,17.0,36.0,0,3,4
2021040037,3,裏,1,1900101,2107908,2,スライダー,106,見逃し,31.0,64.0,0,4,5
2021040037,3,裏,1,1900101,2107908,3,ツーシーム,123,遊ゴロ,95.0,52.0,2,4,15
2021040037,3,裏,2,1500143,2107908,1,カットボール,125,見逃し,38.0,37.0,1,3,9
2021040037,3,裏,2,1500143,2107908,2,ストレート,127,ファウル,46.0,99.0,1,4,10
2021040037,3,裏,2,1500143,2107908,3,チェンジアップ,116,一ゴロ,45.0,42.0,1,4,10
2021040037,3,裏,3,1900104,2107908,1,カーブ,94,右本[ポール際、スタンドギリギリ],22.0,27.0,0,3,4
2021040037,3,裏,4,1400127,2107908,1,チェンジアップ,115,見逃し,125.0,100.0,3,4,20
2021040037,3,裏,4,1400127,2107908,2,カーブ,94,ボール,152.0,102.0,4,4,25
2021040037,3,裏,4,1400127,2107908,3,ツーシーム,125,ボール,41.0,130.0,1,4,10
2021040037,3,裏,4,1400127,2107908,4,ツーシーム,122,ボール,89.0,121.0,2,4,15
2021040037,3,裏,4,1400127,2107908,5,ツーシーム,122,空振り,156.0,72.0,4,4,25
2021040037,3,裏,4,1400127,2107908,6,ツーシーム,125,四球,72.0,12.0,2,1,12
2021040037,3,裏,5,1000128,2107908,1,ストレート,128,ファウル,31.0,15.0,0,2,3
2021040037,3,裏,5,1000128,2107908,2,チェンジアップ,116,ファウル,96.0,73.0,2,4,15
2021040037,3,裏,5,1000128,2107908,3,スライダー,112,ファウル[高めのつり球を要求、ランエンドヒット],21.0,80.0,0,4,5
2021040037,3,裏,5,1000128,2107908,4,チェンジアップ,115,ファウル,150.0,78.0,4,4,25
2021040037,3,裏,5,1000128,2107908,5,カーブ,100,右飛,27.0,80.0,0,4,5
2021040037,4,表,1,1900106,2000133,1,ストレート,142,ボール,10.0,19.0,0,2,3
2021040037,4,表,1,1900106,2000133,2,ストレート,141,見逃し,75.0,24.0,2,2,13
2021040037,4,表,1,1900106,2000133,3,スライダー,123,ファウル,22.0,68.0,0,4,5
2021040037,4,表,1,1900106,2000133,4,フォーク,130,右安,55.0,35.0,1,3,9
2021040037,4,表,2,1900106,2000135,1,フォーク,125,空振り,139.0,84.0,4,4,25
2021040037,4,表,2,1900106,2000135,2,ストレート,140,見逃し,125.0,28.0,3,3,19
2021040037,4,表,2,1900106,2000135,3,フォーク,129,空三振[ワンバウンド],171.0,74.0,4,4,25
2021040037,4,表,3,1900106,2000031,1,ストレート,140,ファウル,34.0,43.0,1,4,10
2021040037,4,表,3,1900106,2000031,2,フォーク,128,ボール[ワンバウンド],169.0,104.0,4,4,25
2021040037,4,表,3,1900106,2000031,3,ストレート,139,ファウル,78.0,58.0,2,4,15
2021040037,4,表,3,1900106,2000031,4,ストレート,141,ボール,22.0,103.0,0,4,5
2021040037,4,表,3,1900106,2000031,5,カーブ,111,一ゴロ[バットの先],96.0,23.0,2,2,13
2021040037,4,表,4,1900106,1650165,1,カーブ,112,見逃し,94.0,85.0,2,4,15
2021040037,4,表,4,1900106,1650165,2,フォーク,130,ボール,155.0,72.0,4,4,25
2021040037,4,表,4,1900106,1650165,3,ストレート,140,空振り,114.0,109.0,3,4,20
2021040037,4,表,4,1900106,1650165,4,ストレート,139,ボール,11.0,72.0,0,4,5
2021040037,4,表,4,1900106,1650165,5,フォーク,129,空三振,156.0,100.0,4,4,25
2021040037,4,裏,1,1300101,1750696,1,ストレート,149,ファウル,60.0,40.0,1,4,10
2021040037,4,裏,1,1300101,1750696,2,ストレート,148,ボール,19.0,77.0,0,4,5
2021040037,4,裏,1,1300101,1750696,3,カーブ,118,見逃し,124.0,44.0,3,4,20
2021040037,4,裏,1,1300101,1750696,4,スライダー,131,空三振[ワンバウンド],167.0,3.0,4,1,22
2021040037,4,裏,2,2000109,1750696,1,フォーク,133,ボール[ワンバウンド],169.0,54.0,4,4,25
2021040037,4,裏,2,2000109,1750696,2,ストレート,147,ファウル,149.0,80.0,4,4,25
2021040037,4,裏,2,2000109,1750696,3,ストレート,148,ボール,102.0,8.0,3,1,17
2021040037,4,裏,2,2000109,1750696,4,ストレート,148,見逃し,76.0,108.0,2,4,15
2021040037,4,裏,2,2000109,1750696,5,フォーク,135,空三振,155.0,72.0,4,4,25
2021040037,4,裏,3,1000035,1750696,1,ストレート,147,ボール,159.0,18.0,4,2,23
2021040037,4,裏,3,1000035,1750696,2,カットボール,131,空振り,75.0,84.0,2,4,15
2021040037,4,裏,3,1000035,1750696,3,シュート,145,ボール,158.0,80.0,4,4,25
2021040037,4,裏,3,1000035,1750696,4,ストレート,148,ファウル,95.0,32.0,2,3,14
2021040037,4,裏,3,1000035,1750696,5,フォーク,134,ファウル,148.0,43.0,4,4,25
2021040037,4,裏,3,1000035,1750696,6,シュート,148,遊ゴロ,96.0,108.0,2,4,15
2021040037,5,表,1,1550517,1900029,1,フォーク,133,ボール,19.0,100.0,0,4,5
2021040037,5,表,1,1550517,1900029,2,カットボール,143,ボール,136.0,16.0,4,2,23
2021040037,5,表,1,1550517,1900029,3,ストレート,148,見逃し,128.0,108.0,3,4,20
2021040037,5,表,1,1550517,1900029,4,ストレート,145,ボール,152.0,100.0,4,4,25
2021040037,5,表,1,1550517,1900029,5,ストレート,145,四球,160.0,75.0,4,4,25
2021040037,5,表,2,1550517,2109495,1,ストレート,149,ファウル,72.0,47.0,2,4,15
2021040037,5,表,2,1550517,2109495,2,シュート,147,ファウル,112.0,92.0,3,4,20
2021040037,5,表,2,1550517,2109495,3,チェンジアップ,119,ファウル,16.0,79.0,0,4,5
2021040037,5,表,2,1550517,2109495,4,フォーク,135,空三振[ランエンドヒット、ワンバウンド],168.0,8.0,4,1,22
2021040037,5,表,3,1550517,2102997,1,ストレート,148,ファウル,133.0,78.0,3,4,20
2021040037,5,表,3,1550517,2102997,2,ストレート,148,中安,31.0,108.0,0,4,5
2021040037,5,表,4,1550517,1900028,1,フォーク,124,ボール,99.0,12.0,2,1,12
2021040037,5,表,4,1550517,1900028,2,シュート,145,ボール,162.0,87.0,4,4,25
2021040037,5,表,4,1550517,1900028,3,シュート,144,一ゴロ,31.0,96.0,0,4,5
2021040037,5,裏,1,2103876,1750696,1,フォーク,130,見逃し,32.0,94.0,0,4,5
2021040037,5,裏,1,2103876,1750696,2,シュート,144,遊ゴロ,86.0,118.0,2,4,15
2021040037,5,裏,2,1900101,1750696,1,カーブ,116,ボール,20.0,76.0,0,4,5
2021040037,5,裏,2,1900101,1750696,2,カットボール,140,空振り,125.0,44.0,3,4,20
2021040037,5,裏,2,1900101,1750696,3,ストレート,146,右安[バットの先、バット折れる],132.0,33.0,3,3,19
2021040037,5,裏,3,1500143,1750696,1,フォーク,130,ボール,50.0,123.0,1,4,10
2021040037,5,裏,3,1500143,1750696,2,スライダー,129,ボール,14.0,123.0,0,4,5
2021040037,5,裏,3,1500143,1750696,3,カットボール,,一併打,50.0,85.0,1,4,10
2021040037,6,表,1,1550517,1650522,1,シュート,144,見逃し,100.0,72.0,2,4,15
2021040037,6,表,1,1550517,1650522,2,カーブ,103,ボール,16.0,121.0,0,4,5
2021040037,6,表,1,1550517,1650522,3,チェンジアップ,123,一ゴロ,49.0,100.0,1,4,10
2021040037,6,表,2,1550517,2000133,1,チェンジアップ,118,ボール[ワンバウンド],168.0,92.0,4,4,25
2021040037,6,表,2,1550517,2000133,2,ストレート,148,ボール,153.0,10.0,4,1,22
2021040037,6,表,2,1550517,2000133,3,カットボール,141,見逃し,91.0,70.0,2,4,15
2021040037,6,表,2,1550517,2000133,4,ストレート,146,中飛,22.0,43.0,0,4,5
2021040037,6,表,3,1550517,2000135,1,スライダー,129,見逃し,73.0,32.0,2,3,14
2021040037,6,表,3,1550517,2000135,2,ストレート,148,遊ゴロ,30.0,48.0,0,4,5
2021040037,6,裏,1,1900104,1750894,1,ストレート,144,見逃し,91.0,102.0,2,4,15
2021040037,6,裏,1,1900104,1750894,2,チェンジアップ,129,空振り,157.0,84.0,4,4,25
2021040037,6,裏,1,1900104,1750894,3,スライダー,129,ファウル,152.0,60.0,4,4,25
2021040037,6,裏,1,1900104,1750894,4,ストレート,145,空三振[高めのつり球を要求、ハーフスイング],19.0,53.0,0,4,5
2021040037,6,裏,2,1400127,1750894,1,ストレート,144,二ゴロ[逆シングル],51.0,90.0,1,4,10
2021040037,6,裏,3,1000128,1750894,1,ストレート,143,ボール,89.0,129.0,2,4,15
2021040037,6,裏,3,1000128,1750894,2,ストレート,144,ボール,56.0,10.0,1,1,7
2021040037,6,裏,3,1000128,1750894,3,チェンジアップ,130,見逃し,36.0,50.0,1,4,10
2021040037,6,裏,3,1000128,1750894,4,ストレート,,遊ゴロ[グラブ弾く],108.0,89.0,3,4,20
2021040037,7,表,1,1550517,2000031,1,チェンジアップ,118,見逃し,35.0,80.0,1,4,10
2021040037,7,表,1,1550517,2000031,2,ストレート,143,ファウル,28.0,35.0,0,3,4
2021040037,7,表,1,1550517,2000031,3,ストレート,147,ボール,12.0,122.0,0,4,5
2021040037,7,表,1,1550517,2000031,4,フォーク,129,空三振,45.0,45.0,1,4,10
2021040037,7,表,2,1550517,1650165,1,スライダー,129,見逃し,120.0,38.0,3,4,20
2021040037,7,表,2,1550517,1650165,2,チェンジアップ,119,右飛,40.0,44.0,1,4,10
2021040037,7,表,3,1550517,2113365,1,シュート,146,ファウル,56.0,113.0,1,4,10
2021040037,7,表,3,1550517,2113365,2,チェンジアップ,124,空振り,133.0,83.0,3,4,20
2021040037,7,表,3,1550517,2113365,3,チェンジアップ,124,ボール[ワンバウンド、ハーフスイング],170.0,72.0,4,4,25
2021040037,7,表,3,1550517,2113365,4,ストレート,146,死球,20.0,8.0,0,1,2
2021040037,7,表,4,1550517,2109495,1,カットボール,141,ファウル,60.0,29.0,1,3,9
2021040037,7,表,4,1550517,2109495,2,チェンジアップ,119,ボール,164.0,17.0,4,2,23
2021040037,7,表,4,1550517,2109495,3,スライダー,130,左飛,44.0,35.0,1,3,9
2021040037,7,裏,1,1300101,1750894,1,スライダー,129,ボール,158.0,123.0,4,4,25
2021040037,7,裏,1,1300101,1750894,2,ストレート,144,ボール,22.0,39.0,0,4,5
2021040037,7,裏,1,1300101,1750894,3,ストレート,144,空振り,59.0,84.0,1,4,10
2021040037,7,裏,1,1300101,1750894,4,ストレート,144,ボール,156.0,85.0,4,4,25
2021040037,7,裏,1,1300101,1750894,5,チェンジアップ,,左安[痛烈な当たり、グラブ弾く],53.0,48.0,1,4,10
2021040037,7,裏,2,2000109,1750894,1,カーブ,116,空振り,156.0,78.0,4,4,25
2021040037,7,裏,2,2000109,1750894,2,ストレート,142,見逃し,92.0,113.0,2,4,15
2021040037,7,裏,2,2000109,1750894,3,スライダー,130,ファウル,152.0,121.0,4,4,25
2021040037,7,裏,2,2000109,1750894,4,チェンジアップ,127,ボール,163.0,62.0,4,4,25
2021040037,7,裏,2,2000109,1750894,5,ストレート,144,空三振,40.0,68.0,1,4,10
2021040037,7,裏,3,1000035,1750894,1,ストレート,141,ボール,66.0,15.0,1,2,8
2021040037,7,裏,3,1000035,1750894,2,チェンジアップ,130,ボール,154.0,95.0,4,4,25
2021040037,7,裏,3,1000035,1750894,3,ストレート,,ファウル[ヒットエンドラン],28.0,79.0,0,4,5
2021040037,7,裏,3,1000035,1750894,4,ストレート,143,ファウル,135.0,75.0,3,4,20
2021040037,7,裏,3,1000035,1750894,5,ストレート,,左安[ランエンドヒット],72.0,75.0,2,4,15
2021040037,7,裏,4,2103876,1750894,1,スライダー,127,空振り,152.0,124.0,4,4,25
2021040037,7,裏,4,2103876,1750894,2,チェンジアップ,129,ファウル[バットの先],156.0,90.0,4,4,25
2021040037,7,裏,4,2103876,1750894,3,ストレート,143,ボール,60.0,124.0,1,4,10
2021040037,7,裏,4,2103876,1750894,4,ストレート,143,ファウル,24.0,82.0,0,4,5
2021040037,7,裏,4,2103876,1750894,5,チェンジアップ,131,左飛,148.0,97.0,4,4,25
2021040037,7,裏,5,2103735,1750894,1,スライダー,130,左飛[悔しがる],140.0,79.0,4,4,25
2021040037,8,表,1,1961052,2102997,1,ストレート,152,ボール,11.0,8.0,0,1,2
2021040037,8,表,1,1961052,2102997,2,ストレート,,ファウル,118.0,92.0,3,4,20
2021040037,8,表,1,1961052,2102997,3,ストレート,153,中安,30.0,60.0,0,4,5
2021040037,8,表,2,1961052,1900028,1,ストレート,152,ファウル,24.0,40.0,0,4,5
2021040037,8,表,2,1961052,1900028,2,ストレート,151,ボール,15.0,73.0,0,4,5
2021040037,8,表,2,1961052,1900028,3,ストレート,152,三ゴロ[バットの先],152.0,107.0,4,4,25
2021040037,8,表,3,1961052,1650522,1,ストレート,156,ファウル,48.0,24.0,1,2,8
2021040037,8,表,3,1961052,1650522,2,ストレート,153,ファウル,24.0,63.0,0,4,5
2021040037,8,表,3,1961052,1650522,3,ストレート,154,二ゴロ[詰り、バット折れる],49.0,27.0,1,3,9
2021040037,8,表,4,1961052,2000133,1,スライダー,133,ボール,45.0,124.0,1,4,10
2021040037,8,表,4,1961052,2000133,2,ストレート,154,見逃し,141.0,72.0,4,4,25
2021040037,8,表,4,1961052,2000133,3,スライダー,138,ボール,17.0,12.0,0,1,2
2021040037,8,表,4,1961052,2000133,4,ストレート,153,中安,32.0,64.0,0,4,5
2021040037,8,表,5,1961052,2107178,1,ストレート,155,ファウル,30.0,47.0,0,4,5
2021040037,8,表,5,1961052,2107178,2,スライダー,139,見逃し,89.0,72.0,2,4,15
2021040037,8,表,5,1961052,2107178,3,ストレート,154,空三振,16.0,60.0,0,4,5
2021040037,8,裏,1,1500143,1750894,1,スライダー,130,見逃し,81.0,94.0,2,4,15
2021040037,8,裏,1,1500143,1750894,2,チェンジアップ,131,ボール,160.0,123.0,4,4,25
2021040037,8,裏,1,1500143,1750894,3,ストレート,142,ファウル,44.0,29.0,1,3,9
2021040037,8,裏,1,1500143,1750894,4,カーブ,119,ボール[ワンバウンド],170.0,124.0,4,4,25
2021040037,8,裏,1,1500143,1750894,5,チェンジアップ,128,ファウル,126.0,78.0,3,4,20
2021040037,8,裏,1,1500143,1750894,6,ストレート,143,空三振,56.0,124.0,1,4,10
2021040037,8,裏,2,2000108,1750894,1,スライダー,128,ボール,160.0,124.0,4,4,25
2021040037,8,裏,2,2000108,1750894,2,ストレート,142,見逃し,86.0,95.0,2,4,15
2021040037,8,裏,2,2000108,1750894,3,ストレート,142,ボール,120.0,13.0,3,1,17
2021040037,8,裏,2,2000108,1750894,4,ストレート,142,ファウル,51.0,93.0,1,4,10
2021040037,8,裏,2,2000108,1750894,5,ストレート,143,ファウル,69.0,88.0,2,4,15
2021040037,8,裏,2,2000108,1750894,6,ストレート,141,ファウル,54.0,90.0,1,4,10
2021040037,8,裏,2,2000108,1750894,7,チェンジアップ,134,ファウル,153.0,80.0,4,4,25
2021040037,8,裏,2,2000108,1750894,8,ストレート,143,見三振,44.0,30.0,1,3,9
2021040037,8,裏,3,2112183,1750894,1,ストレート,141,ボール,158.0,10.0,4,1,22
2021040037,8,裏,3,2112183,1750894,2,スライダー,129,見逃し,99.0,24.0,2,2,13
2021040037,8,裏,3,2112183,1750894,3,ストレート,142,空振り,118.0,38.0,3,4,20
2021040037,8,裏,3,2112183,1750894,4,ストレート,143,ボール,95.0,12.0,2,1,12
2021040037,8,裏,3,2112183,1750894,5,チェンジアップ,134,空三振,155.0,70.0,4,4,25
2021040037,9,表,1,1800107,2000031,1,ストレート,152,ボール,14.0,29.0,0,3,4
2021040037,9,表,1,1800107,2000031,2,ストレート,151,ファウル,52.0,94.0,1,4,10
2021040037,9,表,1,1800107,2000031,3,フォーク,139,空振り,150.0,73.0,4,4,25
2021040037,9,表,1,1800107,2000031,4,フォーク,142,見三振[全く反応できず],55.0,79.0,1,4,10
2021040037,9,表,2,1800107,1650165,1,ストレート,154,ボール,88.0,12.0,2,1,12
2021040037,9,表,2,1800107,1650165,2,ストレート,151,ファウル,69.0,85.0,2,4,15
2021040037,9,表,2,1800107,1650165,3,ストレート,152,ボール,13.0,45.0,0,4,5
2021040037,9,表,2,1800107,1650165,4,ストレート,150,ボール,32.0,125.0,0,4,5
2021040037,9,表,2,1800107,1650165,5,フォーク,139,四球,17.0,96.0,0,4,5
2021040037,9,表,3,1800107,2113365,1,フォーク,143,空振り,120.0,108.0,3,4,20
2021040037,9,表,3,1800107,2113365,2,フォーク,143,見逃し,93.0,107.0,2,4,15
2021040037,9,表,3,1800107,2113365,3,フォーク,138,ボール[ワンバウンド],170.0,32.0,4,3,24
2021040037,9,表,3,1800107,2113365,4,フォーク,143,ファウル,64.0,98.0,1,4,10
2021040037,9,表,3,1800107,2113365,5,ストレート,152,ファウル,24.0,40.0,0,4,5
2021040037,9,表,3,1800107,2113365,6,ストレート,150,見三振,127.0,70.0,3,4,20
2021040037,9,表,4,1800107,2109495,1,フォーク,137,見逃し,79.0,88.0,2,4,15
2021040037,9,表,4,1800107,2109495,2,フォーク,138,ファウル,41.0,96.0,1,4,10
2021040037,9,表,4,1800107,2109495,3,ストレート,151,ボール,160.0,12.0,4,1,22
2021040037,9,表,4,1800107,2109495,4,フォーク,138,空三振,119.0,70.0,3,4,20
2021040037,9,裏,1,2000009,2117400,1,ストレート,141,見逃し,131.0,98.0,3,4,20
2021040037,9,裏,1,2000009,2117400,2,ストレート,141,ボール,15.0,112.0,0,4,5
2021040037,9,裏,1,2000009,2117400,3,ストレート,140,空振り,122.0,90.0,3,4,20
2021040037,9,裏,1,2000009,2117400,4,ストレート,139,左飛,27.0,95.0,0,4,5
2021040037,9,裏,2,1950149,2117400,1,カーブ,113,見逃し,81.0,96.0,2,4,15
2021040037,9,裏,2,1950149,2117400,2,カーブ,114,三ゴロ,49.0,69.0,1,4,10
2021040037,9,裏,3,1850172,2117400,1,チェンジアップ,117,見逃し,91.0,75.0,2,4,15
2021040037,9,裏,3,1850172,2117400,2,チェンジアップ,118,見逃し,52.0,77.0,1,4,10
2021040037,9,裏,3,1850172,2117400,3,チェンジアップ,119,空三振[ハーフスイング],157.0,13.0,4,1,22