player_id,name_ja,status,roman_skipped,roman_short,birth_date_raw,pro_debut_raw,career_raw,network
1003884,堀田　一郎,ok,True,I.Horita,1974年4月18日,1996年ドラフト6位,北海高 - 中央大,0
1003886,中谷　仁,ok,True,J.Nakatani,1979年5月5日,1997年ドラフト1位,智弁和歌山高,0
1003888,古木　克明,ok,True,K.Furuki,1980年11月10日,1998年ドラフト1位,豊田大谷高,0
1003889,柳沢　裕一,ok,True,Y.Yanagisawa,1971年8月2日,1993年ドラフト2位,松商学園高 - 明治大,0
1005112,田中　靖洋,ok,True,Y.Tanaka,1987年6月21日,2005年高校生ドラフト4巡目,加賀高,0
1005113,中島　宏之,ok,True,H.Nakajima,1982年7月31日,2000年ドラフト5位,伊丹北高,0
1005114,高崎　健太郎,ok,True,K.Takasaki,1985年6月24日,2006年大学生・社会人ドラフト希望枠,熊本・鎮西高 - 日産自動車,0
1005116,豊島　明好,ok,True,A.Toyoshima,1990年1月16日,2007年高校生ドラフト6巡目,北陸大谷高,0
1005117,雄平,ok,True,Y.Yuuhei（takai,1984年6月25日,2002年ドラフト1巡目,東北高,0
1005130,髙濱　祐仁,ok,True,Y.Takahama,1996年8月8日,2014年ドラフト7位,横浜高,0
1005132,髙山　俊,ok,True,S.Takayama,1993年4月18日,2015年ドラフト1位,日大三高 - 明治大,0
1005133,千賀　滉大,ok,True,K.Senga,1993年1月30日,2010年育成選手ドラフト4位,蒲郡高,0
1005134,高橋　昂也,ok,True,K.Takahashi,1998年9月27日,2016年ドラフト2位,花咲徳栄高,0
1005135,武田　翔太,ok,True,S.Takeda,1993年4月3日,2011年ドラフト1位,宮崎日大高,0
1005136,高橋　礼,ok,True,R.Takahashi,1995年11月2日,2017年ドラフト2位,専大松戸高 - 専修大,0
1005137,東浜　巨,ok,True,N.Higashihama,1990年6月20日,2012年ドラフト1位,沖縄尚学高 - 亜細亜大,0
1005138,土居　豪人,ok,True,H.Doi,2000年4月2日,2018年ドラフト8位,松山聖陵高,0
1005139,西原　圭大,ok,True,K.Nishihara,1988年9月29日,2013年ドラフト4位,今治北高 - 関西外国語大 - ニチダイ,0
1005153,佐々木　健,ok,True,T.Sasaki,1996年5月13日,2020年ドラフト2位,木造高 - 富士大 - NTT東日本,0
1005157,田中　晴也,ok,True,H.Tanaka,2004年6月6日,2022年ドラフト3位,日本文理高,0
1005159,鈴木　叶,ok,True,K.Suzuki,2006年3月21日,2023年ドラフト4位,常葉大菊川高,0
1103882,石井　弘寿,ok,True,H.Ishii,1977年9月14日,1995年ドラフト4位,東京学館高,0
1103883,元木　大介,ok,True,D.Motoki,1971年12月30日,1990年ドラフト1位,上宮高,0
1103884,礒部　公一,ok,True,K.Isobe,1974年3月12日,1996年ドラフト3位,西条農 - 三菱重工広島,0
1103886,井川　慶,ok,True,K.Igawa,1979年7月13日,1997年ドラフト2位,水戸商,0
1103888,新井　貴浩,ok,True,T.Arai,1977年1月30日,1998年ドラフト6位,広島工 - 駒沢大,0
1105110,市川　卓,ok,True,S.Ichikawa,1986年6月7日,2004年ドラフト5巡目,菰野高,0
1105111,岩隈　久志,ok,True,H.Iwakuma,1981年4月12日,1999年ドラフト5位,堀越高,0
1105112,新井　良太,ok,True,R.Arai,1983年8月16日,2005年大学生・社会人ドラフト4巡目,広陵高 - 駒沢大,0
1105113,東　和政,ok,True,K.Azuma,1982年6月1日,2000年ドラフト4位,宿毛高,0
1105115,天谷　宗一郎,ok,True,S.Amaya,1983年11月8日,2001年ドラフト9巡目,福井商,0
1105117,飯田　龍一郎,ok,True,R.Iida,1985年3月15日,2002年ドラフト7巡目,育英高,0
1105118,井坂　亮平,ok,True,R.Isaka,1984年10月19日,2008年ドラフト3位,藤代高 - 中央大 - 住友金属鹿島,0
1105119,稲田　直人,ok,True,N.Inada,1979年11月6日,2003年ドラフト5巡目,広陵高 - 駒沢大 - NKK - JFE西日本,0
1105130,飯塚　悟史,ok,True,S.Iizuka,1996年10月11日,2014年ドラフト7位,日本文理高,0
1105131,荒木　貴裕,ok,True,T.Araki,1987年7月26日,2009年ドラフト3位,帝京三高 - 近畿大,0
1105132,赤間　謙,ok,True,K.Akama,1990年11月14日,2015年ドラフト9位,東海大山形高 - 東海大 - 鷺宮製作所,0
1105133,荒波　翔,ok,True,S.Aranami,1986年1月25日,2010年ドラフト3位,横浜高 - 東海大 - トヨタ自動車,0
1105134,池田　隆英,ok,True,T.Ikeda,1994年10月1日,2016年ドラフト2位,創価高 - 創価大,0
1105135,石川　慎吾,ok,True,S.Ishikawa,1993年4月27日,2011年ドラフト3位,東大阪大柏原高,0
1105136,石井　将希,ok,True,M.Ishii,1995年7月12日,2017年育成選手ドラフト1位,桐生第一高 - 上武大,0
1105137,飯田　優也,ok,True,Y.Iida,1990年11月27日,2012年育成選手ドラフト3位,神戸弘陵高 - 東京農業大生産学部,0
1105138,泉　圭輔,ok,True,K.Izumi,1997年3月2日,2018年ドラフト6位,金沢西高 - 金沢星稜大,0
1105151,石塚　綜一郎,ok,True,S.Ishizuka,2001年6月7日,2019年育成選手ドラフト1位,黒沢尻工,0
1105153,阿部　翔太,ok,True,S.Abe,1992年11月3日,2020年ドラフト6位,酒田南高 - 成美大 - 日本生命,0
1105155,有薗　直輝,ok,True,N.Arizono,2003年5月21日,2021年ドラフト2位,千葉学芸高,0
1105159,石黒　佑弥,ok,True,Y.Ishiguro,2001年6月20日,2023年ドラフト5位,星城高 - JR西日本,0
1203886,藤田　宗一,ok,True,S.Fujita,1972年10月17日,1997年ドラフト3位,島原中央高 - 西濃運輸,0
1205110,普久原　淳一,ok,True,J.Fukuhara,1983年1月13日,2004年ドラフト12巡目,桐蔭学園高 - 法政大,0
1205111,南　竜介,ok,True,R.Minami,1981年7月9日,1999年ドラフト5位,報徳学園高,0
1205112,根元　俊一,ok,True,S.Nemoto,1983年7月8日,2005年大学生・社会人ドラフト3巡目,花咲徳栄高 - 東北福祉大,0
1205113,藤田　太陽,ok,True,T.Fujita,1979年11月1日,2000年ドラフト1位,新屋高 - 川崎製鉄千葉,0
1205114,堂上　直倫,ok,True,N.Donoue,1988年9月23日,2006年高校生ドラフト1巡目,愛工大名電高,0
1205115,林　昌範,ok,True,M.Hayashi,1983年9月19日,2001年ドラフト7巡目,市立船橋高,0
1205116,長谷部　康平,ok,True,K.Hasebe,1985年5月21日,2007年大学生・社会人ドラフト1巡目,杜若高 - 愛知工業大,0
1205117,永川　勝浩,ok,True,K.Nagakawa,1980年12月14日,2002年ドラフト自由枠,新庄高 - 亜細亜大,0
1205118,西野　勇士,ok,True,Y.Nishino,1991年3月6日,2008年育成選手ドラフト5位,新湊高,0
1205119,山崎　敏,ok,True,S.Yamazaki,1981年4月8日,2003年ドラフト自由枠,勢多農林高 - 平成国際大,0
1205130,戸川　大輔,ok,True,D.Togawa,1996年4月29日,2014年育成選手ドラフト1位,北海高,0
1205131,古川　秀一,ok,True,S.Furukawa,1987年7月15日,2009年ドラフト1位,清峰高 - 日本文理大,0
1205134,田村　伊知郎,ok,True,I.Tamura,1994年9月19日,2016年ドラフト6位,報徳学園高 - 立教大,0
1205135,徳山　武陽,ok,True,T.Tokuyama,1989年7月21日,2011年育成選手ドラフト1位,三田学園高 - 立命館大,0
1205137,松永　昂大,ok,True,T.Matsunaga,1988年4月16日,2012年ドラフト1位,高松商 - 関西国際大 - 大阪ガス,0
1205138,中村　稔弥,ok,True,T.Nakamura,1996年7月8日,2018年ドラフト5位,清峰高 - 亜細亜大,0
1205151,田部　隼人,ok,True,H.Tanabe,2001年12月22日,2019年ドラフト5位,開星高,0
1205153,高田　孝一,ok,True,K.Takada,1998年6月3日,2020年ドラフト2位,平塚学園高 - 法政大,0
1205155,達　孝太,ok,True,K.Tatsu,2004年3月27日,2021年ドラフト1位,天理高,0
1303864,紀藤　真琴,ok,True,M.Kitou,1965年5月12日,1983年ドラフト3位,中京高,0
1303868,山﨑　武司,ok,True,T.Yamasaki,1968年11月7日,1986年ドラフト2位,愛工大名電高,0
1303880,川尻　哲郎,ok,True,T.Kawajiri,1969年1月5日,1994年ドラフト4位,日大二高 - 亜細亜大 - 日産自動車,0
1303882,門倉　健,ok,True,K.Kadokura,1973年7月29日,1995年ドラフト2位,聖望学園高 - 東北福祉大,0
1303885,片岡　篤史,ok,True,A.Kataoka,1969年6月27日,1991年ドラフト2位,PL学園高 - 同志社大,0
1303886,小田　智之,ok,True,T.Oda,1979年5月19日,1997年ドラフト2位,興誠高,0
1305110,片岡　治大,ok,True,Y.Kataoka,1983年2月17日,2004年ドラフト3巡目,宇都宮学園高 - 東京ガス,0
1305112,梅原　伸亮,ok,True,N.Umehara,1983年9月13日,2005年大学生・社会人ドラフト4巡目,金光大阪高 - 京都学園大,0
1305113,上村　和裕,ok,True,K.Uemura,1983年2月20日,2000年ドラフト3位,北照高,0
1305114,上野　弘文,ok,True,H.Ueno,1981年4月10日,2006年大学生・社会人ドラフト3巡目,樟南高 - トヨタ自動車,0
1305115,今江　年晶,ok,True,T.Imae,1983年8月26日,2001年ドラフト3巡目,PL学園高,0
1305116,大田　阿斗里,ok,True,A.Oota,1989年8月12日,2007年高校生ドラフト3巡目,帝京高,0
1305117,江草　仁貴,ok,True,H.Egusa,1980年9月3日,2002年ドラフト自由枠,盈進高 - 専修大,0
1305118,上本　博紀,ok,True,H.Uemoto,1986年7月4日,2008年ドラフト3位,広陵高 - 早稲田大,0
1305119,香月　良太,ok,True,R.Katsuki,1982年7月27日,2003年ドラフト自由枠,柳川高 - 東芝,0
1305130,植田　海,ok,True,K.Ueda,1996年4月19日,2014年ドラフト5位,近江高,0
1305131,大島　洋平,ok,True,Y.Ooshima,1985年11月9日,2009年ドラフト5位,享栄高 - 駒沢大 - 日本生命,0
1305132,今永　昇太,ok,True,S.Imanaga,1993年9月1日,2015年ドラフト1位,北筑高 - 駒沢大,0
1305133,榎田　大樹,ok,True,D.Enokida,1986年8月7日,2010年ドラフト1位,小林西高 - 福岡大 - 東京ガス,0
1305136,大下　佑馬,ok,True,Y.Ooshita,1992年7月6日,2017年ドラフト2位,崇徳高 - 亜細亜大 - 三菱重工広島,0
1305137,大谷　翔平,ok,True,S.Ootani,1994年7月5日,2012年ドラフト1位,花巻東高,0
1305138,大貫　晋一,ok,True,S.Oonuki,1994年2月3日,2018年ドラフト3位,桐陽高 - 日本体育大 - 新日鉄住金鹿島,0
1305139,内田　靖人,ok,True,Y.Uchida,1995年5月30日,2013年ドラフト2位,常総学院高,0
1305151,上野　響平,ok,True,K.Ueno,2001年4月26日,2019年ドラフト3位,京都国際高,0
1305153,井上　朋也,ok,True,T.Inoue,2003年1月28日,2020年ドラフト1位,花咲徳栄高,0
1305155,大里　昂生,ok,True,K.Oosato,1999年7月7日,2021年育成選手ドラフト3位,盛岡大付高 - 東北福祉大,0
1305157,大津　亮介,ok,True,R.Ootsu,1999年1月13日,2022年ドラフト2位,九州産大九州高 - 帝京大 - 日本製鉄鹿島,0
1403862,山本昌,ok,True,M.Yamamotomasa（yamamoto,1965年8月11日,1983年ドラフト5位,日大藤沢高,0
1405110,丸山　貴史,ok,True,T.Maruyama,1986年6月28日,2004年ドラフト6巡目,愛工大名電高,0
1405111,吉野　誠,ok,True,M.Yoshino,1977年11月19日,1999年ドラフト2位,大宮東高 - 日本大,0
1405112,星野　八千穂,ok,True,Y.Hoshino,1980年5月8日,2005年大学生・社会人ドラフト7巡目,丸子実 - 岐阜聖徳学園大 - JR北海道,0
1405116,松山　竜平,ok,True,R.Matsuyama,1985年9月18日,2007年大学生・社会人ドラフト4巡目,鹿屋中央高 - 九州国際大,0
1405118,R.フェルナンデス,ok,True,R.Fernandes,1986年4月23日,2008年育成選手ドラフト1位,カントリーキッズ高 - 白鴎大,0
1405130,野間　峻祥,ok,True,T.Noma,1993年1月28日,2014年ドラフト1位,村野工 - 中部学院大,0
1405131,松下　建太,ok,True,K.Matsushita,1987年8月17日,2009年ドラフト5位,明徳義塾高 - 早稲田大,0
1405132,野川　拓斗,ok,True,T.Nogawa,1991年9月6日,2015年ドラフト7位,川口青陵高 - 城西国際大 - 鷺宮製作所,0
1405133,星野　大地,ok,True,D.Hoshino,1993年3月13日,2010年ドラフト4位,岡山東商,0
1405134,中塚　駿太,ok,True,S.Nakatsuka,1994年12月26日,2016年ドラフト2位,つくば秀英高 - 白鴎大,0
1405135,西森　将司,ok,True,M.Nishimori,1987年12月29日,2011年育成選手ドラフト2位,北照高 - ホンダ - 四国・香川,0
1405136,西村　凌,ok,True,R.Nishimura,1996年2月21日,2017年ドラフト5位,青森山田高 - SUBARU,0
1405138,林　晃汰,ok,True,K.Hayashi,2000年11月16日,2018年ドラフト3位,智弁和歌山高,0
1405139,森　唯斗,ok,True,Y.Mori,1992年1月8日,2013年ドラフト2位,海部高 - 三菱自動車倉敷オーシャンズ,0
1405151,韮澤　雄也,ok,True,Y.Nirasawa,2001年5月20日,2019年ドラフト4位,花咲徳栄高,0
1405155,中村　健人,ok,True,K.Nakamura,1997年5月21日,2021年ドラフト3位,中京大中京高 - 慶応大 - トヨタ自動車,0
1405157,野口　恭佑,ok,True,K.Noguchi,2000年7月17日,2022年育成選手ドラフト1位,創成館高 - 九州産業大,0
1503880,斉藤　宜之,ok,True,T.Saitou,1976年6月10日,1994年ドラフト4位,横浜高,0
1503888,英智,ok,True,H.Hidenori（kuramoto,1976年5月9日,1998年ドラフト4位,県立岐阜商 - 名城大,0
1505110,木村　正太,ok,True,S.Kimura,1986年5月24日,2004年ドラフト5巡目,一関一高,0
1505111,佐藤　宏志,ok,True,H.Satou,1977年8月11日,1999年ドラフト3位,瀬戸内高 - 亜細亜大,0
1505112,金村　大裕,ok,True,D.Kanemura,1983年6月13日,2005年大学生・社会人ドラフト3巡目,上宮高 - 大阪商業大,0
1505114,大嶺　祐太,ok,True,Y.Oomine,1988年6月16日,2006年高校生ドラフト1巡目,八重山商工,0
1505116,加藤　幹典,ok,True,M.Katou,1985年6月4日,2007年大学生・社会人ドラフト1巡目,川和高 - 慶応大,0
1505118,辛島　航,ok,True,W.Karashima,1990年10月18日,2008年ドラフト6位,飯塚高,0
1505119,黒瀬　春樹,ok,True,H.Kurose,1985年4月15日,2003年ドラフト2巡目,県立岐阜商,0
1505130,笠谷　俊介,ok,True,S.Kasaya,1997年3月17日,2014年ドラフト4位,大分商,0
1505132,オコエ　瑠偉,ok,True,R.Okoe,1997年7月21日,2015年ドラフト1位,関東第一高,0
1505133,加賀美　希昇,ok,True,K.Kagami,1988年9月5日,2010年ドラフト2位,桐蔭学園高 - 法政大,0
1505134,神戸　文也,ok,True,F.Kanbe,1994年5月9日,2016年育成選手ドラフト3位,前橋育英高 - 立正大,0
1505136,北浦　竜次,ok,True,R.Kitaura,2000年1月12日,2017年ドラフト5位,白鴎大足利高,0
1505137,金子　侑司,ok,True,Y.Kaneko,1990年4月24日,2012年ドラフト3位,立命館宇治高 - 立命館大,0
1505138,片山　雄哉,ok,True,Y.Katayama,1994年6月18日,2018年育成選手ドラフト1位,刈谷工 - 至学館短大 - BC・福井,0
1505151,大関　友久,ok,True,T.Oozeki,1997年12月14日,2019年育成選手ドラフト2位,土浦湖北高 - 仙台大,0
1505155,上川畑　大悟,ok,True,D.Kamikawabata,1997年1月12日,2021年ドラフト9位,倉敷商 - 日本大 - NTT東日本,0
1505157,北村　恵吾,ok,True,K.Kitamura,2000年12月18日,2022年ドラフト5位,近江高 - 中央大,0
1605110,G.キャプラー,ok,True,G.Kapler,1975年7月31日,,ムーアパーク大 - タイガース - レンジャーズ - ロッキーズ - レッドソックス,0
1605111,ミンチェ,ok,True,M.Minchiぇ（shuu,1976年12月1日,,中正高工 - 台湾・台中,0
1605112,三橋　直樹,ok,True,N.Mitsuhashi,1980年12月2日,2005年大学生・社会人ドラフト4巡目,向上高 - 関東学院大 - 日産自動車,0
1605114,松本　哲也,ok,True,T.Matsumoto,1984年7月3日,2006年育成選手ドラフト3巡目,山梨学院大付高 - 専修大,0
1605117,横山　徹也,ok,True,T.Yokoyama,1984年6月26日,2002年ドラフト6巡目,福知山成美高,0
1605118,丈武,ok,True,J.Joubu（morita,1980年11月29日,2008年育成選手ドラフト1位,山梨学院大付高 - 江藤野球塾 - 三菱自動車岡崎 - 米独立リーグ - 四国・香川,0
1605131,J.カスティーヨ,ok,True,J.Castillo,1981年3月19日,,ラスメルセデス高 - パイレーツ - ジャイアンツ - アストロズ - 台湾・統一,0
1605132,平沼　翔太,ok,True,S.Hiranuma,1997年8月16日,2015年ドラフト4位,敦賀気比高,0
1605133,美馬　学,ok,True,M.Mima,1986年9月19日,2010年ドラフト2位,藤代高 - 中央大 - 東京ガス,0
1605134,福永　春吾,ok,True,S.Fukunaga,1994年5月14日,2016年ドラフト6位,クラーク記念国際高 - 関西・06 - 四国・徳島,0
1605135,松田　遼馬,ok,True,R.Matsuda,1994年2月8日,2011年ドラフト5位,波佐見高,0
1605136,福田　周平,ok,True,S.Fukuda,1992年8月8日,2017年ドラフト3位,広陵高 - 明治大 - NTT東日本,0
1605137,D.カブレラ,ok,True,D.Cabrera,1981年5月28日,,ガストンフェルナンドデリネス高 - オリオールズ - ナショナルズ - ダイヤモンドバックス,0
1605138,増田　陸,ok,True,R.Masuda,2000年6月17日,2018年ドラフト2位,明秀学園日立高,0
1605139,吉田　雄人,ok,True,Y.Yoshida,1995年4月21日,2013年ドラフト5位,北照高,0
1605159,日當　直喜,ok,True,N.Hinata,2005年7月6日,2023年ドラフト3位,東海大菅生高,0
1703883,関川　浩一,ok,True,K.Sekikawa,1969年4月1日,1990年ドラフト2位,桐蔭学園高 - 駒沢大,0
1703884,清水　将海,ok,True,M.Shimizu,1975年1月9日,1996年ドラフト1位,東京農大二高 - 青山学院大,0
1703889,玉木　朋孝,ok,True,T.Tamaki,1975年6月13日,1993年ドラフト3位,修徳高,0
1705110,佐藤　剛士,ok,True,T.Satou,1986年5月16日,2004年ドラフト1巡目,秋田商,0
1705112,草野　大輔,ok,True,D.Kusano,1976年12月4日,2005年大学生・社会人ドラフト8巡目,延岡学園高 - NTT東京 - NTT九州 - ホンダ熊本,0
1705114,北　篤,ok,True,A.Kita,1988年11月26日,2006年高校生ドラフト1巡目,小松工,0
1705115,桜井　広大,ok,True,K.Sakurai,1983年7月1日,2001年ドラフト4巡目,PL学園高,0
1705116,小林　太志,ok,True,F.Kobayashi,1983年5月11日,2007年大学生・社会人ドラフト1巡目,富岡高 - 立教大 - JR東日本,0
1705117,木村　昇吾,ok,True,S.Kimura,1980年4月16日,2002年ドラフト11巡目,尽誠学園高 - 愛知学院大,0
1705118,坂田　遼,ok,True,R.Sakata,1986年10月2日,2008年ドラフト4位,横浜創学館高 - 函館大,0
1705119,嶋村　一輝,ok,True,I.Shimamura,1981年10月13日,2003年ドラフト4巡目,宇部商 - 九州国際大,0
1705130,栗原　陵矢,ok,True,R.Kurihara,1996年7月4日,2014年ドラフト2位,春江工,0
1705131,国吉　佑樹,ok,True,Y.Kuniyoshi,1991年9月24日,2009年育成選手ドラフト1位,秀岳館高,0
1705132,小澤　怜史,ok,True,R.Kozawa,1998年3月9日,2015年ドラフト2位,日大三島高,0
1705133,久古　健太郎,ok,True,K.Kyuuko,1986年5月16日,2010年ドラフト5位,国士舘高 - 青山学院大 - 日産自動車 - 日本製紙石巻,0
1705134,古賀　優大,ok,True,Y.Koga,1998年8月7日,2016年ドラフト5位,明徳義塾高,0
1705135,駒月　仁人,ok,True,H.Komazuki,1993年4月21日,2011年ドラフト3位,塔南高,0
1705136,近藤　弘樹,ok,True,H.Kondou,1995年6月27日,2017年ドラフト1位,安佐北高 - 岡山商科大,0
1705137,下妻　貴寛,ok,True,T.Shimotsuma,1994年4月15日,2012年ドラフト4位,酒田南高,0
1705138,小園　海斗,ok,True,K.Kozono,2000年6月7日,2018年ドラフト1位,報徳学園高,0
1705151,片岡　奨人,ok,True,S.Kataoka,1997年11月16日,2019年ドラフト7位,札幌日大高 - 東日本国際大,0
1705155,桐敷　拓馬,ok,True,T.Kirishiki,1999年6月20日,2021年ドラフト3位,本庄東高 - 新潟医療福祉大,0
1805110,C.ライト,ok,True,C.Wright,1977年6月6日,,カウリーカウンティーコミュニティー大 - 米マイナー - 台湾・ラニュー,0
1805112,山本　歩,ok,True,A.Yamamoto,1983年7月28日,2005年大学生・社会人ドラフト5巡目,三田学園高 - 関西学院大,0
1805114,横川　史学,ok,True,F.Yokogawa,1984年12月3日,2006年大学生・社会人ドラフト4巡目,常総学院高 - 青山学院大,0
1805116,S.シーボル,ok,True,S.Seabol,1975年5月17日,,ウエストバージニア大 - ヤンキース - カージナルス,0
1805118,李　恵踐,ok,True,H.I,1979年3月12日,,釜山商 - 韓国・OB - 韓国・斗山,0
1805131,J.ヒューバー,ok,True,J.Huber,1982年7月1日,,ビーコンヒルカレッジ高 - ロイヤルズ - パドレス - ツインズ,0
1805132,三ツ間　卓也,ok,True,T.Mitsuma,1992年7月22日,2015年育成選手ドラフト3位,高崎健康福祉大高崎高 - 高千穂大 - BC・武蔵,0
1805136,宮本　丈,ok,True,T.Miyamoto,1995年4月3日,2017年ドラフト6位,履正社高 - 奈良学園大,0
1805138,山下　航汰,ok,True,K.Yamashita,2000年11月15日,2018年育成選手ドラフト1位,高崎健康福祉大高崎高,0
1805139,L.クルーズ,ok,True,L.Cruz,1984年2月10日,,エスクエラセクンダリアテクニカヌメロ5高 - パイレーツ - ブルワーズ - ドジャース - ヤンキース,0
1805151,武藤　敦貴,ok,True,A.Mutou,2001年6月15日,2019年ドラフト4位,都城東高,0
1805153,古川　裕大,ok,True,Y.Furukawa,1998年6月19日,2020年ドラフト3位,久留米商 - 上武大,0
1805157,松井　颯,ok,True,H.Matsui,2000年9月14日,2022年育成選手ドラフト1位,花咲徳栄高 - 明星大,0
1903881,SHINJO,ok,True,T.Shinjou（shinjou,1972年1月28日,1989年ドラフト5位,西日本短大付高,0
1903884,谷中　真二,ok,True,S.Taninaka,1973年5月15日,1996年ドラフト3位,泉州高 - 小西酒造,0
1903885,田口　壮,ok,True,S.Taguchi,1969年7月2日,1991年ドラフト1位,西宮北高 - 関西学院大,0
1903886,ユウキ,ok,True,Y.Yuuki（tanaka,1979年6月12日,1997年ドラフト5位,杜若高,0
1903887,田原　晃司,ok,True,K.Tahara,1975年2月26日,1992年ドラフト6位,泉州高,0
1903888,二岡　智宏,ok,True,T.Nioka,1976年4月29日,1998年ドラフト2位,広陵高 - 近畿大,0
1905110,田中　敬人,ok,True,H.Tanaka,1979年8月26日,2004年ドラフト8巡目,別府大付高 - 駒沢大 - NKK - JFE西日本,0
1905114,嶋　基宏,ok,True,M.Shima,1984年12月13日,2006年大学生・社会人ドラフト3巡目,中京大中京高 - 国学院大,0
1905115,田﨑　昌弘,ok,True,M.Tazaki,1974年9月30日,2001年ドラフト5巡目,大分・高田高 - 九州工業大 - JR九州,0
1905116,関口　雄大,ok,True,Y.Sekiguchi,1985年8月26日,2007年育成選手ドラフト1巡目,宇都宮北高 - 滋賀大,0
1905118,髙島　祥平,ok,True,S.Takashima,1990年8月4日,2008年ドラフト4位,帝京高,0
1905119,堂上　剛裕,ok,True,T.Donoue,1985年5月27日,2003年ドラフト6巡目,愛工大名電高,0
1905130,佐野　泰雄,ok,True,Y.Sano,1993年1月18日,2014年ドラフト2位,和光高 - 平成国際大,0
1905131,土本　恭平,ok,True,K.Tsuchimoto,1985年10月13日,2009年ドラフト3位,土岐商 - 専修大 - JR東海,0
1905133,斎藤　佑樹,ok,True,Y.Saitou,1988年6月6日,2010年ドラフト1位,早稲田実 - 早稲田大,0
1905134,澤田　圭佑,ok,True,K.Sawada,1994年4月27日,2016年ドラフト8位,大阪桐蔭高 - 立教大,0
1905136,清水　達也,ok,True,T.Shimizu,1999年11月3日,2017年ドラフト4位,花咲徳栄高,0
1905137,田面　巧二郎,ok,True,K.Tanabo,1990年12月9日,2012年ドラフト3位,桐生商 - 日産自動車 - JFE東日本,0
1905138,鈴木　翔天,ok,True,S.Suzuki,1996年8月19日,2018年ドラフト8位,向上高 - 富士大,0
1905139,平良　拳太郎,ok,True,K.Taira,1995年7月12日,2013年ドラフト5位,北山高,0
1905151,黒川　史陽,ok,True,F.Kurokawa,2001年4月17日,2019年ドラフト2位,智弁和歌山高,0
2103847,大竹 風雅,ok,True,F.Ohtake,1999年8月22日,2021年ドラフト5位,光南高 - 東北福祉大,0
2112130,藤原 大翔,ok,True,H.Fujiwara,2005年12月26日,2023年育成選手ドラフト6位,飯塚高,0
3005134,C.リベロ,ok,True,C.Rivero,1988年5月20日,,マリアレデスマ高 - レッドソックス,0
3005159,C.ロドリゲス,ok,True,C.Rodriguez,2002年3月31日,,エスクエラエイデ高 - キューバ・ビジャクララ,0
3105110,M.ホルツ,ok,True,M.Holtz,1972年10月10日,,クレムソン大 - エンゼルス - アスレチックス - パドレス,0
3105112,A.グラマン,ok,True,A.Graman,1977年11月17日,,インディアナ州大 - ヤンキース,0
3105114,S.グライシンガー,ok,True,S.Greisinger,1975年7月29日,,バージニア大 - タイガース - ツインズ - ブレーブス - 韓国・起亜,0
3105115,J.ワズディン,ok,True,J.Wasdin,1972年8月5日,,フロリダ州大 - アスレチックス - レッドソックス - ロッキーズ - オリオールズ,0
3105116,C.ルイス,ok,True,C.Lewis,1979年8月2日,,ベーカーズフィールド短大 - レンジャーズ - タイガース - アスレチックス,0
3105118,B.ファルケンボーグ,ok,True,B.Falkenborg,1978年1月18日,,レッドモンド高 - オリオールズ - ドジャース - パドレス - カージナルス - ドジャース - パドレス,0
3105130,Z.ウィーラー,ok,True,Z.Wheeler,1987年1月16日,,ウォーレス州コミュニティ大 - ヤンキース,0
3105131,J.モリーヨ,ok,True,J.Morillo,1983年11月5日,,ゴルレオノイッグ高 - ロッキーズ - ツインズ,0
3105132,横尾　俊建,ok,True,T.Yokoo,1993年5月27日,2015年ドラフト6位,日大三高 - 慶応大,0
3105133,C.トーレス,ok,True,C.Torres,1982年10月22日,,カンザス州大 - ホワイトソックス,0
3105134,森山　恵佑,ok,True,K.Moriyama,1994年5月2日,2016年ドラフト4位,星稜高 - 専修大,0
3105135,E.ヘルマン,ok,True,E.German,1978年1月26日,,サンペドロデマコリス高 - アスレチックス - レンジャーズ - ロイヤルズ - レンジャーズ,0
3105136,山本　拓実,ok,True,T.Yamamoto,2000年1月31日,2017年ドラフト6位,市立西宮高,0
3105137,M.アブレイユ,ok,True,M.Abreu,1979年1月2日,,マタンサス大 - 米マイナー,0
3105138,T.エップラー,ok,True,T.Eppler,1993年1月5日,,サムヒューストン州大 - 米マイナー,0
3105139,J.ミランダ,ok,True,J.Miranda,1983年4月25日,,ナンシーウランガ大 - ヤンキース - ダイヤモンドバックス,0
3105151,山瀬　慎之助,ok,True,S.Yamase,2001年5月4日,2019年ドラフト5位,星稜高,0
3105155,三浦　銀二,ok,True,G.Miura,1999年12月30日,2021年ドラフト4位,福岡大大濠高 - 法政大,0
3105157,村松　開人,ok,True,K.Muramatsu,2001年1月6日,2022年ドラフト2位,静岡高 - 明治大,0
3105159,松本　健吾,ok,True,K.Matsumoto,1999年4月14日,2023年ドラフト2位,東海大菅生高 - 亜細亜大 - トヨタ自動車,0
3205155,J.マッカーシー,ok,True,J.Mccarthy,1994年2月23日,,バージニア大 - ジャイアンツ,0
3205157,J.マーベル,ok,True,J.Marvel,1993年9月17日,,デューク大 - パイレーツ,0
3205159,M.フォード,ok,True,M.Ford,1992年7月4日,,プリンストン大 - ヤンキース - ジャイアンツ - マリナーズ - ブレーブス - エンゼルス - マリナーズ - レッズ,0
3305110,R.サイモン,ok,True,R.Simon,1975年5月26日,,ファンパブロデュラテ工高 - ブレーブス - タイガース - パイレーツ - カブス - パイレーツ - デビルレイズ,0
3305114,ホセロ,ok,True,J.Diaz,1980年4月13日,,ホセホアキンペレス短大 - ロイヤルズ,0
3305116,R.オルティズ,ok,True,R.Ortiz,1973年5月23日,,エイスインターメディアン高 - エンゼルス - レッズ - ナショナルズ - ツインズ - ロッキーズ,0
3305117,J.フェルナンデス,ok,True,J.Fernandez,1974年11月2日,,エバンヘリコ高 - エクスポズ - エンゼルス - 韓国・SK,0
3305131,F.カラバイヨ,ok,True,F.Caraballo,1983年10月21日,,UEネグライボリタ高 - 米マイナー - 四国・高知 - BC・群馬,0
3305132,渡辺　勝,ok,True,M.Watanabe,1993年10月14日,2015年育成選手ドラフト6位,東海大相模高 - 東海大,0
3305133,ブランドン,ok,True,B.Mann,1984年5月16日,,マウントレーニア高 - 米マイナー,0
3305134,E.アラウホ,ok,True,E.Araujo,1991年7月15日,,バタジャナバルデルラゴ高 - フィリーズ,0
3305135,V.ディアス,ok,True,V.Diaz,1981年12月10日,,グレイソンカウンティー大 - メッツ - レンジャーズ - 韓国・ハンファ,0
3305136,O.アルシア,ok,True,O.Arcia,1991年5月9日,,ホセラモンコルネホ高 - ツインズ - レイズ - マーリンズ - パドレス,0
3305137,P.オセゲラ,ok,True,P.Oseguera,1984年1月6日,,カリフォルニア大ロサンゼルス校 - 米マイナー,0
3305138,A.ブセニッツ,ok,True,A.Busenitz,1990年8月22日,,ケネソー州大 - ツインズ,0
3305151,R.ギャレット,ok,True,R.Garrett,1993年1月2日,,ミルズエドウィンゴッドウィン高 - バージニア州軍事学校 - タイガース,0
3305153,山﨑　伊織,ok,True,I.Yamasaki,1998年10月10日,2020年ドラフト2位,明石商 - 東海大,0
3305155,森木　大智,ok,True,D.Moriki,2003年4月17日,2021年ドラフト1位,高知高,0
3505112,M.ワトソン,ok,True,M.Watson,1978年9月5日,,ザビエル大 - メッツ - アスレチックス,0
3505118,D.ソリアーノ,ok,True,D.Soriano,1982年12月30日,,セントラルデルエステ大 - 中国・広東 - 四国・高知 - 四国・長崎 - 四国・徳島,0
3505130,W.ルブラン,ok,True,W.Leblanc,1984年8月7日,,アラバマ大 - パドレス - マーリンズ - アストロズ - エンゼルス - ヤンキース - エンゼルス,0
3505132,R.ドリス,ok,True,R.Dolis,1988年1月10日,,ディビナプロビデンシア校 - カブス,0
3505133,E.ソト,ok,True,E.Soto,1982年8月20日,,ラファエルマリアバウル高 - 米マイナー - イタリア・コドーニョ,0
3505134,P.クライン,ok,True,P.Klein,1989年4月30日,,ヤングスタウン州大 - レンジャーズ - フィリーズ,0
3505135,W.レデズマ,ok,True,W.Ledezma,1981年1月21日,,ハルディン高 - タイガース - ブレーブス - パドレス - ダイヤモンドバックス - ナショナルズ - パイレーツ - ブルージェイズ,0
3505136,N.ソト,ok,True,N.Soto,1989年2月28日,,マリスタデグアイナボ高 - レッズ,0
3505138,E.ロメロ,ok,True,E.Romero,1991年1月24日,,ラモンエミリオヒメネス高 - レイズ - ナショナルズ - パイレーツ - ロイヤルズ,0
3505139,A.デスパイネ,ok,True,A.Despaigne,1986年6月17日,,マニュエルファハルドキューバ国立体育大 - キューバ・グランマ,0
3505151,T.スコット,ok,True,T.Scott,1992年6月1日,,ノーターデイム高 - マリナーズ - オリオールズ,0
3505153,R.アルカンタラ,ok,True,R.Alcantara,1992年12月4日,,リセオエマバラングエル高 - アスレチックス - 韓国・KT - 韓国・斗山,0
3505155,横山　楓,ok,True,K.Yokoyama,1997年12月28日,2021年ドラフト6位,宮崎学園高 - 国学院大 - セガサミー,0
3505159,R.ウィック,ok,True,R.Wick,1992年11月9日,,サイプレス大 - パドレス - カブス,0
3705132,Z.ペトリック,ok,True,Z.Petrick,1989年7月29日,,ノースウエスタンオハイオ大 - 米マイナー,0
3705133,B.スケールズ,ok,True,B.Scales,1977年10月4日,,ミシガン大 - カブス,0
3705134,S.パットン,ok,True,S.Patton,1988年2月20日,,サザンイリノイ大エドワーズビル校 - レンジャーズ - カブス,0
3705138,Y.ソラーテ,ok,True,Y.Solarte,1987年7月3日,,トーマスアルバエディソン高 - ヤンキース - パドレス - ブルージェイズ - ジャイアンツ,0
3705151,T.ヒギンス,ok,True,T.Higgins,1991年4月22日,,ランシングコミュニティ大 - 米マイナー,0
3705155,A.ウォーカー,ok,True,A.Walker,1991年10月18日,,ジャクソンビル大 - 米マイナー,0
3705157,F.グリフィン,ok,True,F.Griffin,1995年7月27日,,ザファーストアカデミー - ロイヤルズ - ブルージェイズ,0
3905132,J.ゴームズ,ok,True,J.Gomes,1980年11月22日,,サンタローザ短大 - デビルレイズ - レイズ - レッズ - ナショナルズ - アスレチックス - レッドソックス - アスレチックス - ブレーブス - ロイヤルズ,0
3905134,R.ペーニャ,ok,True,R.Pena,1985年7月18日,,プエンテス高 - ヤンキース - ブレーブス - ジャイアンツ,0
3905136,J.ウルキデス,ok,True,J.Urquidez,1982年9月12日,,アリゾナ州大 - 米マイナー,0
3905153,R.ロドリゲス,ok,True,R.Rodriguez,1992年4月17日,,フアンイシドロペレス高 - タイガース,0
3905155,A.J.コール,ok,True,A.Cole,1992年1月5日,,オビエド高 - ナショナルズ - ヤンキース - インディアンス - ブルージェイズ,0
3905157,J.ビーズリー,ok,True,J.Beasley,1995年11月20日,,クレムソン大 - ダイヤモンドバックス - ブルージェイズ,0
5303868,上田　浩明,ok,True,H.Ueda,1969年4月30日,1987年ドラフト2位,北陽高,0
