file,name,team,old_playerId,new_playerId,romanName,source
public\data\rankings\2025\PL\BABIP.json,ネビン,埼玉西武ライオンズ,player-17,53755150,T.Nevin,npb_roster_2026_name_team_all_rankings
public\data\rankings\2025\PL\BABIP_all.json,ネビン,埼玉西武ライオンズ,player-17,53755150,T.Nevin,npb_roster_2026_name_team_all_rankings
public\data\rankings\2025\PL\BABIP__qualified.json,ネビン,埼玉西武ライオンズ,player-17,53755150,T.Nevin,npb_roster_2026_name_team_all_rankings
public\data\rankings\2025\PL\BB%.json,ネビン,埼玉西武ライオンズ,player-9,53755150,T.Nevin,npb_roster_2026_name_team_all_rankings
public\data\rankings\2025\PL\BB%_all.json,ネビン,埼玉西武ライオンズ,player-9,53755150,T.Nevin,npb_roster_2026_name_team_all_rankings
public\data\rankings\2025\PL\BB%__qualified.json,ネビン,埼玉西武ライオンズ,player-9,53755150,T.Nevin,npb_roster_2026_name_team_all_rankings
public\data\rankings\2025\PL\BB_K.json,ネビン,埼玉西武ライオンズ,player-3,53755150,T.Nevin,npb_roster_2026_name_team_all_rankings
public\data\rankings\2025\PL\BB_K_all.json,ネビン,埼玉西武ライオンズ,player-3,53755150,T.Nevin,npb_roster_2026_name_team_all_rankings
public\data\rankings\2025\PL\BB_K__qualified.json,ネビン,埼玉西武ライオンズ,player-3,53755150,T.Nevin,npb_roster_2026_name_team_all_rankings
public\data\rankings\2025\PL\GPA.json,ネビン,埼玉西武ライオンズ,player-3,53755150,T.Nevin,npb_roster_2026_name_team_all_rankings
public\data\rankings\2025\PL\GPA_all.json,ネビン,埼玉西武ライオンズ,player-3,53755150,T.Nevin,npb_roster_2026_name_team_all_rankings
public\data\rankings\2025\PL\GPA__qualified.json,ネビン,埼玉西武ライオンズ,player-3,53755150,T.Nevin,npb_roster_2026_name_team_all_rankings
public\data\rankings\2025\PL\IsoD.json,ネビン,埼玉西武ライオンズ,player-18,53755150,T.Nevin,npb_roster_2026_name_team_all_rankings
public\data\rankings\2025\PL\IsoD_all.json,ネビン,埼玉西武ライオンズ,player-18,53755150,T.Nevin,npb_roster_2026_name_team_all_rankings
public\data\rankings\2025\PL\IsoD__qualified.json,ネビン,埼玉西武ライオンズ,player-18,53755150,T.Nevin,npb_roster_2026_name_team_all_rankings
public\data\rankings\2025\PL\IsoP.json,ネビン,埼玉西武ライオンズ,player-11,53755150,T.Nevin,npb_roster_2026_name_team_all_rankings
public\data\rankings\2025\PL\IsoP_all.json,ネビン,埼玉西武ライオンズ,player-11,53755150,T.Nevin,npb_roster_2026_name_team_all_rankings
public\data\rankings\2025\PL\IsoP__qualified.json,ネビン,埼玉西武ライオンズ,player-11,53755150,T.Nevin,npb_roster_2026_name_team_all_rankings
public\data\rankings\2025\PL\K%.json,ネビン,埼玉西武ライオンズ,player-19,53755150,T.Nevin,npb_roster_2026_name_team_all_rankings
public\data\rankings\2025\PL\K%_all.json,ネビン,埼玉西武ライオンズ,player-19,53755150,T.Nevin,npb_roster_2026_name_team_all_rankings
public\data\rankings\2025\PL\K%__qualified.json,ネビン,埼玉西武ライオンズ,player-19,53755150,T.Nevin,npb_roster_2026_name_team_all_rankings
public\data\rankings\2025\PL\NOI.json,ネビン,埼玉西武ライオンズ,player-3,53755150,T.Nevin,npb_roster_2026_name_team_all_rankings
public\data\rankings\2025\PL\NOI_all.json,ネビン,埼玉西武ライオンズ,player-3,53755150,T.Nevin,npb_roster_2026_name_team_all_rankings
public\data\rankings\2025\PL\NOI__qualified.json,ネビン,埼玉西武ライオンズ,player-3,53755150,T.Nevin,npb_roster_2026_name_team_all_rankings
public\data\rankings\2025\PL\OPS.json,ネビン,埼玉西武ライオンズ,player-3,53755150,T.Nevin,npb_roster_2026_name_team_all_rankings
public\data\rankings\2025\PL\OPS_all.json,ネビン,埼玉西武ライオンズ,player-3,53755150,T.Nevin,npb_roster_2026_name_team_all_rankings
public\data\rankings\2025\PL\OPS__qualified.json,ネビン,埼玉西武ライオンズ,player-3,53755150,T.Nevin,npb_roster_2026_name_team_all_rankings
public\data\rankings\2025\PL\RC.json,ネビン,埼玉西武ライオンズ,player-2,53755150,T.Nevin,npb_roster_2026_name_team_all_rankings
public\data\rankings\2025\PL\RC_all.json,ネビン,埼玉西武ライオンズ,player-2,53755150,T.Nevin,npb_roster_2026_name_team_all_rankings
public\data\rankings\2025\PL\RC__qualified.json,ネビン,埼玉西武ライオンズ,player-2,53755150,T.Nevin,npb_roster_2026_name_team_all_rankings
public\data\rankings\2025\PL\SecA.json,ネビン,埼玉西武ライオンズ,player-5,53755150,T.Nevin,npb_roster_2026_name_team_all_rankings
public\data\rankings\2025\PL\SecA_all.json,ネビン,埼玉西武ライオンズ,player-5,53755150,T.Nevin,npb_roster_2026_name_team_all_rankings
public\data\rankings\2025\PL\SecA__qualified.json,ネビン,埼玉西武ライオンズ,player-5,53755150,T.Nevin,npb_roster_2026_name_team_all_rankings
public\data\rankings\2025\PL\TA.json,ネビン,埼玉西武ライオンズ,player-2,53755150,T.Nevin,npb_roster_2026_name_team_all_rankings
public\data\rankings\2025\PL\TA_all.json,ネビン,埼玉西武ライオンズ,player-2,53755150,T.Nevin,npb_roster_2026_name_team_all_rankings
public\data\rankings\2025\PL\TA__qualified.json,ネビン,埼玉西武ライオンズ,player-2,53755150,T.Nevin,npb_roster_2026_name_team_all_rankings
public\data\rankings\2025\PL\XR.json,ネビン,埼玉西武ライオンズ,player-2,53755150,T.Nevin,npb_roster_2026_name_team_all_rankings
public\data\rankings\2025\PL\XR_all.json,ネビン,埼玉西武ライオンズ,player-2,53755150,T.Nevin,npb_roster_2026_name_team_all_rankings
public\data\rankings\2025\PL\XR__qualified.json,ネビン,埼玉西武ライオンズ,player-2,53755150,T.Nevin,npb_roster_2026_name_team_all_rankings
public\data\rankings\2025\PL\三塁打.json,ネビン,埼玉西武ライオンズ,player-19,53755150,T.Nevin,npb_roster_2026_name_team_all_rankings
public\data\rankings\2025\PL\三塁打_all.json,ネビン,埼玉西武ライオンズ,player-19,53755150,T.Nevin,npb_roster_2026_name_team_all_rankings
public\data\rankings\2025\PL\三振.json,ネビン,埼玉西武ライオンズ,player-8,53755150,T.Nevin,npb_roster_2026_name_team_all_rankings
public\data\rankings\2025\PL\三振_all.json,ネビン,埼玉西武ライオンズ,player-8,53755150,T.Nevin,npb_roster_2026_name_team_all_rankings
public\data\rankings\2025\PL\二塁打.json,ネビン,埼玉西武ライオンズ,player-5,53755150,T.Nevin,npb_roster_2026_name_team_all_rankings
public\data\rankings\2025\PL\二塁打_all.json,ネビン,埼玉西武ライオンズ,player-5,53755150,T.Nevin,npb_roster_2026_name_team_all_rankings
public\data\rankings\2025\PL\併殺打.json,ネビン,埼玉西武ライオンズ,player-8,53755150,T.Nevin,npb_roster_2026_name_team_all_rankings
public\data\rankings\2025\PL\併殺打_all.json,ネビン,埼玉西武ライオンズ,player-8,53755150,T.Nevin,npb_roster_2026_name_team_all_rankings
public\data\rankings\2025\PL\出塁率.json,ネビン,埼玉西武ライオンズ,player-3,53755150,T.Nevin,npb_roster_2026_name_team_all_rankings
public\data\rankings\2025\PL\出塁率_all.json,ネビン,埼玉西武ライオンズ,player-3,53755150,T.Nevin,npb_roster_2026_name_team_all_rankings
public\data\rankings\2025\PL\出塁率__qualified.json,ネビン,埼玉西武ライオンズ,player-3,53755150,T.Nevin,npb_roster_2026_name_team_all_rankings
public\data\rankings\2025\PL\単打.json,ネビン,埼玉西武ライオンズ,player-8,53755150,T.Nevin,npb_roster_2026_name_team_all_rankings
public\data\rankings\2025\PL\単打_all.json,ネビン,埼玉西武ライオンズ,player-8,53755150,T.Nevin,npb_roster_2026_name_team_all_rankings
public\data\rankings\2025\PL\四球.json,ネビン,埼玉西武ライオンズ,player-4,53755150,T.Nevin,npb_roster_2026_name_team_all_rankings
public\data\rankings\2025\PL\四球_all.json,ネビン,埼玉西武ライオンズ,player-4,53755150,T.Nevin,npb_roster_2026_name_team_all_rankings
public\data\rankings\2025\PL\塁打.json,ネビン,埼玉西武ライオンズ,player-2,53755150,T.Nevin,npb_roster_2026_name_team_all_rankings
public\data\rankings\2025\PL\塁打_all.json,ネビン,埼玉西武ライオンズ,player-2,53755150,T.Nevin,npb_roster_2026_name_team_all_rankings
public\data\rankings\2025\PL\安打.json,ネビン,埼玉西武ライオンズ,player-3,53755150,T.Nevin,npb_roster_2026_name_team_all_rankings
public\data\rankings\2025\PL\安打_all.json,ネビン,埼玉西武ライオンズ,player-3,53755150,T.Nevin,npb_roster_2026_name_team_all_rankings
public\data\rankings\2025\PL\得点.json,ネビン,埼玉西武ライオンズ,player-6,53755150,T.Nevin,npb_roster_2026_name_team_all_rankings
public\data\rankings\2025\PL\得点_all.json,ネビン,埼玉西武ライオンズ,player-6,53755150,T.Nevin,npb_roster_2026_name_team_all_rankings
public\data\rankings\2025\PL\打席.json,ネビン,埼玉西武ライオンズ,player-2,53755150,T.Nevin,npb_roster_2026_name_team_all_rankings
public\data\rankings\2025\PL\打席_all.json,ネビン,埼玉西武ライオンズ,player-2,53755150,T.Nevin,npb_roster_2026_name_team_all_rankings
public\data\rankings\2025\PL\打数.json,ネビン,埼玉西武ライオンズ,player-3,53755150,T.Nevin,npb_roster_2026_name_team_all_rankings
public\data\rankings\2025\PL\打数_all.json,ネビン,埼玉西武ライオンズ,player-3,53755150,T.Nevin,npb_roster_2026_name_team_all_rankings
public\data\rankings\2025\PL\打点.json,ネビン,埼玉西武ライオンズ,player-3,53755150,T.Nevin,npb_roster_2026_name_team_all_rankings
public\data\rankings\2025\PL\打点_all.json,ネビン,埼玉西武ライオンズ,player-3,53755150,T.Nevin,npb_roster_2026_name_team_all_rankings
public\data\rankings\2025\PL\打率.json,ネビン,埼玉西武ライオンズ,player-2,53755150,T.Nevin,npb_roster_2026_name_team_all_rankings
public\data\rankings\2025\PL\打率_all.json,ネビン,埼玉西武ライオンズ,player-2,53755150,T.Nevin,npb_roster_2026_name_team_all_rankings
public\data\rankings\2025\PL\打率__qualified.json,ネビン,埼玉西武ライオンズ,player-2,53755150,T.Nevin,npb_roster_2026_name_team_all_rankings
public\data\rankings\2025\PL\敬遠.json,ネビン,埼玉西武ライオンズ,player-8,53755150,T.Nevin,npb_roster_2026_name_team_all_rankings
public\data\rankings\2025\PL\敬遠_all.json,ネビン,埼玉西武ライオンズ,player-8,53755150,T.Nevin,npb_roster_2026_name_team_all_rankings
public\data\rankings\2025\PL\本塁打.json,ネビン,埼玉西武ライオンズ,player-3,53755150,T.Nevin,npb_roster_2026_name_team_all_rankings
public\data\rankings\2025\PL\本塁打_all.json,ネビン,埼玉西武ライオンズ,player-3,53755150,T.Nevin,npb_roster_2026_name_team_all_rankings
public\data\rankings\2025\PL\死球.json,ネビン,埼玉西武ライオンズ,player-1,53755150,T.Nevin,npb_roster_2026_name_team_all_rankings
public\data\rankings\2025\PL\死球_all.json,ネビン,埼玉西武ライオンズ,player-1,53755150,T.Nevin,npb_roster_2026_name_team_all_rankings
public\data\rankings\2025\PL\犠打.json,ネビン,埼玉西武ライオンズ,player-16,53755150,T.Nevin,npb_roster_2026_name_team_all_rankings
public\data\rankings\2025\PL\犠打_all.json,ネビン,埼玉西武ライオンズ,player-16,53755150,T.Nevin,npb_roster_2026_name_team_all_rankings
public\data\rankings\2025\PL\犠飛.json,ネビン,埼玉西武ライオンズ,player-3,53755150,T.Nevin,npb_roster_2026_name_team_all_rankings
public\data\rankings\2025\PL\犠飛_all.json,ネビン,埼玉西武ライオンズ,player-3,53755150,T.Nevin,npb_roster_2026_name_team_all_rankings
public\data\rankings\2025\PL\盗塁.json,ネビン,埼玉西武ライオンズ,player-15,53755150,T.Nevin,npb_roster_2026_name_team_all_rankings
public\data\rankings\2025\PL\盗塁_all.json,ネビン,埼玉西武ライオンズ,player-15,53755150,T.Nevin,npb_roster_2026_name_team_all_rankings
public\data\rankings\2025\PL\盗塁死.json,ネビン,埼玉西武ライオンズ,player-15,53755150,T.Nevin,npb_roster_2026_name_team_all_rankings
public\data\rankings\2025\PL\盗塁死_all.json,ネビン,埼玉西武ライオンズ,player-15,53755150,T.Nevin,npb_roster_2026_name_team_all_rankings
public\data\rankings\2025\PL\試合.json,ネビン,埼玉西武ライオンズ,player-3,53755150,T.Nevin,npb_roster_2026_name_team_all_rankings
public\data\rankings\2025\PL\試合_all.json,ネビン,埼玉西武ライオンズ,player-3,53755150,T.Nevin,npb_roster_2026_name_team_all_rankings
public\data\rankings\2025\PL\長打率.json,ネビン,埼玉西武ライオンズ,player-2,53755150,T.Nevin,npb_roster_2026_name_team_all_rankings
public\data\rankings\2025\PL\長打率_all.json,ネビン,埼玉西武ライオンズ,player-2,53755150,T.Nevin,npb_roster_2026_name_team_all_rankings
public\data\rankings\2025\PL\長打率__qualified.json,ネビン,埼玉西武ライオンズ,player-2,53755150,T.Nevin,npb_roster_2026_name_team_all_rankings
