name_norm,birth_date_raw,player_id,name_ja,pro_debut_raw,career_raw,path
"上川畑大悟","1997年1月12日","01505155","上川畑 大悟","2021年ドラフト9位","倉敷商 - 日本大 - NTT東日本","_data\derived\player_profile\merged\npb_01505155.json"
"上川畑大悟","1997年1月12日","1505155","上川畑　大悟","2021年ドラフト9位","倉敷商 - 日本大 - NTT東日本","_data\derived\player_profile\merged\npb_1505155.json"
"中村稔弥","1996年7月8日","01205138","中村 稔弥","2018年ドラフト5位","清峰高 - 亜細亜大","_data\derived\player_profile\merged\npb_01205138.json"
"中村稔弥","1996年7月8日","1205138","中村　稔弥","2018年ドラフト5位","清峰高 - 亜細亜大","_data\derived\player_profile\merged\npb_1205138.json"
"井上朋也","2003年1月28日","01305153","井上 朋也","2020年ドラフト1位","花咲徳栄高","_data\derived\player_profile\merged\npb_01305153.json"
"井上朋也","2003年1月28日","1305153","井上　朋也","2020年ドラフト1位","花咲徳栄高","_data\derived\player_profile\merged\npb_1305153.json"
"佐々木健","1996年5月13日","01005153","佐々木　健","2020年ドラフト2位","木造高 - 富士大 - NTT東日本","_data\derived\player_profile\merged\npb_01005153.json"
"佐々木健","1996年5月13日","1005153","佐々木　健","2020年ドラフト2位","木造高 - 富士大 - NTT東日本","_data\derived\player_profile\merged\npb_1005153.json"
"北村恵吾","2000年12月18日","01505157","北村 恵吾","2022年ドラフト5位","近江高 - 中央大","_data\derived\player_profile\merged\npb_01505157.json"
"北村恵吾","2000年12月18日","1505157","北村　恵吾","2022年ドラフト5位","近江高 - 中央大","_data\derived\player_profile\merged\npb_1505157.json"
"北浦竜次","2000年1月12日","01505136","北浦 竜次","2017年ドラフト5位","白鴎大足利高","_data\derived\player_profile\merged\npb_01505136.json"
"北浦竜次","2000年1月12日","1505136","北浦　竜次","2017年ドラフト5位","白鴎大足利高","_data\derived\player_profile\merged\npb_1505136.json"
"古賀優大","1998年8月7日","01705134","古賀 優大","2016年ドラフト5位","明徳義塾高","_data\derived\player_profile\merged\npb_01705134.json"
"古賀優大","1998年8月7日","1705134","古賀　優大","2016年ドラフト5位","明徳義塾高","_data\derived\player_profile\merged\npb_1705134.json"
"増田陸","2000年6月17日","01605138","増田 陸","2018年ドラフト2位","明秀学園日立高","_data\derived\player_profile\merged\npb_01605138.json"
"増田陸","2000年6月17日","1605138","増田　陸","2018年ドラフト2位","明秀学園日立高","_data\derived\player_profile\merged\npb_1605138.json"
"大島洋平","1985年11月9日","01305131","大島 洋平","2009年ドラフト5位","享栄高 - 駒沢大 - 日本生命","_data\derived\player_profile\merged\npb_01305131.json"
"大島洋平","1985年11月9日","1305131","大島　洋平","2009年ドラフト5位","享栄高 - 駒沢大 - 日本生命","_data\derived\player_profile\merged\npb_1305131.json"
"大津亮介","1999年1月13日","01305157","大津 亮介","2022年ドラフト2位","九州産大九州高 - 帝京大 - 日本製鉄鹿島","_data\derived\player_profile\merged\npb_01305157.json"
"大津亮介","1999年1月13日","1305157","大津　亮介","2022年ドラフト2位","九州産大九州高 - 帝京大 - 日本製鉄鹿島","_data\derived\player_profile\merged\npb_1305157.json"
"大貫晋一","1994年2月3日","01305138","大貫 晋一","2018年ドラフト3位","桐陽高 - 日本体育大 - 新日鉄住金鹿島","_data\derived\player_profile\merged\npb_01305138.json"
"大貫晋一","1994年2月3日","1305138","大貫　晋一","2018年ドラフト3位","桐陽高 - 日本体育大 - 新日鉄住金鹿島","_data\derived\player_profile\merged\npb_1305138.json"
"大関友久","1997年12月14日","01505151","大関 友久","2019年育成選手ドラフト2位","土浦湖北高 - 仙台大","_data\derived\player_profile\merged\npb_01505151.json"
"大関友久","1997年12月14日","1505151","大関　友久","2019年育成選手ドラフト2位","土浦湖北高 - 仙台大","_data\derived\player_profile\merged\npb_1505151.json"
"宮本丈","1995年4月3日","01805136","宮本 丈","2017年ドラフト6位","履正社高 - 奈良学園大","_data\derived\player_profile\merged\npb_01805136.json"
"宮本丈","1995年4月3日","1805136","宮本　丈","2017年ドラフト6位","履正社高 - 奈良学園大","_data\derived\player_profile\merged\npb_1805136.json"
"小園海斗","2000年6月7日","01705138","小園 海斗","2018年ドラフト1位","報徳学園高","_data\derived\player_profile\merged\npb_01705138.json"
"小園海斗","2000年6月7日","1705138","小園　海斗","2018年ドラフト1位","報徳学園高","_data\derived\player_profile\merged\npb_1705138.json"
"小澤怜史","1998年3月9日","01705132","小澤 怜史","2015年ドラフト2位","日大三島高","_data\derived\player_profile\merged\npb_01705132.json"
"小澤怜史","1998年3月9日","1705132","小澤　怜史","2015年ドラフト2位","日大三島高","_data\derived\player_profile\merged\npb_1705132.json"
"山本拓実","2000年1月31日","03105136","山本 拓実","2017年ドラフト6位","市立西宮高","_data\derived\player_profile\merged\npb_03105136.json"
"山本拓実","2000年1月31日","3105136","山本　拓実","2017年ドラフト6位","市立西宮高","_data\derived\player_profile\merged\npb_3105136.json"
"山瀬慎之助","2001年5月4日","03105151","山瀬 慎之助","2019年ドラフト5位","星稜高","_data\derived\player_profile\merged\npb_03105151.json"
"山瀬慎之助","2001年5月4日","3105151","山瀬　慎之助","2019年ドラフト5位","星稜高","_data\derived\player_profile\merged\npb_3105151.json"
"山﨑伊織","1998年10月10日","03305153","山﨑 伊織","2020年ドラフト2位","明石商 - 東海大","_data\derived\player_profile\merged\npb_03305153.json"
"山﨑伊織","1998年10月10日","3305153","山﨑　伊織","2020年ドラフト2位","明石商 - 東海大","_data\derived\player_profile\merged\npb_3305153.json"
"平沼翔太","1997年8月16日","01605132","平沼 翔太","2015年ドラフト4位","敦賀気比高","_data\derived\player_profile\merged\npb_01605132.json"
"平沼翔太","1997年8月16日","1605132","平沼　翔太","2015年ドラフト4位","敦賀気比高","_data\derived\player_profile\merged\npb_1605132.json"
"平良拳太郎","1995年7月12日","01905139","平良 拳太郎","2013年ドラフト5位","北山高","_data\derived\player_profile\merged\npb_01905139.json"
"平良拳太郎","1995年7月12日","1905139","平良　拳太郎","2013年ドラフト5位","北山高","_data\derived\player_profile\merged\npb_1905139.json"
"日當直喜","2005年7月6日","01605159","日當 直喜","2023年ドラフト3位","東海大菅生高","_data\derived\player_profile\merged\npb_01605159.json"
"日當直喜","2005年7月6日","1605159","日當　直喜","2023年ドラフト3位","東海大菅生高","_data\derived\player_profile\merged\npb_1605159.json"
"有薗直輝","2003年5月21日","01105155","有薗 直輝","2021年ドラフト2位","千葉学芸高","_data\derived\player_profile\merged\npb_01105155.json"
"有薗直輝","2003年5月21日","1105155","有薗　直輝","2021年ドラフト2位","千葉学芸高","_data\derived\player_profile\merged\npb_1105155.json"
"村松開人","2001年1月6日","03105157","村松 開人","2022年ドラフト2位","静岡高 - 明治大","_data\derived\player_profile\merged\npb_03105157.json"
"村松開人","2001年1月6日","3105157","村松　開人","2022年ドラフト2位","静岡高 - 明治大","_data\derived\player_profile\merged\npb_3105157.json"
"東浜巨","1990年6月20日","01005137","東浜 巨","2012年ドラフト1位","沖縄尚学高 - 亜細亜大","_data\derived\player_profile\merged\npb_01005137.json"
"東浜巨","1990年6月20日","1005137","東浜　巨","2012年ドラフト1位","沖縄尚学高 - 亜細亜大","_data\derived\player_profile\merged\npb_1005137.json"
"松本健吾","1999年4月14日","03105159","松本 健吾","2023年ドラフト2位","東海大菅生高 - 亜細亜大 - トヨタ自動車","_data\derived\player_profile\merged\npb_03105159.json"
"松本健吾","1999年4月14日","3105159","松本　健吾","2023年ドラフト2位","東海大菅生高 - 亜細亜大 - トヨタ自動車","_data\derived\player_profile\merged\npb_3105159.json"
"林晃汰","2000年11月16日","01405138","林 晃汰","2018年ドラフト3位","智弁和歌山高","_data\derived\player_profile\merged\npb_01405138.json"
"林晃汰","2000年11月16日","1405138","林　晃汰","2018年ドラフト3位","智弁和歌山高","_data\derived\player_profile\merged\npb_1405138.json"
"栗原陵矢","1996年7月4日","01705130","栗原 陵矢","2014年ドラフト2位","春江工","_data\derived\player_profile\merged\npb_01705130.json"
"栗原陵矢","1996年7月4日","1705130","栗原　陵矢","2014年ドラフト2位","春江工","_data\derived\player_profile\merged\npb_1705130.json"
"桐敷拓馬","1999年6月20日","01705155","桐敷 拓馬","2021年ドラフト3位","本庄東高 - 新潟医療福祉大","_data\derived\player_profile\merged\npb_01705155.json"
"桐敷拓馬","1999年6月20日","1705155","桐敷　拓馬","2021年ドラフト3位","本庄東高 - 新潟医療福祉大","_data\derived\player_profile\merged\npb_1705155.json"
"植田海","1996年4月19日","01305130","植田 海","2014年ドラフト5位","近江高","_data\derived\player_profile\merged\npb_01305130.json"
"植田海","1996年4月19日","1305130","植田　海","2014年ドラフト5位","近江高","_data\derived\player_profile\merged\npb_1305130.json"
"横山楓","1997年12月28日","03505155","横山 楓","2021年ドラフト6位","宮崎学園高 - 国学院大 - セガサミー","_data\derived\player_profile\merged\npb_03505155.json"
"横山楓","1997年12月28日","3505155","横山　楓","2021年ドラフト6位","宮崎学園高 - 国学院大 - セガサミー","_data\derived\player_profile\merged\npb_3505155.json"
"武藤敦貴","2001年6月15日","01805151","武藤 敦貴","2019年ドラフト4位","都城東高","_data\derived\player_profile\merged\npb_01805151.json"
"武藤敦貴","2001年6月15日","1805151","武藤　敦貴","2019年ドラフト4位","都城東高","_data\derived\player_profile\merged\npb_1805151.json"
"池田隆英","1994年10月1日","01105134","池田 隆英","2016年ドラフト2位","創価高 - 創価大","_data\derived\player_profile\merged\npb_01105134.json"
"池田隆英","1994年10月1日","1105134","池田　隆英","2016年ドラフト2位","創価高 - 創価大","_data\derived\player_profile\merged\npb_1105134.json"
"泉圭輔","1997年3月2日","01105138","泉 圭輔","2018年ドラフト6位","金沢西高 - 金沢星稜大","_data\derived\player_profile\merged\npb_01105138.json"
"泉圭輔","1997年3月2日","1105138","泉　圭輔","2018年ドラフト6位","金沢西高 - 金沢星稜大","_data\derived\player_profile\merged\npb_1105138.json"
"清水達也","1999年11月3日","01905136","清水 達也","2017年ドラフト4位","花咲徳栄高","_data\derived\player_profile\merged\npb_01905136.json"
"清水達也","1999年11月3日","1905136","清水　達也","2017年ドラフト4位","花咲徳栄高","_data\derived\player_profile\merged\npb_1905136.json"
"澤田圭佑","1994年4月27日","01905134","澤田 圭佑","2016年ドラフト8位","大阪桐蔭高 - 立教大","_data\derived\player_profile\merged\npb_01905134.json"
"澤田圭佑","1994年4月27日","1905134","澤田　圭佑","2016年ドラフト8位","大阪桐蔭高 - 立教大","_data\derived\player_profile\merged\npb_1905134.json"
"田中晴也","2004年6月6日","01005157","田中 晴也","2022年ドラフト3位","日本文理高","_data\derived\player_profile\merged\npb_01005157.json"
"田中晴也","2004年6月6日","1005157","田中　晴也","2022年ドラフト3位","日本文理高","_data\derived\player_profile\merged\npb_1005157.json"
"石塚綜一郎","2001年6月7日","01105151","石塚 綜一郎","2019年育成選手ドラフト1位","黒沢尻工","_data\derived\player_profile\merged\npb_01105151.json"
"石塚綜一郎","2001年6月7日","1105151","石塚　綜一郎","2019年育成選手ドラフト1位","黒沢尻工","_data\derived\player_profile\merged\npb_1105151.json"
"石川慎吾","1993年4月27日","01105135","石川 慎吾","2011年ドラフト3位","東大阪大柏原高","_data\derived\player_profile\merged\npb_01105135.json"
"石川慎吾","1993年4月27日","1105135","石川　慎吾","2011年ドラフト3位","東大阪大柏原高","_data\derived\player_profile\merged\npb_1105135.json"
"石黒佑弥","2001年6月20日","01105159","石黒 佑弥","2023年ドラフト5位","星城高 - JR西日本","_data\derived\player_profile\merged\npb_01105159.json"
"石黒佑弥","2001年6月20日","1105159","石黒　佑弥","2023年ドラフト5位","星城高 - JR西日本","_data\derived\player_profile\merged\npb_1105159.json"
"西野勇士","1991年3月6日","01205118","西野 勇士","2008年育成選手ドラフト5位","新湊高","_data\derived\player_profile\merged\npb_01205118.json"
"西野勇士","1991年3月6日","1205118","西野　勇士","2008年育成選手ドラフト5位","新湊高","_data\derived\player_profile\merged\npb_1205118.json"
"辛島航","1990年10月18日","01505118","辛島 航","2008年ドラフト6位","飯塚高","_data\derived\player_profile\merged\npb_01505118.json"
"辛島航","1990年10月18日","1505118","辛島　航","2008年ドラフト6位","飯塚高","_data\derived\player_profile\merged\npb_1505118.json"
"達孝太","2004年3月27日","01205155","達 孝太","2021年ドラフト1位","天理高","_data\derived\player_profile\merged\npb_01205155.json"
"達孝太","2004年3月27日","1205155","達　孝太","2021年ドラフト1位","天理高","_data\derived\player_profile\merged\npb_1205155.json"
"野間峻祥","1993年1月28日","01405130","野間 峻祥","2014年ドラフト1位","村野工 - 中部学院大","_data\derived\player_profile\merged\npb_01405130.json"
"野間峻祥","1993年1月28日","1405130","野間　峻祥","2014年ドラフト1位","村野工 - 中部学院大","_data\derived\player_profile\merged\npb_1405130.json"
"鈴木叶","2006年3月21日","01005159","鈴木 叶","2023年ドラフト4位","常葉大菊川高","_data\derived\player_profile\merged\npb_01005159.json"
"鈴木叶","2006年3月21日","1005159","鈴木　叶","2023年ドラフト4位","常葉大菊川高","_data\derived\player_profile\merged\npb_1005159.json"
"鈴木翔天","1996年8月19日","01905138","鈴木 翔天","2018年ドラフト8位","向上高 - 富士大","_data\derived\player_profile\merged\npb_01905138.json"
"鈴木翔天","1996年8月19日","1905138","鈴木　翔天","2018年ドラフト8位","向上高 - 富士大","_data\derived\player_profile\merged\npb_1905138.json"
"阿部翔太","1992年11月3日","01105153","阿部 翔太","2020年ドラフト6位","酒田南高 - 成美大 - 日本生命","_data\derived\player_profile\merged\npb_01105153.json"
"阿部翔太","1992年11月3日","1105153","阿部　翔太","2020年ドラフト6位","酒田南高 - 成美大 - 日本生命","_data\derived\player_profile\merged\npb_1105153.json"
"高橋昂也","1998年9月27日","01005134","高橋 昂也","2016年ドラフト2位","花咲徳栄高","_data\derived\player_profile\merged\npb_01005134.json"
"高橋昂也","1998年9月27日","1005134","高橋　昂也","2016年ドラフト2位","花咲徳栄高","_data\derived\player_profile\merged\npb_1005134.json"
"黒川史陽","2001年4月17日","01905151","黒川 史陽","2019年ドラフト2位","智弁和歌山高","_data\derived\player_profile\merged\npb_01905151.json"
"黒川史陽","2001年4月17日","1905151","黒川　史陽","2019年ドラフト2位","智弁和歌山高","_data\derived\player_profile\merged\npb_1905151.json"
