status,player_id,name_ja,team,years,method
not_found,,アコスタ,読売ジャイアンツ,2013,
not_found,,アダメス,読売ジャイアンツ,"2018,2019",
not_found,,アッチソン,阪神タイガース,"2008,2009",
not_found,,アドゥワ 誠,広島東洋カープ,"2018,2019,2023,2024",
not_found,,アビラ,東京ヤクルトスワローズ,2025,
not_found,,アブレイユ,千葉ロッテマリーンズ,2008,
not_found,,アブレイユ,埼玉西武ライオンズ,2024,
not_found,,アラウホ,中日ドラゴンズ,2017,
not_found,,アルカンタラ,阪神タイガース,"2021,2022",
not_found,,アルバラデホ,読売ジャイアンツ,2011,
not_found,,アルバース,オリックス・バファローズ,"2018,2019,2020",
not_found,,アンソニー・カーター,北海道日本ハムファイターズ,2014,
not_found,,アンダーソン,広島東洋カープ,"2022,2023",
not_found,,アンドリース,読売ジャイアンツ,2022,
not_found,,アーリン,北海道日本ハムファイターズ,2021,
not_found,,イノーア,東京ヤクルトスワローズ,2020,
not_found,,インチェ,東北楽天ゴールデンイーグルス,"2006,2007,2008",
not_found,,イ・デウン,千葉ロッテマリーンズ,"2015,2016",
not_found,,ウィック,横浜DeNAベイスターズ,2024,
not_found,,ウィリアムス,埼玉西武ライオンズ,"2012,2013,2014",
not_found,,ウィリアムス,阪神タイガース,"2005,2006,2007,2008,2009",
not_found,,ウィルカーソン,阪神タイガース,2022,
not_found,,ウィンゲンター,阪神タイガース,2025,
not_found,,ウィーランド,横浜DeNAベイスターズ,"2017,2018",
not_found,,ウェンデルケン,横浜DeNAベイスターズ,"2023,2024",
not_found,,ウォルターズ,中日ドラゴンズ,2025,
not_found,,ウルキデス,東京ヤクルトスワローズ,2018,
not_found,,ウルフ,北海道日本ハムファイターズ,"2010,2011,2012,2013",
not_found,,ウルフ,埼玉西武ライオンズ,"2016,2017,2018",
not_found,,ウルフ,福岡ソフトバンクホークス,"2014,2015",
not_found,,ウーゴ,東京ヤクルトスワローズ,2012,
not_found,,エスコバー,北海道日本ハムファイターズ,2017,
not_found,,エスコバー,横浜DeNAベイスターズ,"2017,2018,2019,2020,2021,2022,2023",
not_found,,エスパーダ,東京ヤクルトスワローズ,2024,
not_found,,エスピナル,東京ヤクルトスワローズ,2023,
not_found,,エスピノーザ,オリックス・バファローズ,2024,
not_found,,エップラー,オリックス・バファローズ,2019,
not_found,,エドワーズ,阪神タイガース,"2020,2021",
not_found,,エレラ,横浜DeNAベイスターズ,2015,
not_found,,エンス,埼玉西武ライオンズ,"2022,2023",
not_found,,オクスプリング,阪神タイガース,2006,
not_found,,オスカル,広島東洋カープ,"2016,2017",
not_found,,オスナ,千葉ロッテマリーンズ,2022,
not_found,,オスナ,東京ヤクルトスワローズ,2025,
not_found,,オスナ,福岡ソフトバンクホークス,"2023,2024",
not_found,,オセゲラ,福岡ソフトバンクホークス,"2013,2014",
not_found,,オビスポ,北海道日本ハムファイターズ,2011,
not_found,,オビスポ,読売ジャイアンツ,"2007,2009,2010",
not_found,,オリバレス,オリックス・バファローズ,2025,
not_found,,オルモス,千葉ロッテマリーンズ,2018,
not_found,,オンドルセク,東京ヤクルトスワローズ,"2015,2016",
not_found,,オーレンドルフ,東京ヤクルトスワローズ,2017,
not_found,,カイケル,千葉ロッテマリーンズ,2024,
not_found,,カスティーヨ,オリックス・バファローズ,2024,
not_found,,カスティーヨ,千葉ロッテマリーンズ,2023,
not_found,,カスティーヨ,埼玉西武ライオンズ,2018,
not_found,,カストロ,福岡ソフトバンクホークス,2012,
not_found,,カブレラ,中日ドラゴンズ,"2013,2014",
not_found,,カミネロ,読売ジャイアンツ,"2017,2018",
not_found,,カラシティー,東京ヤクルトスワローズ,2018,
not_found,,カラスコ,福岡ソフトバンクホークス,2006,
not_found,,カリダ,広島東洋カープ,2007,
not_found,,カルロス・ロサ,千葉ロッテマリーンズ,"2011,2012,2013,2014,2015",
not_found,,カンポス,広島東洋カープ,2018,
not_found,,カーペンター,東京ヤクルトスワローズ,2014,
not_found,,カーライル,北海道日本ハムファイターズ,2010,
not_found,,ガゼルマン,横浜DeNAベイスターズ,"2022,2023",
not_found,,ガトームソン,東京ヤクルトスワローズ,"2005,2006",
not_found,,ガトームソン,福岡ソフトバンクホークス,"2007,2008",
not_found,,ガラテ,北海道日本ハムファイターズ,2015,
not_found,,ガルシア,中日ドラゴンズ,2018,
not_found,,ガルシア,阪神タイガース,"2019,2020",
not_found,,ガルセス,埼玉西武ライオンズ,2017,
not_found,,ガルバ,中日ドラゴンズ,2006,
not_found,,ガンケル,福岡ソフトバンクホークス,2023,
not_found,,ガンケル,阪神タイガース,"2020,2021,2022",
not_found,,キニー,埼玉西武ライオンズ,2008,
not_found,,キャベッジ,読売ジャイアンツ,2025,
not_found,,キャンデラリオ,埼玉西武ライオンズ,2017,
not_found,,ギッセル,埼玉西武ライオンズ,"2006,2007",
not_found,,ギャレット,埼玉西武ライオンズ,"2020,2021",
not_found,,ギルメット,東京ヤクルトスワローズ,2017,
not_found,,クック,東京ヤクルトスワローズ,2020,
not_found,,クック,読売ジャイアンツ,2019,
not_found,,クライン,横浜DeNAベイスターズ,2017,
not_found,,クリスキー,埼玉西武ライオンズ,2023,
not_found,,クリスキー,横浜DeNAベイスターズ,2022,
not_found,,クルス,中日ドラゴンズ,2007,
not_found,,クルーズ,東北楽天ゴールデンイーグルス,"2014,2015",
not_found,,クルーン,読売ジャイアンツ,"2008,2009,2010",
not_found,,クレイマー,横浜DeNAベイスターズ,2012,
not_found,,クロッタ,北海道日本ハムファイターズ,"2014,2015",
not_found,,クロール,読売ジャイアンツ,2022,
not_found,,グウィン,東北楽天ゴールデンイーグルス,"2008,2009",
not_found,,グライシンガー,千葉ロッテマリーンズ,"2012,2013",
not_found,,グライシンガー,東京ヤクルトスワローズ,2007,
not_found,,グライシンガー,読売ジャイアンツ,"2008,2009,2010,2011",
not_found,,グラセスキ,中日ドラゴンズ,2007,
not_found,,グラマン,埼玉西武ライオンズ,"2006,2007,2008,2009,2010,2011",
not_found,,グリフィン,読売ジャイアンツ,"2023,2024",
not_found,,グリン,北海道日本ハムファイターズ,"2007,2008",
not_found,,グリン,東北楽天ゴールデンイーグルス,2006,
not_found,,グローバー,読売ジャイアンツ,2006,
not_found,,ケイ,横浜DeNAベイスターズ,2024,
not_found,,ケッペル,北海道日本ハムファイターズ,"2010,2011,2012,2013",
not_found,,ケムナ 誠,広島東洋カープ,"2019,2020,2021,2022,2023,2024",
not_found,,ケラー,読売ジャイアンツ,2024,
not_found,,ケラー,阪神タイガース,2022,
not_found,,ゲラ,阪神タイガース,2024,
not_found,,ゲレーロ,千葉ロッテマリーンズ,"2022,2025",
not_found,,コズロースキー,広島東洋カープ,"2008,2009",
not_found,,コットン,オリックス・バファローズ,2023,
not_found,,コラレス,東北楽天ゴールデンイーグルス,2017,
not_found,,コルデロ,千葉ロッテマリーンズ,2024,
not_found,,コルニエル,広島東洋カープ,"2021,2022,2023,2024",
not_found,,コーコラン,横浜DeNAベイスターズ,2013,
not_found,,コーリー,千葉ロッテマリーンズ,2010,
not_found,,コール,東京ヤクルトスワローズ,2022,
not_found,,ゴンサレス,中日ドラゴンズ,2020,
not_found,,ゴンザレス,千葉ロッテマリーンズ,2013,
not_found,,ゴンザレス,埼玉西武ライオンズ,2012,
not_found,,ゴンザレス,東京ヤクルトスワローズ,"2005,2006,2008",
not_found,,ゴンザレス,読売ジャイアンツ,"2009,2010,2011,2012",
not_found,,サイスニード,東京ヤクルトスワローズ,"2021,2022,2023,2024",
not_found,,サターホワイト,阪神タイガース,2016,
not_found,,サファテ,埼玉西武ライオンズ,2013,
not_found,,サファテ,広島東洋カープ,"2011,2012",
not_found,,サファテ,福岡ソフトバンクホークス,"2014,2015,2016,2017,2018",
not_found,,サモンズ,千葉ロッテマリーンズ,2025,
not_found,,サンチェス,東北楽天ゴールデンイーグルス,2011,
not_found,,サンチェス,読売ジャイアンツ,"2020,2021",
not_found,,サンティアゴ,阪神タイガース,2015,
not_found,,サンティアゴ・ラミレス,中日ドラゴンズ,2007,
not_found,,ザガースキー,広島東洋カープ,2015,
not_found,,ザガースキー,横浜DeNAベイスターズ,2016,
not_found,,ザバラ,北海道日本ハムファイターズ,2024,
not_found,,ザラテ,阪神タイガース,"2012,2013",
not_found,,シェッパーズ,千葉ロッテマリーンズ,2018,
not_found,,シコースキー,千葉ロッテマリーンズ,"2008,2009",
not_found,,シコースキー,埼玉西武ライオンズ,"2010,2011",
not_found,,シコースキー,東京ヤクルトスワローズ,2007,
not_found,,シコースキー,読売ジャイアンツ,2005,
not_found,,シャッケルフォード,横浜DeNAベイスターズ,2021,
not_found,,シュリッター,埼玉西武ライオンズ,2017,
not_found,,シュルツ,広島東洋カープ,"2008,2009,2010,2011",
not_found,,シューメーカー,読売ジャイアンツ,2022,
not_found,,ジェン,阪神タイガース,"2009,2010",
not_found,,ジオ,広島東洋カープ,"2010,2011",
not_found,,ジオ,横浜DeNAベイスターズ,2012,
not_found,,ジャクソン,千葉ロッテマリーンズ,2020,
not_found,,ジャクソン,広島東洋カープ,"2016,2017,2018",
not_found,,ジャクソン,横浜DeNAベイスターズ,2024,
not_found,,ジャマーノ,福岡ソフトバンクホークス,2009,
not_found,,ジャン,阪神タイガース,2007,
not_found,,ジョンソン,埼玉西武ライオンズ,2007,
not_found,,ジョンソン,広島東洋カープ,"2015,2016,2017,2018,2019",
not_found,,ジョンソン,東北楽天ゴールデンイーグルス,2020,
not_found,,ジョンソン,阪神タイガース,2019,
not_found,,ジョーダン,中日ドラゴンズ,"2016,2017",
not_found,,ジー,中日ドラゴンズ,2018,
not_found,,スアレス,東京ヤクルトスワローズ,"2019,2020,2021,2022",
not_found,,スアレス,福岡ソフトバンクホークス,"2016,2018,2019",
not_found,,スアレス,阪神タイガース,"2020,2021",
not_found,,スウィーニー,北海道日本ハムファイターズ,"2007,2008,2009",
not_found,,スクルメタ,東北楽天ゴールデンイーグルス,2005,
not_found,,スコット,広島東洋カープ,2020,
not_found,,スタルツ,広島東洋カープ,2010,
not_found,,スタンドリッジ,福岡ソフトバンクホークス,"2007,2008",
not_found,,スタンリッジ,千葉ロッテマリーンズ,"2016,2017",
not_found,,スタンリッジ,福岡ソフトバンクホークス,"2014,2015",
not_found,,スタンリッジ,阪神タイガース,"2010,2011,2012,2013",
not_found,,スチュワート・ジュニア,福岡ソフトバンクホークス,"2021,2023,2024",
not_found,,スパイアー,東北楽天ゴールデンイーグルス,2011,
not_found,,スパークマン,オリックス・バファローズ,2021,
not_found,,スミス,埼玉西武ライオンズ,2022,
not_found,,セデーニョ,埼玉西武ライオンズ,2025,
not_found,,セドン,読売ジャイアンツ,2014,
not_found,,セプティモ,中日ドラゴンズ,2016,
not_found,,セラフィニ,千葉ロッテマリーンズ,2005,
not_found,,ソコロビッチ,広島東洋カープ,2013,
not_found,,ソト,中日ドラゴンズ,"2011,2012",
not_found,,ソト,横浜DeNAベイスターズ,"2013,2014",
not_found,,ソリアーノ,広島東洋カープ,"2010,2011",
not_found,,ソリス,横浜DeNAベイスターズ,2019,
not_found,,ソーサ,中日ドラゴンズ,2012,
not_found,,ソーサ,横浜DeNAベイスターズ,"2013,2014",
not_found,,タバーレス,中日ドラゴンズ,2022,
not_found,,ターリー,広島東洋カープ,"2022,2023",
not_found,,ターリー,東北楽天ゴールデンイーグルス,2024,
not_found,,ダイクストラ,千葉ロッテマリーンズ,2024,
not_found,,ダグラス,広島東洋カープ,2006,
not_found,,ダグラス,東京ヤクルトスワローズ,2008,
not_found,,ダックワース,東北楽天ゴールデンイーグルス,"2012,2013",
not_found,,ダルビッシュ 有,北海道日本ハムファイターズ,"2005,2006,2007,2008,2009,2010,2011",
not_found,,ダーウィン,阪神タイガース,"2005,2006,2007",
not_found,,ダース ローマシュ匡,北海道日本ハムファイターズ,"2008,2010",
not_found,,ダービン,福岡ソフトバンクホークス,2010,
not_found,,ダーモディ,埼玉西武ライオンズ,2021,
not_found,,チェイビス,中日ドラゴンズ,2025,
not_found,,チェン,中日ドラゴンズ,"2005,2008,2009,2010,2011",
not_found,,チェン・ウェイン,千葉ロッテマリーンズ,2020,
not_found,,チェン・ウェイン,阪神タイガース,2021,
not_found,,チェン・グァンユウ,千葉ロッテマリーンズ,"2015,2016,2017,2018,2019,2020",
not_found,,チューク,広島東洋カープ,2010,
not_found,,チルダース,東北楽天ゴールデンイーグルス,2009,
not_found,,ティノコ,埼玉西武ライオンズ,2023,
not_found,,ディアス,オリックス・バファローズ,2025,
not_found,,ディアス,北海道日本ハムファイターズ,2006,
not_found,,ディアス,横浜DeNAベイスターズ,2024,
not_found,,ディクソン,オリックス・バファローズ,"2018,2019,2020",
not_found,,ディプラン,読売ジャイアンツ,2020,
not_found,,デイビー,広島東洋カープ,2005,
not_found,,デイビーズ,東京ヤクルトスワローズ,2016,
not_found,,デニー,中日ドラゴンズ,2007,
not_found,,デニー友利,中日ドラゴンズ,2006,
not_found,,デュプランティエ,阪神タイガース,2025,
not_found,,デラクルス,東京ヤクルトスワローズ,2010,
not_found,,デラバー,広島東洋カープ,2016,
not_found,,デラロサ,読売ジャイアンツ,"2019,2020,2021,2022",
not_found,,トンキン,北海道日本ハムファイターズ,2018,
not_found,,トーマス,北海道日本ハムファイターズ,"2005,2006,2013",
not_found,,トーレス,読売ジャイアンツ,2011,
not_found,,ドイル,福岡ソフトバンクホークス,2012,
not_found,,ドミンゲス,広島東洋カープ,2025,
not_found,,ドミンゴ,中日ドラゴンズ,"2005,2006",
not_found,,ドミンゴ,東北楽天ゴールデンイーグルス,"2007,2008",
not_found,,ドリス,阪神タイガース,"2016,2017,2018,2019",
not_found,,ドーマン,広島東洋カープ,2009,
not_found,,ナイト,北海道日本ハムファイターズ,2005,
not_found,,ナーブソン,東京ヤクルトスワローズ,2014,
not_found,,ニコースキー,福岡ソフトバンクホークス,"2007,2008",
not_found,,ニックス,オリックス・バファローズ,2023,
not_found,,ニール,埼玉西武ライオンズ,"2019,2020,2021",
not_found,,ネイラー,中日ドラゴンズ,"2015,2016",
not_found,,ネバラスカス,広島東洋カープ,2021,
not_found,,ネビン,埼玉西武ライオンズ,2025,
not_found,,ネルソン,中日ドラゴンズ,"2008,2009,2010,2011,2012",
not_found,,ネルソン,阪神タイガース,2025,
not_found,,ノリン,埼玉西武ライオンズ,2020,
not_found,,ハウザー,東北楽天ゴールデンイーグルス,"2012,2013",
not_found,,ハッチ,広島東洋カープ,2024,
not_found,,ハフ,東京ヤクルトスワローズ,"2018,2019",
not_found,,ハミルトン,横浜DeNAベイスターズ,2012,
not_found,,ハワード,阪神タイガース,2025,
not_found,,ハンコック,北海道日本ハムファイターズ,2019,
not_found,,ハーマン,千葉ロッテマリーンズ,"2020,2021",
not_found,,ハーマン,東北楽天ゴールデンイーグルス,"2017,2018,2019",
not_found,,ハーン,広島東洋カープ,2024,
not_found,,バウアー,横浜DeNAベイスターズ,2023,
not_found,,バス,東北楽天ゴールデンイーグルス,2007,
not_found,,バスケス,埼玉西武ライオンズ,"2015,2016",
not_found,,バニュエロス,東北楽天ゴールデンイーグルス,2023,
not_found,,バリオス,横浜DeNAベイスターズ,"2018,2019",
not_found,,バリオス,福岡ソフトバンクホークス,"2013,2014,2015,2016",
not_found,,バリントン,広島東洋カープ,"2011,2012,2013,2014",
not_found,,バルガス,オリックス・バファローズ,"2021,2022",
not_found,,バルデス,中日ドラゴンズ,"2010,2015,2016,2017",
not_found,,バルドナード,読売ジャイアンツ,"2023,2024",
not_found,,バレット,東京ヤクルトスワローズ,2009,
not_found,,バンデンハーク,東京ヤクルトスワローズ,2021,
not_found,,バンデンハーク,福岡ソフトバンクホークス,"2015,2016,2017,2018,2019,2020",
not_found,,バンヘッケン,埼玉西武ライオンズ,2016,
not_found,,バース,北海道日本ハムファイターズ,2016,
not_found,,バード,広島東洋カープ,2021,
not_found,,バーネット,東京ヤクルトスワローズ,"2010,2011,2012,2013,2014,2015",
not_found,,バーヘイゲン,北海道日本ハムファイターズ,"2020,2021,2024",
not_found,,バーベイト,北海道日本ハムファイターズ,2019,
not_found,,バーン,千葉ロッテマリーンズ,2006,
not_found,,バーンサイド,読売ジャイアンツ,2008,
not_found,,パウエル,福岡ソフトバンクホークス,2008,
not_found,,パウエル,読売ジャイアンツ,"2006,2007",
not_found,,パットン,横浜DeNAベイスターズ,"2017,2018,2019,2020",
not_found,,パディーヤ,福岡ソフトバンクホークス,2013,
not_found,,パヤノ,中日ドラゴンズ,"2009,2014",
not_found,,ヒギンス,オリックス・バファローズ,"2020,2021",
not_found,,ヒメネス,東北楽天ゴールデンイーグルス,"2011,2012",
not_found,,ヒース,埼玉西武ライオンズ,"2018,2019",
not_found,,ヒース,広島東洋カープ,"2014,2015",
not_found,,ビエイラ,読売ジャイアンツ,"2020,2021,2022",
not_found,,ビドル,オリックス・バファローズ,2022,
not_found,,ビロウ,横浜DeNAベイスターズ,2015,
not_found,,ビーズリー,阪神タイガース,"2023,2024",
not_found,,ビーディ,読売ジャイアンツ,2023,
not_found,,ピント,福岡ソフトバンクホークス,2012,
not_found,,ピーターズ,東京ヤクルトスワローズ,2023,
not_found,,ピープルズ,横浜DeNAベイスターズ,"2020,2021,2022",
not_found,,ファイフ,埼玉西武ライオンズ,2017,
not_found,,ファビアン,広島東洋カープ,2025,
not_found,,ファルケンボーグ,東北楽天ゴールデンイーグルス,2014,
not_found,,ファルケンボーグ,福岡ソフトバンクホークス,"2009,2010,2011,2012,2013",
not_found,,ファンミル,東北楽天ゴールデンイーグルス,2014,
not_found,,フィリップス,広島東洋カープ,2014,
not_found,,フェリシアーノ,広島東洋カープ,"2005,2006",
not_found,,フェリシアーノ,福岡ソフトバンクホークス,2005,
not_found,,フェリス,中日ドラゴンズ,"2023,2024",
not_found,,フェルナンデス,広島東洋カープ,2007,
not_found,,フェルナンデス,東京ヤクルトスワローズ,"2011,2012",
not_found,,フォッサム,阪神タイガース,2010,
not_found,,フランスア,広島東洋カープ,"2018,2019,2020,2021,2022",
not_found,,フローレス,千葉ロッテマリーンズ,"2020,2021",
not_found,,ブキャナン,東京ヤクルトスワローズ,"2017,2018,2019",
not_found,,ブセニッツ,東北楽天ゴールデンイーグルス,"2019,2020,2021,2022",
not_found,,ブラウワー,広島東洋カープ,2008,
not_found,,ブラウン,阪神タイガース,2005,
not_found,,ブラゾバン,福岡ソフトバンクホークス,2011,
not_found,,ブラックリー,東北楽天ゴールデンイーグルス,2014,
not_found,,ブラッドリー,中日ドラゴンズ,2013,
not_found,,ブランドン,千葉ロッテマリーンズ,2019,
not_found,,ブランドン,横浜DeNAベイスターズ,2012,
not_found,,ブリガム,東北楽天ゴールデンイーグルス,2016,
not_found,,ブルワー,阪神タイガース,2023,
not_found,,ブレイシア,広島東洋カープ,2017,
not_found,,ブロードウェイ,横浜DeNAベイスターズ,2016,
not_found,,ヘルウェグ,広島東洋カープ,"2018,2019",
not_found,,ヘルナンデス,福岡ソフトバンクホークス,"2023,2024",
not_found,,ヘルナンデス,阪神タイガース,2025,
not_found,,ヘーゲンズ,広島東洋カープ,"2016,2017",
not_found,,ベイリス,埼玉西武ライオンズ,2009,
not_found,,ベイル,広島東洋カープ,"2005,2006,2010",
not_found,,ペトリック,横浜DeNAベイスターズ,2016,
not_found,,ペニー,福岡ソフトバンクホークス,2012,
not_found,,ペルドモ,オリックス・バファローズ,2024,
not_found,,ペルドモ,千葉ロッテマリーンズ,2023,
not_found,,ペレス,東京ヤクルトスワローズ,2016,
not_found,,ペン,千葉ロッテマリーンズ,"2010,2011,2012",
not_found,,ホッジス,東北楽天ゴールデンイーグルス,2005,
not_found,,ホールトン,福岡ソフトバンクホークス,"2008,2009,2010,2011",
not_found,,ホールトン,読売ジャイアンツ,"2012,2013",
not_found,,ボイヤー,阪神タイガース,2013,
not_found,,ボウデン,埼玉西武ライオンズ,2014,
not_found,,ボスラー,中日ドラゴンズ,2025,
not_found,,ボルシンガー,千葉ロッテマリーンズ,"2018,2019",
not_found,,ボーグルソン,阪神タイガース,"2007,2008",
not_found,,ボーマン,東京ヤクルトスワローズ,2025,
not_found,,ボー・タカハシ,埼玉西武ライオンズ,"2022,2023,2024",
not_found,,ポレダ,読売ジャイアンツ,"2015,2016",
not_found,,ポンセ,北海道日本ハムファイターズ,"2022,2023",
not_found,,ポンセ,東北楽天ゴールデンイーグルス,2024,
not_found,,ポーリーノ,埼玉西武ライオンズ,2016,
not_found,,マイエット,東北楽天ゴールデンイーグルス,2005,
not_found,,マイコラス,読売ジャイアンツ,"2015,2016,2017",
not_found,,マクガフ,東京ヤクルトスワローズ,"2019,2020,2021,2022",
not_found,,マシス,千葉ロッテマリーンズ,2012,
not_found,,マシソン,読売ジャイアンツ,"2012,2013,2014,2015,2016,2017,2018,2019",
not_found,,マチャド,オリックス・バファローズ,2024,
not_found,,マテオ,阪神タイガース,"2016,2017,2018",
not_found,,マドリガル,中日ドラゴンズ,2013,
not_found,,マラー,中日ドラゴンズ,2025,
not_found,,マルク,中日ドラゴンズ,"2020,2022",
not_found,,マルテ,中日ドラゴンズ,2025,
not_found,,マルテ,広島東洋カープ,"2006,2007,2008",
not_found,,マルティネス,中日ドラゴンズ,"2005,2006,2023,2024",
not_found,,マルティネス,北海道日本ハムファイターズ,"2018,2020",
not_found,,マルティネス,福岡ソフトバンクホークス,2021,
not_found,,マレン,読売ジャイアンツ,2005,
not_found,,マーティン,北海道日本ハムファイターズ,"2016,2017",
not_found,,マーティン,埼玉西武ライオンズ,"2018,2019",
not_found,,マーフィー,北海道日本ハムファイターズ,2024,
not_found,,マーフィー,千葉ロッテマリーンズ,"2010,2011",
not_found,,マーベル,北海道日本ハムファイターズ,2023,
not_found,,ミアディッチ,読売ジャイアンツ,2005,
not_found,,ミゲル・メヒア,埼玉西武ライオンズ,2015,
not_found,,ミコライオ,広島東洋カープ,"2012,2013,2014",
not_found,,ミコライオ,東北楽天ゴールデンイーグルス,2016,
not_found,,ミセリ,読売ジャイアンツ,2005,
not_found,,ミラバル,北海道日本ハムファイターズ,2005,
not_found,,ミランダ,福岡ソフトバンクホークス,"2018,2019",
not_found,,ミラー,千葉ロッテマリーンズ,2006,
not_found,,ミンチェ,埼玉西武ライオンズ,2011,
not_found,,ムーア,福岡ソフトバンクホークス,2020,
not_found,,メッセンジャー,阪神タイガース,"2010,2011,2012,2013,2014,2015,2016,2017,2018,2019",
not_found,,メネズ,北海道日本ハムファイターズ,"2022,2023",
not_found,,メヒア,中日ドラゴンズ,"2023,2024",
not_found,,メルセデス,千葉ロッテマリーンズ,"2023,2024",
not_found,,メルセデス,読売ジャイアンツ,"2018,2019,2020,2021,2022",
not_found,,メンデス,読売ジャイアンツ,"2023,2024",
not_found,,メンデス,阪神タイガース,2017,
not_found,,メンドーサ,北海道日本ハムファイターズ,"2014,2015,2016,2017",
not_found,,メンドーサ,読売ジャイアンツ,"2015,2016",
not_found,,メンドーサ,阪神タイガース,2017,
not_found,,モイセエフ・ニキータ,東京ヤクルトスワローズ,2025,
not_found,,モイネロ,福岡ソフトバンクホークス,"2017,2018,2019,2020,2021,2022,2023,2024",
not_found,,モスコーソ,横浜DeNAベイスターズ,"2014,2015,2016",
not_found,,モリーヨ,東北楽天ゴールデンイーグルス,2010,
not_found,,モルケン,北海道日本ハムファイターズ,"2012,2013",
not_found,,モレノ,阪神タイガース,2018,
not_found,,モンティージャ,広島東洋カープ,"2019,2020",
not_found,,モンテロ,広島東洋カープ,2025,
not_found,,ヤフーレ,東京ヤクルトスワローズ,2024,
not_found,,ヤフーレ,東北楽天ゴールデンイーグルス,2025,
not_found,,ヤン,埼玉西武ライオンズ,2024,
not_found,,ヤングマン,読売ジャイアンツ,"2018,2019",
not_found,,ユウキ,東京ヤクルトスワローズ,"2009,2010",
not_found,,ライト,埼玉西武ライオンズ,2005,
not_found,,ライブリー,北海道日本ハムファイターズ,2015,
not_found,,ラス,東北楽天ゴールデンイーグルス,2005,
not_found,,ラズナー,東北楽天ゴールデンイーグルス,"2009,2010,2011,2012,2013",
not_found,,ラミレス,埼玉西武ライオンズ,2025,
not_found,,ラルー,東京ヤクルトスワローズ,2013,
not_found,,ランバート,阪神タイガース,2025,
not_found,,リオス,東京ヤクルトスワローズ,2008,
not_found,,リズ,東北楽天ゴールデンイーグルス,2016,
not_found,,リー,北海道日本ハムファイターズ,"2005,2006",
not_found,,リーソップ,阪神タイガース,2008,
not_found,,ルイス,広島東洋カープ,"2008,2009",
not_found,,ルブラン,埼玉西武ライオンズ,2015,
not_found,,ルーキ,東京ヤクルトスワローズ,"2016,2017",
not_found,,レイ,東北楽天ゴールデンイーグルス,"2013,2015,2016",
not_found,,レイ,福岡ソフトバンクホークス,"2021,2022",
not_found,,レイエス,北海道日本ハムファイターズ,2025,
not_found,,レイノルズ,埼玉西武ライオンズ,2014,
not_found,,レイビン,千葉ロッテマリーンズ,2019,
not_found,,レイボーン,広島東洋カープ,2005,
not_found,,レグナルト,広島東洋カープ,2019,
not_found,,レデズマ,千葉ロッテマリーンズ,"2012,2013",
not_found,,レルー,福岡ソフトバンクホークス,2011,
not_found,,ロサリオ,中日ドラゴンズ,2021,
not_found,,ロドリゲス,中日ドラゴンズ,"2018,2019,2020,2021,2022",
not_found,,ロドリゲス,北海道日本ハムファイターズ,"2018,2019,2020,2022,2023,2024",
not_found,,ロドリゲス,東京ヤクルトスワローズ,"2023,2024",
not_found,,ロペス,読売ジャイアンツ,2023,
not_found,,ロマノ,広島東洋カープ,"2005,2006",
not_found,,ロマン,東京ヤクルトスワローズ,"2012,2013,2014,2015",
not_found,,ロメロ,中日ドラゴンズ,2019,
not_found,,ロメロ,千葉ロッテマリーンズ,"2021,2022",
not_found,,ロメロ,横浜DeNAベイスターズ,"2021,2022",
not_found,,ロメロ,福岡ソフトバンクホークス,2012,
not_found,,ロメロ,読売ジャイアンツ,"2010,2011,2012",
not_found,,ロンドン,中日ドラゴンズ,2017,
not_found,,ロー,福岡ソフトバンクホークス,2009,
not_found,,ローチ,オリックス・バファローズ,2018,
not_found,,ローレンス,広島東洋カープ,2019,
not_found,,ワグナー,埼玉西武ライオンズ,2018,
not_found,,ワゲスパック,オリックス・バファローズ,"2022,2023",
not_found,,ワズディン,埼玉西武ライオンズ,2009,
not_found,,一場 靖弘,東京ヤクルトスワローズ,"2009,2011",
not_found,,一場 靖弘,東北楽天ゴールデンイーグルス,"2005,2006,2007,2008",
not_found,,一岡 竜司,広島東洋カープ,"2014,2015,2016,2017,2018,2019,2020,2022,2023",
not_found,,一岡 竜司,読売ジャイアンツ,"2012,2013",
not_found,,一條力真,千葉ロッテマリーンズ,2025,
not_found,,七條 祐樹,東京ヤクルトスワローズ,"2011,2012,2013,2014",
not_found,,万波　中正,北海道日本ハムファイターズ,2025,
not_found,,三ツ間 卓也,中日ドラゴンズ,"2017,2018,2019,2020,2021",
not_found,,三上 朋也,横浜DeNAベイスターズ,"2014,2015,2016,2017,2018,2019,2020,2021,2022",
not_found,,三上 朋也,読売ジャイアンツ,2023,
not_found,,三井 浩二,埼玉西武ライオンズ,"2005,2006,2007,2008,2009",
not_found,,三嶋 一輝,横浜DeNAベイスターズ,"2013,2014,2015,2016,2017,2018,2019,2020,2021,2022,2023,2024",
not_found,,三木 均,読売ジャイアンツ,"2005,2007",
not_found,,三浦 大輔,横浜DeNAベイスターズ,"2012,2013,2014,2015,2016",
not_found,,三浦 瑞樹,福岡ソフトバンクホークス,2024,
not_found,,三浦 銀二,横浜DeNAベイスターズ,"2022,2023",
not_found,,三澤 興一,東京ヤクルトスワローズ,2005,
not_found,,三瀬 幸司,中日ドラゴンズ,"2010,2011,2012,2013,2014",
not_found,,三瀬 幸司,福岡ソフトバンクホークス,"2005,2006,2007,2008,2009,2010",
not_found,,上原 健太,北海道日本ハムファイターズ,"2016,2017,2018,2019,2020,2021,2022,2023,2024",
not_found,,上原 厚治郎,東京ヤクルトスワローズ,"2005,2006,2008",
not_found,,上原 浩治,読売ジャイアンツ,"2005,2006,2007,2008,2018",
not_found,,上園 啓史,東北楽天ゴールデンイーグルス,"2012,2013,2014",
not_found,,上園 啓史,阪神タイガース,"2007,2008,2009,2010",
not_found,,上林　誠知,中日ドラゴンズ,2025,
not_found,,上沢 直之,北海道日本ハムファイターズ,"2014,2015,2017,2018,2019,2020,2021,2022,2023",
not_found,,上田 大河,埼玉西武ライオンズ,2024,
not_found,,上田 洸太朗,中日ドラゴンズ,"2022,2023",
not_found,,上茶谷 大河,横浜DeNAベイスターズ,"2019,2020,2021,2022,2023,2024",
not_found,,上野 大樹,千葉ロッテマリーンズ,"2009,2010,2011,2012,2013,2014,2015",
not_found,,上野 弘文,広島東洋カープ,"2007,2008,2009,2010,2011,2013,2014",
not_found,,上野 貴久,読売ジャイアンツ,2010,
not_found,,上間 永遠,埼玉西武ライオンズ,2021,
not_found,,下柳 剛,東北楽天ゴールデンイーグルス,2012,
not_found,,下柳 剛,阪神タイガース,"2005,2006,2007,2008,2009,2010,2011",
not_found,,中塚 駿太,埼玉西武ライオンズ,"2017,2018,2020",
not_found,,中尾 輝,東京ヤクルトスワローズ,"2017,2018,2019,2020",
not_found,,中島　大輔,東北楽天ゴールデンイーグルス,2025,
not_found,,中島 彰吾,東京ヤクルトスワローズ,"2016,2017",
not_found,,中崎 翔太,広島東洋カープ,"2012,2013,2014,2015",
not_found,,中崎 雄太,埼玉西武ライオンズ,2013,
not_found,,中川　圭太,オリックス・バファローズ,2025,
not_found,,中川 皓太,読売ジャイアンツ,"2016,2017,2018,2019,2020,2021,2023,2024",
not_found,,中川 虎大,横浜DeNAベイスターズ,"2019,2020,2021,2022,2023,2024",
not_found,,中川 颯,オリックス・バファローズ,2021,
not_found,,中川 颯,横浜DeNAベイスターズ,2024,
not_found,,中後 悠平,千葉ロッテマリーンズ,"2012,2013,2014",
not_found,,中後 悠平,横浜DeNAベイスターズ,"2018,2019",
not_found,,中村 亮太,福岡ソフトバンクホークス,"2022,2024",
not_found,,中村優斗,東京ヤクルトスワローズ,2025,
not_found,,中村 勝,オリックス・バファローズ,2022,
not_found,,中村 勝,北海道日本ハムファイターズ,"2010,2011,2012,2013,2014,2015,2016,2017,2019",
not_found,,中村 恭平,広島東洋カープ,"2011,2012,2013,2015,2016,2018,2019,2020",
not_found,,中村 泰広,阪神タイガース,"2005,2006,2007",
not_found,,中村 祐太,埼玉西武ライオンズ,2024,
not_found,,中村 祐太,広島東洋カープ,"2017,2018,2019,2020,2021,2023",
not_found,,中村 稔弥,千葉ロッテマリーンズ,"2019,2020,2021,2022,2023,2024",
not_found,,中村 隼人,読売ジャイアンツ,2005,
not_found,,中森 俊介,千葉ロッテマリーンズ,"2023,2024",
not_found,,中澤 雅人,東京ヤクルトスワローズ,"2010,2011,2012,2013,2014,2015,2016,2017,2018,2019,2020",
not_found,,中田 廉,広島東洋カープ,"2010,2011,2012,2013,2014,2015,2016,2017,2018,2019,2020,2021",
not_found,,中田 賢一,中日ドラゴンズ,"2005,2006,2007,2008,2009,2010,2011,2012,2013",
not_found,,中田 賢一,福岡ソフトバンクホークス,"2014,2015,2016,2017,2018,2019",
not_found,,中田 賢一,阪神タイガース,2020,
not_found,,中込陽翔,東北楽天ゴールデンイーグルス,2025,
not_found,,中郷 大樹,千葉ロッテマリーンズ,"2007,2008,2009,2011,2012,2013",
not_found,,中郷 大樹,埼玉西武ライオンズ,2014,
not_found,,中里 篤史,中日ドラゴンズ,"2005,2006,2008,2009",
not_found,,中里 篤史,読売ジャイアンツ,2010,
not_found,,中野　拓夢,阪神タイガース,2025,
not_found,,中﨑 翔太,広島東洋カープ,"2016,2017,2018,2019,2020,2021,2022,2023,2024",
not_found,,中﨑 雄太,埼玉西武ライオンズ,2016,
not_found,,丸山 泰資,中日ドラゴンズ,2017,
not_found,,丸山 翔大,東京ヤクルトスワローズ,"2023,2024",
not_found,,丸山 貴史,東京ヤクルトスワローズ,"2005,2006,2008,2009",
not_found,,久保 康友,千葉ロッテマリーンズ,"2005,2006,2007,2008",
not_found,,久保 康友,横浜DeNAベイスターズ,"2014,2015,2016,2017",
not_found,,久保 康友,阪神タイガース,"2009,2010,2011,2012,2013",
not_found,,久保 拓眞,東京ヤクルトスワローズ,"2019,2020,2022,2023",
not_found,,久保田 智之,阪神タイガース,"2005,2006,2007,2008,2009,2010,2011,2012,2013",
not_found,,久保 裕也,東北楽天ゴールデンイーグルス,"2017,2018,2019,2020",
not_found,,久保 裕也,横浜DeNAベイスターズ,2016,
not_found,,久保 裕也,読売ジャイアンツ,"2005,2006,2007,2008,2009,2010,2011,2012,2014",
not_found,,久古 健太郎,東京ヤクルトスワローズ,"2011,2012,2013,2014,2015,2016,2017",
not_found,,久本 祐一,中日ドラゴンズ,"2005,2006,2007,2010,2011,2012",
not_found,,久本 祐一,広島東洋カープ,"2013,2014,2016",
not_found,,久米 勇紀,福岡ソフトバンクホークス,"2008,2009,2010",
not_found,,九里 亜蓮,広島東洋カープ,"2014,2015,2016,2017,2018,2019,2020,2021,2022,2023,2024",
not_found,,乾 真大,北海道日本ハムファイターズ,"2011,2012,2013,2014,2015",
not_found,,乾 真大,読売ジャイアンツ,"2016,2017",
not_found,,二保 旭,千葉ロッテマリーンズ,2024,
not_found,,二保 旭,福岡ソフトバンクホークス,"2012,2013,2015,2018,2019,2020,2021",
not_found,,二保 旭,阪神タイガース,2021,
not_found,,二木 康太,千葉ロッテマリーンズ,"2015,2016,2017,2018,2019,2020,2021,2022",
not_found,,二神 一人,阪神タイガース,"2012,2014,2015",
not_found,,五十嵐 亮太,東京ヤクルトスワローズ,"2005,2006,2008,2009,2019,2020",
not_found,,五十嵐 亮太,福岡ソフトバンクホークス,"2013,2014,2015,2016,2017,2018",
not_found,,井上 公志,中日ドラゴンズ,2013,
not_found,,井上 広輝,埼玉西武ライオンズ,2021,
not_found,,井上 温大,読売ジャイアンツ,"2022,2023,2024",
not_found,,井上 雄介,東北楽天ゴールデンイーグルス,"2010,2012",
not_found,,井口 和朋,オリックス・バファローズ,2024,
not_found,,井口 和朋,北海道日本ハムファイターズ,"2016,2017,2018,2019,2020,2021,2022,2023",
not_found,,井坂 亮平,東北楽天ゴールデンイーグルス,"2009,2010,2011",
not_found,,井場 友和,北海道日本ハムファイターズ,2005,
not_found,,井川 慶,阪神タイガース,"2005,2006",
not_found,,井納 翔一,横浜DeNAベイスターズ,"2013,2014,2015,2016,2017,2018,2019,2020",
not_found,,井納 翔一,読売ジャイアンツ,"2021,2022",
not_found,,京山 将弥,横浜DeNAベイスターズ,"2018,2019,2020,2021,2022,2024",
not_found,,京本 眞,読売ジャイアンツ,2024,
not_found,,仁部 智,広島東洋カープ,2005,
not_found,,今井 啓介,広島東洋カープ,"2009,2010,2011,2012,2013,2014,2015,2017",
not_found,,今井 達也,埼玉西武ライオンズ,"2018,2019,2020,2021,2022,2023,2024",
not_found,,今朝丸裕喜,阪神タイガース,2025,
not_found,,今村 信貴,読売ジャイアンツ,"2013,2014,2016,2017,2018,2019,2020,2021,2022,2023,2024",
not_found,,今村 猛,広島東洋カープ,"2010,2011,2012,2013,2014,2015,2016,2017,2018,2019,2020",
not_found,,今永 昇太,横浜DeNAベイスターズ,"2016,2017,2018,2019,2020,2021,2022,2023",
not_found,,今野 龍太,東京ヤクルトスワローズ,"2020,2021,2022,2023,2024",
not_found,,今野 龍太,東北楽天ゴールデンイーグルス,"2014,2015,2017,2018,2019",
not_found,,代木 大和,読売ジャイアンツ,2023,
not_found,,仲地 礼亜,中日ドラゴンズ,"2023,2024",
not_found,,伊代野 貴照,阪神タイガース,"2006,2007",
not_found,,伊勢 大夢,横浜DeNAベイスターズ,"2020,2021,2022,2023,2024",
not_found,,伊原陵人,阪神タイガース,2025,
not_found,,伊東 昂大,広島東洋カープ,2010,
not_found,,伊藤 優輔,読売ジャイアンツ,2024,
not_found,,伊藤 剛,北海道日本ハムファイターズ,"2006,2007,2008,2009",
not_found,,伊藤 和雄,阪神タイガース,"2012,2014,2016,2017,2018,2020",
not_found,,伊藤 大海,北海道日本ハムファイターズ,"2021,2022,2023,2024",
not_found,,伊藤 将司,阪神タイガース,"2021,2022,2023,2024",
not_found,,伊藤 拓郎,横浜DeNAベイスターズ,2012,
not_found,,伊藤 準規,中日ドラゴンズ,"2009,2010,2011,2012,2014,2015,2016,2017,2018,2019",
not_found,,伊藤 秀範,東京ヤクルトスワローズ,"2007,2008",
not_found,,伊藤 義弘,千葉ロッテマリーンズ,"2008,2009,2010,2011,2012,2013,2014,2015",
not_found,,伊藤 翔,埼玉西武ライオンズ,"2018,2019,2020,2021",
not_found,,伊藤 茉央,東北楽天ゴールデンイーグルス,"2023,2024",
not_found,,伊達 昌司,読売ジャイアンツ,2005,
not_found,,会田 有志,読売ジャイアンツ,"2007,2008",
not_found,,佐々岡 真司,広島東洋カープ,"2005,2006,2007",
not_found,,佐々木 健,埼玉西武ライオンズ,"2021,2022,2023",
not_found,,佐々木 千隼,千葉ロッテマリーンズ,"2017,2019,2020,2021,2022,2023",
not_found,,佐々木 千隼,横浜DeNAベイスターズ,2024,
not_found,,佐々木 朗希,千葉ロッテマリーンズ,"2021,2022,2023,2024",
not_found,,佐々木泰,広島東洋カープ,2025,
not_found,,佐々木 貴賀,北海道日本ハムファイターズ,2005,
not_found,,佐久本 昌広,阪神タイガース,2005,
not_found,,佐竹 健太,広島東洋カープ,"2005,2006,2007",
not_found,,佐竹 健太,東北楽天ゴールデンイーグルス,"2008,2009,2010,2011,2012",
not_found,,佐藤 一磨,オリックス・バファローズ,2024,
not_found,,佐藤 亮太,中日ドラゴンズ,"2006,2007,2008",
not_found,,佐藤 優,中日ドラゴンズ,"2016,2017,2018,2019,2020,2021,2022",
not_found,,佐藤 充,中日ドラゴンズ,"2005,2006,2007,2008",
not_found,,佐藤 剛士,広島東洋カープ,2006,
not_found,,佐藤 勇,埼玉西武ライオンズ,2016,
not_found,,佐藤 奨真,千葉ロッテマリーンズ,2022,
not_found,,佐藤 宏志,東北楽天ゴールデンイーグルス,"2007,2008",
not_found,,佐藤 宏志,読売ジャイアンツ,"2005,2006",
not_found,,佐藤柳之介,広島東洋カープ,2025,
not_found,,佐藤 祥万,広島東洋カープ,"2016,2017,2018",
not_found,,佐藤 祥万,横浜DeNAベイスターズ,"2012,2013",
not_found,,佐藤 蓮,阪神タイガース,2024,
not_found,,佐藤 誠,福岡ソフトバンクホークス,"2005,2006,2007,2008,2009",
not_found,,佐藤 賢,東京ヤクルトスワローズ,"2005,2006,2007,2008,2009,2010,2011",
not_found,,佐藤　輝明,阪神タイガース,2025,
not_found,,佐藤 隼輔,埼玉西武ライオンズ,"2022,2023,2024",
not_found,,佐野大陽,阪神タイガース,2025,
not_found,,佐野　恵太,横浜DeNAベイスターズ,2025,
not_found,,佐野 泰雄,埼玉西武ライオンズ,"2015,2016,2017,2018,2019,2020,2021,2022",
not_found,,倉野 信次,福岡ソフトバンクホークス,"2005,2006",
not_found,,光原 逸裕,千葉ロッテマリーンズ,2011,
not_found,,入来 祐作,北海道日本ハムファイターズ,2005,
not_found,,入江 大生,横浜DeNAベイスターズ,"2021,2022,2023",
not_found,,入野 貴大,東北楽天ゴールデンイーグルス,"2015,2016,2017",
not_found,,八木 亮祐,東京ヤクルトスワローズ,"2012,2013,2014,2015,2016",
not_found,,八木 彬,千葉ロッテマリーンズ,"2022,2023,2024",
not_found,,八木 智哉,中日ドラゴンズ,"2015,2016,2017",
not_found,,八木 智哉,北海道日本ハムファイターズ,"2006,2007,2008,2009,2010,2011,2012",
not_found,,公文 克彦,北海道日本ハムファイターズ,"2017,2018,2019,2020,2021",
not_found,,公文 克彦,埼玉西武ライオンズ,"2021,2022,2023",
not_found,,公文 克彦,読売ジャイアンツ,"2013,2016",
not_found,,内山　壮真,東京ヤクルトスワローズ,2025,
not_found,,内 星龍,東北楽天ゴールデンイーグルス,"2023,2024",
not_found,,内海 哲也,埼玉西武ライオンズ,"2020,2021,2022",
not_found,,内海 哲也,読売ジャイアンツ,"2005,2006,2007,2008,2009,2010,2011,2012,2013,2014,2015,2016,2017,2018",
not_found,,内 竜也,千葉ロッテマリーンズ,"2006,2009,2010,2011,2012,2013,2014,2015,2016,2017,2018",
not_found,,内間 拓馬,東北楽天ゴールデンイーグルス,"2021,2022",
not_found,,冨田 康祐,横浜DeNAベイスターズ,2013,
not_found,,則本 昂大,東北楽天ゴールデンイーグルス,"2013,2014,2015,2016,2017,2018,2019,2020,2021,2022,2023,2024",
not_found,,前 佑囲斗,オリックス・バファローズ,"2023,2024",
not_found,,前川 勝彦,阪神タイガース,2005,
not_found,,前田 健太,広島東洋カープ,"2008,2009,2010,2011,2012,2013,2014,2015",
not_found,,前田 幸長,読売ジャイアンツ,"2005,2006,2007",
not_found,,前田 悠伍,福岡ソフトバンクホークス,2024,
not_found,,前田 純,福岡ソフトバンクホークス,2024,
not_found,,加治屋 蓮,福岡ソフトバンクホークス,"2016,2017,2018,2019,2020",
not_found,,加治屋 蓮,阪神タイガース,"2021,2022,2023,2024",
not_found,,加藤 大輔,東北楽天ゴールデンイーグルス,"2012,2013",
not_found,,加藤 幹典,東京ヤクルトスワローズ,"2008,2009,2010,2011",
not_found,,加藤 康介,千葉ロッテマリーンズ,"2005,2006",
not_found,,加藤 康介,阪神タイガース,"2011,2012,2013,2014,2015",
not_found,,加藤 拓也,広島東洋カープ,2017,
not_found,,加藤 正志,東北楽天ゴールデンイーグルス,"2015,2016",
not_found,,加藤 武治,北海道日本ハムファイターズ,2010,
not_found,,加藤 貴之,北海道日本ハムファイターズ,"2016,2017,2018,2019,2020,2021,2022,2023,2024",
not_found,,加藤響,横浜DeNAベイスターズ,2025,
not_found,,加賀 繁,横浜DeNAベイスターズ,"2012,2013,2014,2015,2016,2017,2018",
not_found,,加賀美 希昇,横浜DeNAベイスターズ,"2012,2013,2014",
not_found,,勝野 昌慶,中日ドラゴンズ,"2019,2020,2021,2022,2023,2024",
not_found,,北山 亘基,北海道日本ハムファイターズ,"2022,2023,2024",
not_found,,北村 拓己,読売ジャイアンツ,2023,
not_found,,北浦 竜次,北海道日本ハムファイターズ,"2018,2019,2020,2021,2022,2023,2024",
not_found,,十亀 剣,埼玉西武ライオンズ,"2012,2013,2014,2015,2016,2017,2018,2019,2020,2021,2022",
not_found,,千賀 滉大,福岡ソフトバンクホークス,"2012,2013,2014,2015,2016,2017,2018,2019,2020,2021,2022",
not_found,,南川 忠亮,埼玉西武ライオンズ,"2016,2017,2018,2019",
not_found,,南 昌輝,千葉ロッテマリーンズ,"2012,2013,2014,2016,2017,2018,2019,2020,2021",
not_found,,原 樹理,東京ヤクルトスワローズ,"2016,2017,2018,2019,2020,2021,2022,2024",
not_found,,又吉 克樹,中日ドラゴンズ,"2014,2015,2016,2017,2018,2019,2020,2021",
not_found,,又吉 克樹,福岡ソフトバンクホークス,"2022,2023,2024",
not_found,,又木 鉄平,読売ジャイアンツ,2024,
not_found,,及川 雅貴,阪神タイガース,"2021,2022,2023,2024",
not_found,,古川 侑利,北海道日本ハムファイターズ,2022,
not_found,,古川 侑利,東北楽天ゴールデンイーグルス,"2014,2016,2017,2018,2019",
not_found,,古川 侑利,福岡ソフトバンクホークス,2023,
not_found,,古川 侑利,読売ジャイアンツ,"2019,2020,2021",
not_found,,古川 祐樹,読売ジャイアンツ,2009,
not_found,,古田島 成龍,オリックス・バファローズ,2024,
not_found,,古謝 樹,東北楽天ゴールデンイーグルス,2024,
not_found,,古谷 優人,福岡ソフトバンクホークス,"2020,2021",
not_found,,古谷 拓哉,千葉ロッテマリーンズ,"2006,2009,2010,2011,2012,2013,2014,2015,2016",
not_found,,古谷 拓郎,千葉ロッテマリーンズ,2020,
not_found,,古賀輝希,埼玉西武ライオンズ,2025,
not_found,,古野 正人,東京ヤクルトスワローズ,"2013,2014,2015,2016,2018",
not_found,,吉井 理人,千葉ロッテマリーンズ,2007,
not_found,,吉原 正平,千葉ロッテマリーンズ,2014,
not_found,,吉崎 勝,北海道日本ハムファイターズ,2005,
not_found,,吉崎 勝,東北楽天ゴールデンイーグルス,"2007,2008",
not_found,,吉川 光夫,北海道日本ハムファイターズ,"2007,2008,2009,2010,2011,2012,2013,2014,2015,2016,2019,2020",
not_found,,吉川 光夫,埼玉西武ライオンズ,2021,
not_found,,吉川 光夫,読売ジャイアンツ,"2017,2018,2019",
not_found,,吉川　尚輝,読売ジャイアンツ,2025,
not_found,,吉川 昌宏,東京ヤクルトスワローズ,"2005,2006,2007,2008,2009,2010",
not_found,,吉川 輝昭,横浜DeNAベイスターズ,2013,
not_found,,吉川 輝昭,福岡ソフトバンクホークス,"2010,2011,2012",
not_found,,吉川 雄大,東北楽天ゴールデンイーグルス,"2022,2024",
not_found,,吉村 貢司郎,東京ヤクルトスワローズ,"2023,2024",
not_found,,吉武 真太郎,福岡ソフトバンクホークス,"2005,2006",
not_found,,吉武 真太郎,読売ジャイアンツ,"2007,2008",
not_found,,吉田 一将,オリックス・バファローズ,"2018,2019,2020",
not_found,,吉田 侑樹,北海道日本ハムファイターズ,"2017,2018,2019,2020",
not_found,,吉田 修司,福岡ソフトバンクホークス,2006,
not_found,,吉田 凌,オリックス・バファローズ,"2019,2020,2021,2022,2023",
not_found,,吉田 凌,千葉ロッテマリーンズ,2024,
not_found,,吉田 大喜,東京ヤクルトスワローズ,"2020,2021,2022",
not_found,,吉田聖弥,中日ドラゴンズ,2025,
not_found,,吉田 豊彦,東北楽天ゴールデンイーグルス,"2005,2006,2007",
not_found,,吉田 輝星,オリックス・バファローズ,2024,
not_found,,吉田 輝星,北海道日本ハムファイターズ,"2019,2020,2021,2022,2023",
not_found,,吉納翼,東北楽天ゴールデンイーグルス,2025,
not_found,,吉見 一起,中日ドラゴンズ,"2006,2007,2008,2009,2010,2011,2012,2013,2014,2015,2016,2017,2018,2019,2020",
not_found,,吉見 祐治,千葉ロッテマリーンズ,"2010,2011,2012,2013",
not_found,,吉野 光樹,横浜DeNAベイスターズ,2024,
not_found,,吉野 誠,阪神タイガース,"2005,2006,2007",
not_found,,呉 偲佑,千葉ロッテマリーンズ,2008,
not_found,,呉 昇桓,阪神タイガース,"2014,2015",
not_found,,和田 毅,福岡ソフトバンクホークス,"2005,2006,2007,2008,2009,2010,2011,2016,2017,2019,2020,2021,2022,2023,2024",
not_found,,唐川 侑己,千葉ロッテマリーンズ,"2008,2009,2010,2011,2012,2013,2014,2015,2016,2017,2018,2019,2020,2021,2022,2023,2024",
not_found,,嘉弥真 新也,東京ヤクルトスワローズ,2024,
not_found,,嘉弥真 新也,福岡ソフトバンクホークス,"2012,2013,2014,2015,2016,2017,2018,2019,2020,2021,2022,2023",
not_found,,国吉 佑樹,千葉ロッテマリーンズ,"2021,2022,2023,2024",
not_found,,国吉 佑樹,横浜DeNAベイスターズ,"2012,2013,2014,2015,2016,2017,2018,2019,2020,2021",
not_found,,國場 翼,埼玉西武ライオンズ,"2016,2019,2020",
not_found,,土居 豪人,千葉ロッテマリーンズ,2021,
not_found,,土屋 健二,北海道日本ハムファイターズ,"2010,2012",
not_found,,土屋 健二,横浜DeNAベイスターズ,"2013,2014",
not_found,,土屋 朋弘,東北楽天ゴールデンイーグルス,"2010,2011,2012,2013",
not_found,,土本 恭平,読売ジャイアンツ,2010,
not_found,,土生 翔太,中日ドラゴンズ,2024,
not_found,,土田 瑞起,読売ジャイアンツ,"2014,2015,2016",
not_found,,土肥 寛昌,東京ヤクルトスワローズ,"2016,2017",
not_found,,土肥 星也,千葉ロッテマリーンズ,"2017,2018,2019,2021,2022",
not_found,,土肥 義弘,埼玉西武ライオンズ,"2009,2010",
not_found,,坂井遼,千葉ロッテマリーンズ,2025,
not_found,,坂井 陽翔,東北楽天ゴールデンイーグルス,2024,
not_found,,坂元 弥太郎,北海道日本ハムファイターズ,"2008,2009",
not_found,,坂元 弥太郎,埼玉西武ライオンズ,"2011,2013",
not_found,,坂元 弥太郎,東京ヤクルトスワローズ,"2005,2006,2007",
not_found,,坂口翔颯,横浜DeNAベイスターズ,2025,
not_found,,坂本 光士郎,千葉ロッテマリーンズ,"2022,2023,2024",
not_found,,坂本 光士郎,東京ヤクルトスワローズ,"2019,2020,2021,2022",
not_found,,坂本 工宜,読売ジャイアンツ,2019,
not_found,,坂本 裕哉,横浜DeNAベイスターズ,"2020,2021,2022,2023,2024",
not_found,,堀岡 隼人,横浜DeNAベイスターズ,2024,
not_found,,堀岡 隼人,読売ジャイアンツ,"2019,2020,2023",
not_found,,堀 瑞輝,北海道日本ハムファイターズ,"2017,2018,2019,2020,2021,2022,2023,2024",
not_found,,堀田 賢慎,読売ジャイアンツ,"2022,2023,2024",
not_found,,塩見 貴洋,東北楽天ゴールデンイーグルス,"2011,2012,2014,2015,2016,2017,2018,2019,2020,2021,2023",
not_found,,塹江 敦哉,広島東洋カープ,"2016,2019,2020,2021,2022,2023,2024",
not_found,,増井 浩俊,オリックス・バファローズ,"2018,2019,2020,2021,2022",
not_found,,増井 浩俊,北海道日本ハムファイターズ,"2010,2011,2012,2013,2014,2015,2016,2017",
not_found,,増渕 竜義,東京ヤクルトスワローズ,"2007,2008,2009,2010,2011,2012,2013",
not_found,,増田 大輝,読売ジャイアンツ,2020,
not_found,,増田 達至,埼玉西武ライオンズ,"2013,2014,2015,2016,2017,2018,2019,2020,2021,2022,2023,2024",
not_found,,多和田 真三郎,埼玉西武ライオンズ,"2016,2017,2018,2019",
not_found,,多田野 数人,北海道日本ハムファイターズ,"2008,2009,2010,2011,2012,2013,2014",
not_found,,大下 佑馬,東京ヤクルトスワローズ,"2018,2019,2020,2021,2022",
not_found,,大勢,読売ジャイアンツ,"2022,2023,2024",
not_found,,大原 慎司,横浜DeNAベイスターズ,"2012,2013,2014,2015,2016",
not_found,,大場 翔太,福岡ソフトバンクホークス,"2008,2009,2010,2011,2012,2013,2014",
not_found,,大場 達也,東京ヤクルトスワローズ,2013,
not_found,,大塚 尚仁,東北楽天ゴールデンイーグルス,"2015,2016",
not_found,,大塚 豊,北海道日本ハムファイターズ,"2011,2013,2014,2015",
not_found,,大山 凌,福岡ソフトバンクホークス,2024,
not_found,,大山　悠輔,阪神タイガース,2025,
not_found,,大山 暁史,オリックス・バファローズ,2018,
not_found,,大島 崇行,広島東洋カープ,"2005,2006,2007,2008,2009,2010,2011,2012",
not_found,,大嶺 祐太,千葉ロッテマリーンズ,"2007,2008,2009,2010,2011,2013,2014,2015,2016,2017,2020,2021",
not_found,,大曲 錬,埼玉西武ライオンズ,"2021,2022,2023",
not_found,,大江 竜聖,読売ジャイアンツ,"2019,2020,2021,2022,2023,2024",
not_found,,大沼 幸二,埼玉西武ライオンズ,"2005,2006,2007,2008,2009,2010",
not_found,,大津 亮介,福岡ソフトバンクホークス,"2023,2024",
not_found,,大瀬良 大地,広島東洋カープ,"2014,2015,2016,2017,2018,2019,2020,2021,2022,2023,2024",
not_found,,大田 阿斗里,横浜DeNAベイスターズ,"2013,2014",
not_found,,大石 達也,埼玉西武ライオンズ,"2012,2013,2015,2016,2017,2018,2019",
not_found,,大竹 寛,広島東洋カープ,"2005,2006,2007,2008,2009,2010,2011,2012,2013",
not_found,,大竹 寛,読売ジャイアンツ,"2014,2015,2016,2017,2018,2019,2020,2021",
not_found,,大竹 耕太郎,福岡ソフトバンクホークス,"2018,2019,2020,2021,2022",
not_found,,大竹 耕太郎,阪神タイガース,"2023,2024",
not_found,,大西 広樹,東京ヤクルトスワローズ,"2020,2021,2022,2023,2024",
not_found,,大谷 智久,千葉ロッテマリーンズ,"2010,2011,2012,2013,2014,2015,2016,2017,2018,2019",
not_found,,大谷 翔平,北海道日本ハムファイターズ,"2013,2014,2015,2016,2017",
not_found,,大谷 輝龍,千葉ロッテマリーンズ,2024,
not_found,,大貫 晋一,横浜DeNAベイスターズ,"2019,2020,2021,2022,2023,2024",
not_found,,大道 温貴,広島東洋カープ,"2021,2022,2023,2024",
not_found,,大野 雄大,中日ドラゴンズ,"2011,2012,2013,2014,2015,2016,2017,2018,2019,2020,2021,2022,2023,2024",
not_found,,大関 友久,福岡ソフトバンクホークス,"2021,2022,2023,2024",
not_found,,大隣 憲司,千葉ロッテマリーンズ,2018,
not_found,,大隣 憲司,福岡ソフトバンクホークス,"2007,2008,2009,2010,2011,2012,2013,2014,2015,2016,2017",
not_found,,天野 浩一,広島東洋カープ,2005,
not_found,,太田　椋,オリックス・バファローズ,2025,
not_found,,太陽,阪神タイガース,"2005,2006,2007,2008",
not_found,,奥川 恭伸,東京ヤクルトスワローズ,"2020,2021,2022,2024",
not_found,,奥村 政稔,福岡ソフトバンクホークス,"2019,2020,2022",
not_found,,姜 建銘,読売ジャイアンツ,"2006,2007",
not_found,,宇田川 優希,オリックス・バファローズ,"2022,2023,2024",
not_found,,宇野真仁朗,福岡ソフトバンクホークス,2025,
not_found,,宇野 雅美,東京ヤクルトスワローズ,2005,
not_found,,守屋 功輝,阪神タイガース,"2016,2017,2018,2019,2020,2021",
not_found,,安徳駿,福岡ソフトバンクホークス,2025,
not_found,,安樂 智大,東北楽天ゴールデンイーグルス,"2015,2016,2017,2018,2019,2020,2021,2022,2023",
not_found,,安藤 優也,阪神タイガース,"2005,2006,2007,2008,2009,2010,2011,2012,2013,2014,2015,2016,2017",
not_found,,安部 建輝,横浜DeNAベイスターズ,"2013,2014,2015",
not_found,,宋 家豪,東北楽天ゴールデンイーグルス,"2017,2018,2019,2020,2021,2022,2023,2024",
not_found,,宗山　塁,東北楽天ゴールデンイーグルス,2025,
not_found,,宮内 春輝,北海道日本ハムファイターズ,2023,
not_found,,宮原駿介,読売ジャイアンツ,2025,
not_found,,宮台 康平,北海道日本ハムファイターズ,2018,
not_found,,宮台 康平,東京ヤクルトスワローズ,2022,
not_found,,宮國 椋丞,横浜DeNAベイスターズ,"2021,2022,2023",
not_found,,宮國 椋丞,読売ジャイアンツ,"2012,2013,2014,2015,2016,2017,2018,2019,2020",
not_found,,宮城 大弥,オリックス・バファローズ,"2020,2021,2022,2023,2024",
not_found,,宮城 滝太,横浜DeNAベイスターズ,"2023,2024",
not_found,,宮崎 充登,広島東洋カープ,"2007,2008",
not_found,,宮崎竜成,千葉ロッテマリーンズ,2025,
not_found,,宮川 哲,埼玉西武ライオンズ,"2020,2021,2022,2023",
not_found,,宮川 哲,東京ヤクルトスワローズ,2024,
not_found,,宮川 将,東北楽天ゴールデンイーグルス,"2013,2014,2016",
not_found,,宮本 賢,北海道日本ハムファイターズ,"2008,2009,2010",
not_found,,宮森 智志,東北楽天ゴールデンイーグルス,"2022,2023,2024",
not_found,,宮田 和希,埼玉西武ライオンズ,"2009,2010,2012,2014,2015",
not_found,,宮西 尚生,北海道日本ハムファイターズ,"2008,2009,2010,2011,2012,2013,2014,2015,2016,2017,2018,2019,2020,2021,2022,2023,2024",
not_found,,宮越 徹,埼玉西武ライオンズ,"2005,2006,2007",
not_found,,宮﨑 敦次,千葉ロッテマリーンズ,"2016,2017",
not_found,,富山 凌雅,オリックス・バファローズ,"2019,2020,2021,2022,2024",
not_found,,富田 蓮,阪神タイガース,"2023,2024",
not_found,,寺原 隼人,東京ヤクルトスワローズ,2019,
not_found,,寺原 隼人,福岡ソフトバンクホークス,"2005,2006,2013,2014,2015,2016,2017,2018",
not_found,,寺地　隆成,千葉ロッテマリーンズ,2025,
not_found,,寺岡 寛治,東北楽天ゴールデンイーグルス,"2019,2020",
not_found,,寺島 成輝,東京ヤクルトスワローズ,"2017,2018,2019,2020,2021",
not_found,,寺田 哲也,東京ヤクルトスワローズ,"2015,2016",
not_found,,寺西成騎,オリックス・バファローズ,2025,
not_found,,小倉 恒,東北楽天ゴールデンイーグルス,"2005,2006,2007,2008",
not_found,,小園 健太,横浜DeNAベイスターズ,2024,
not_found,,小園　海斗,広島東洋カープ,2025,
not_found,,小孫 竜二,東北楽天ゴールデンイーグルス,"2023,2024",
not_found,,小宮山 悟,千葉ロッテマリーンズ,"2005,2006,2007,2008,2009",
not_found,,小山 伸一郎,東北楽天ゴールデンイーグルス,"2005,2006,2007,2008,2009,2010,2011,2012,2013,2014,2015",
not_found,,小山田 保裕,広島東洋カープ,"2005,2006,2007",
not_found,,小山 雄輝,東北楽天ゴールデンイーグルス,2017,
not_found,,小山 雄輝,読売ジャイアンツ,"2011,2012,2013,2014,2015,2016",
not_found,,小峯 新陸,東北楽天ゴールデンイーグルス,2022,
not_found,,小島 和哉,千葉ロッテマリーンズ,"2019,2020,2021,2022,2023,2024",
not_found,,小島 心二郎,広島東洋カープ,"2007,2010",
not_found,,小島 紳二郎,広島東洋カープ,"2005,2006",
not_found,,小嶋 達也,阪神タイガース,"2007,2009,2010,2011,2012,2013,2014,2015",
not_found,,小川 一平,阪神タイガース,"2020,2021,2022",
not_found,,小川 泰弘,東京ヤクルトスワローズ,"2013,2014,2015,2016,2017,2018,2019,2020,2021,2022,2023,2024",
not_found,,小川 龍也,中日ドラゴンズ,"2011,2012,2013,2014,2015,2016,2017",
not_found,,小川 龍也,埼玉西武ライオンズ,"2018,2019,2020,2021",
not_found,,小木田 敦也,オリックス・バファローズ,"2022,2023,2024",
not_found,,小杉 陽太,横浜DeNAベイスターズ,"2012,2013,2014,2015,2016",
not_found,,小松 剛,広島東洋カープ,"2009,2010",
not_found,,小林 太志,横浜DeNAベイスターズ,"2012,2013,2014",
not_found,,小林宏,千葉ロッテマリーンズ,2010,
not_found,,小林宏,埼玉西武ライオンズ,2014,
not_found,,小林 宏,東北楽天ゴールデンイーグルス,2005,
not_found,,小林宏,阪神タイガース,2011,
not_found,,小林 宏之,千葉ロッテマリーンズ,"2005,2006,2007,2008,2009",
not_found,,小林 寛,横浜DeNAベイスターズ,"2013,2015,2016,2017",
not_found,,小林 幹英,広島東洋カープ,2005,
not_found,,小林 慶祐,オリックス・バファローズ,"2018,2019,2020",
not_found,,小林 慶祐,阪神タイガース,"2020,2021,2022,2023",
not_found,,小林 敦,千葉ロッテマリーンズ,2011,
not_found,,小林 樹斗,広島東洋カープ,"2021,2022",
not_found,,小林正,中日ドラゴンズ,2012,
not_found,,小林 正人,中日ドラゴンズ,"2005,2006,2007,2008,2009,2010,2011,2013,2014",
not_found,,小林 雅英,千葉ロッテマリーンズ,"2005,2006,2007",
not_found,,小林 雅英,読売ジャイアンツ,2010,
not_found,,小椋 真介,福岡ソフトバンクホークス,"2007,2008,2009,2010",
not_found,,小池 秀郎,東北楽天ゴールデンイーグルス,2005,
not_found,,小沼 健太,千葉ロッテマリーンズ,"2022,2023",
not_found,,小澤 怜史,東京ヤクルトスワローズ,"2022,2023,2024",
not_found,,小澤 怜史,福岡ソフトバンクホークス,2017,
not_found,,小熊 凌祐,中日ドラゴンズ,"2011,2012,2013,2014,2015,2016,2017,2018,2019",
not_found,,小石 博孝,埼玉西武ライオンズ,"2012,2013,2014,2015,2016,2017,2018,2019",
not_found,,小笠原 孝,中日ドラゴンズ,"2005,2006,2007,2008,2009,2010,2011,2012",
not_found,,小笠原 慎之介,中日ドラゴンズ,"2016,2017,2018,2019,2020,2021,2022,2023,2024",
not_found,,小野 剛,埼玉西武ライオンズ,2006,
not_found,,小野寺 力,埼玉西武ライオンズ,"2005,2006,2007,2008,2009,2010",
not_found,,小野寺 力,東京ヤクルトスワローズ,"2011,2012",
not_found,,小野 晋吾,千葉ロッテマリーンズ,"2005,2006,2007,2008,2009,2010,2011,2012",
not_found,,小野 泰己,オリックス・バファローズ,2023,
not_found,,小野 泰己,阪神タイガース,"2017,2018,2019,2021,2022",
not_found,,小野 淳平,広島東洋カープ,"2013,2014,2016",
not_found,,小野 淳平,読売ジャイアンツ,"2011,2012",
not_found,,小野 郁,千葉ロッテマリーンズ,"2020,2021,2022,2023,2024",
not_found,,小野 郁,東北楽天ゴールデンイーグルス,"2015,2016,2017,2018,2019",
not_found,,尚成,横浜DeNAベイスターズ,2014,
not_found,,尾仲 祐哉,東京ヤクルトスワローズ,"2023,2024",
not_found,,尾仲 祐哉,横浜DeNAベイスターズ,2017,
not_found,,尾仲 祐哉,阪神タイガース,"2018,2019,2020,2022",
not_found,,尾形 崇斗,福岡ソフトバンクホークス,"2020,2021,2022,2023,2024",
not_found,,屋宜 照悟,北海道日本ハムファイターズ,"2013,2015",
not_found,,屋宜 照悟,東京ヤクルトスワローズ,"2017,2019",
not_found,,山下 舜平大,オリックス・バファローズ,"2023,2024",
not_found,,山下 輝,東京ヤクルトスワローズ,2022,
not_found,,山中 浩史,東京ヤクルトスワローズ,"2014,2015,2016,2017,2018,2019,2020",
not_found,,山中 浩史,福岡ソフトバンクホークス,"2013,2014",
not_found,,山中稜真,オリックス・バファローズ,2025,
not_found,,山井 大介,中日ドラゴンズ,"2005,2007,2008,2009,2010,2011,2012,2013,2014,2015,2016,2017,2018,2019,2020,2021",
not_found,,山内 壮馬,中日ドラゴンズ,"2008,2009,2010,2011,2012,2013,2014",
not_found,,山内 壮馬,東北楽天ゴールデンイーグルス,2016,
not_found,,山北 茂利,千葉ロッテマリーンズ,"2005,2006",
not_found,,山口 俊,横浜DeNAベイスターズ,"2012,2013,2014,2015,2016",
not_found,,山口 俊,読売ジャイアンツ,"2017,2018,2019,2021,2022",
not_found,,山口廉王,オリックス・バファローズ,2025,
not_found,,山口 翔,広島東洋カープ,2019,
not_found,,山口 鉄也,読売ジャイアンツ,"2007,2008,2009,2010,2011,2012,2013,2014,2015,2016,2017",
not_found,,山城航太郎,北海道日本ハムファイターズ,2025,
not_found,,山室 公志郎,千葉ロッテマリーンズ,2010,
not_found,,山岡 泰輔,オリックス・バファローズ,"2018,2019,2020,2021,2022,2023,2024",
not_found,,山岸 穣,埼玉西武ライオンズ,"2005,2006,2007,2008,2009",
not_found,,山岸 穣,東京ヤクルトスワローズ,"2010,2011",
not_found,,山崎 健,千葉ロッテマリーンズ,2005,
not_found,,山崎 康晃,横浜DeNAベイスターズ,2015,
not_found,,山崎 敏,埼玉西武ライオンズ,"2005,2007,2008",
not_found,,山川　穂高,福岡ソフトバンクホークス,2025,
not_found,,山本 一徳,北海道日本ハムファイターズ,"2007,2009,2010",
not_found,,山本 一徳,千葉ロッテマリーンズ,2011,
not_found,,山本 一輝,読売ジャイアンツ,2022,
not_found,,山本 哲哉,東京ヤクルトスワローズ,"2011,2012,2013,2014,2015,2017,2018",
not_found,,山本 大貴,千葉ロッテマリーンズ,"2018,2020",
not_found,,山本 大貴,東京ヤクルトスワローズ,"2022,2023,2024",
not_found,,山本 徹矢,千葉ロッテマリーンズ,2011,
not_found,,山本 拓実,中日ドラゴンズ,"2018,2019,2020,2021,2022,2023",
not_found,,山本 拓実,北海道日本ハムファイターズ,"2023,2024",
not_found,,山本 斉,東京ヤクルトスワローズ,"2009,2010,2011",
not_found,,山本昌,中日ドラゴンズ,"2005,2006,2007,2008,2009,2010,2012,2013,2014,2015",
not_found,,山本 樹,東京ヤクルトスワローズ,2005,
not_found,,山本 歩,埼玉西武ライオンズ,2007,
not_found,,山本 淳,埼玉西武ライオンズ,"2009,2010,2012,2013",
not_found,,山本 由伸,オリックス・バファローズ,"2018,2019,2020,2021,2022,2023",
not_found,,山本 省吾,横浜DeNAベイスターズ,2012,
not_found,,山本 省吾,福岡ソフトバンクホークス,2013,
not_found,,山本 翔也,阪神タイガース,"2014,2015,2016,2017,2018",
not_found,,山本 雅士,中日ドラゴンズ,2015,
not_found,,山村 宏樹,東北楽天ゴールデンイーグルス,"2005,2006,2007,2009,2010,2011",
not_found,,山村 路直,福岡ソフトバンクホークス,"2005,2006,2007",
not_found,,山田 修義,オリックス・バファローズ,"2018,2019,2020,2021,2022,2023,2024",
not_found,,山田 大樹,東京ヤクルトスワローズ,"2018,2019,2020",
not_found,,山田 大樹,福岡ソフトバンクホークス,"2010,2011,2012,2013,2014,2016,2017",
not_found,,山田 秋親,福岡ソフトバンクホークス,"2005,2007,2008",
not_found,,山県秀,北海道日本ハムファイターズ,2025,
not_found,,山部 太,東京ヤクルトスワローズ,"2005,2006",
not_found,,山野 太一,東京ヤクルトスワローズ,"2021,2023,2024",
not_found,,山﨑 伊織,読売ジャイアンツ,"2022,2023,2024",
not_found,,山﨑 康晃,横浜DeNAベイスターズ,"2016,2017,2018,2019,2020,2021,2022,2023,2024",
not_found,,山﨑 福也,オリックス・バファローズ,"2018,2019,2020,2021,2022,2023",
not_found,,山﨑 福也,北海道日本ハムファイターズ,2024,
not_found,,山﨑 颯一郎,オリックス・バファローズ,"2021,2022,2023,2024",
not_found,,岡島 秀樹,北海道日本ハムファイターズ,2006,
not_found,,岡島 秀樹,横浜DeNAベイスターズ,2015,
not_found,,岡島 秀樹,福岡ソフトバンクホークス,"2012,2014",
not_found,,岡島 秀樹,読売ジャイアンツ,2005,
not_found,,岡本 健,福岡ソフトバンクホークス,"2016,2017,2018",
not_found,,岡本 劼能,福岡ソフトバンクホークス,2005,
not_found,,岡本 慎也,埼玉西武ライオンズ,2009,
not_found,,岡本 洋介,埼玉西武ライオンズ,"2010,2012,2013,2014,2015,2016,2017",
not_found,,岡本 洋介,阪神タイガース,"2018,2019",
not_found,,岡本 直也,東京ヤクルトスワローズ,2011,
not_found,,岡本 真也,中日ドラゴンズ,"2005,2006,2007",
not_found,,岡本 真也,埼玉西武ライオンズ,2008,
not_found,,岡本 秀寛,東京ヤクルトスワローズ,"2008,2009",
not_found,,岡本 篤志,埼玉西武ライオンズ,"2005,2006,2007,2008,2010,2011,2012,2013,2014,2015,2016",
not_found,,岡本駿,広島東洋カープ,2025,
not_found,,岡林　勇希,中日ドラゴンズ,2025,
not_found,,岡田 俊哉,中日ドラゴンズ,"2013,2014,2015,2016,2017,2018,2019,2020,2021,2022",
not_found,,岡田 明丈,広島東洋カープ,"2016,2017,2018,2019",
not_found,,岡留 英貴,阪神タイガース,"2023,2024",
not_found,,岡野 祐一郎,中日ドラゴンズ,"2020,2021,2022,2023",
not_found,,岩下 修壱,北海道日本ハムファイターズ,2006,
not_found,,岩下 大輝,千葉ロッテマリーンズ,"2018,2019,2020,2021,2022,2023,2024",
not_found,,岩井 俊介,福岡ソフトバンクホークス,2024,
not_found,,岩尾 利弘,埼玉西武ライオンズ,"2010,2013,2014,2015,2016",
not_found,,岩崎 優,阪神タイガース,"2014,2015,2016,2017,2018,2019,2020,2021,2022,2023,2024",
not_found,,岩崎 哲也,埼玉西武ライオンズ,"2007,2008,2009,2010,2011",
not_found,,岩崎峻典,福岡ソフトバンクホークス,2025,
not_found,,岩嵜 翔,中日ドラゴンズ,"2022,2024",
not_found,,岩嵜 翔,福岡ソフトバンクホークス,"2008,2009,2010,2011,2012,2013,2014,2015,2016,2017,2018,2019,2020,2021",
not_found,,岩本 勉,北海道日本ハムファイターズ,2005,
not_found,,岩本 輝,オリックス・バファローズ,"2018,2019",
not_found,,岩本 輝,阪神タイガース,"2012,2013,2014,2015",
not_found,,岩橋 慶侍,東京ヤクルトスワローズ,"2014,2015,2016,2017",
not_found,,岩瀬 仁紀,中日ドラゴンズ,"2005,2006,2007,2008,2009,2010,2011,2012,2013,2014,2016,2017,2018",
not_found,,岩田 慎司,中日ドラゴンズ,"2010,2011,2012,2013,2014,2015,2016",
not_found,,岩田 稔,阪神タイガース,"2006,2007,2008,2009,2011,2012,2013,2014,2015,2016,2017,2018,2019,2020,2021",
not_found,,岩見 優輝,広島東洋カープ,"2011,2013",
not_found,,岩貞 祐太,阪神タイガース,"2014,2015,2016,2017,2018,2019,2020,2021,2022,2023,2024",
not_found,,岩隈 久志,東北楽天ゴールデンイーグルス,"2005,2006,2007,2008,2009,2010,2011",
not_found,,岸 孝之,埼玉西武ライオンズ,"2007,2008,2009,2010,2011,2012,2013,2014,2015,2016",
not_found,,岸 孝之,東北楽天ゴールデンイーグルス,"2017,2018,2019,2020,2021,2022,2023,2024",
not_found,,岸本 秀樹,広島東洋カープ,"2008,2010,2011,2012",
not_found,,岸田 護,オリックス・バファローズ,"2018,2019",
not_found,,島内 颯太郎,広島東洋カープ,"2019,2020,2021,2022,2023,2024",
not_found,,島本 浩也,阪神タイガース,"2015,2016,2018,2019,2022,2023,2024",
not_found,,島袋 洋奨,福岡ソフトバンクホークス,2015,
not_found,,川上 憲伸,中日ドラゴンズ,"2005,2006,2007,2008,2012,2013,2014",
not_found,,川井 貴志,千葉ロッテマリーンズ,2005,
not_found,,川井 貴志,東北楽天ゴールデンイーグルス,"2006,2007,2009,2010,2011,2012,2013,2014,2015,2016",
not_found,,川井 進,中日ドラゴンズ,"2005,2008",
not_found,,川井 雄太,中日ドラゴンズ,"2009,2010,2011",
not_found,,川原 弘之,福岡ソフトバンクホークス,"2012,2013,2019,2020,2021",
not_found,,川原 陸,阪神タイガース,2024,
not_found,,川尻 哲郎,東北楽天ゴールデンイーグルス,2005,
not_found,,川岸 強,中日ドラゴンズ,2005,
not_found,,川岸 強,東北楽天ゴールデンイーグルス,"2007,2008,2009,2010,2011",
not_found,,川島 亮,東京ヤクルトスワローズ,"2005,2006,2007,2008,2009,2010,2011",
not_found,,川崎 貴弘,中日ドラゴンズ,2013,
not_found,,川崎 雄介,千葉ロッテマリーンズ,"2006,2007,2008,2009",
not_found,,川崎 雄介,埼玉西武ライオンズ,2013,
not_found,,川崎 雄介,阪神タイガース,"2010,2011,2013",
not_found,,川瀬 堅斗,オリックス・バファローズ,2024,
not_found,,川越 英隆,千葉ロッテマリーンズ,"2010,2011",
not_found,,工藤 公康,埼玉西武ライオンズ,2010,
not_found,,工藤 公康,読売ジャイアンツ,"2005,2006",
not_found,,左澤 優,オリックス・バファローズ,"2019,2020",
not_found,,巽 真悟,福岡ソフトバンクホークス,"2009,2010,2012,2013,2014,2015",
not_found,,市川 悠太,東京ヤクルトスワローズ,"2022,2023",
not_found,,帆足 和幸,埼玉西武ライオンズ,"2005,2006,2007,2008,2009,2010,2011",
not_found,,帆足 和幸,福岡ソフトバンクホークス,"2012,2013,2014,2015",
not_found,,常廣 羽也斗,広島東洋カープ,2024,
not_found,,平井 克典,埼玉西武ライオンズ,"2017,2018,2019,2020,2021,2022,2023,2024",
not_found,,平井 正史,中日ドラゴンズ,"2005,2006,2007,2008,2009,2010,2011,2012",
not_found,,平井 諒,東京ヤクルトスワローズ,"2012,2013,2016,2017,2019",
not_found,,平内 龍太,読売ジャイアンツ,"2021,2022,2023,2024",
not_found,,平田 真吾,横浜DeNAベイスターズ,"2014,2015,2016,2017,2018,2019,2020,2021,2022",
not_found,,平良 拳太郎,横浜DeNAベイスターズ,"2017,2018,2019,2020,2021,2023,2024",
not_found,,平良 拳太郎,読売ジャイアンツ,2016,
not_found,,平良 海馬,埼玉西武ライオンズ,"2019,2020,2021,2022,2023,2024",
not_found,,平野 佳寿,オリックス・バファローズ,"2021,2022,2023,2024",
not_found,,平野 将光,埼玉西武ライオンズ,"2008,2009,2010,2011,2012,2014",
not_found,,広池康志郎,千葉ロッテマリーンズ,2025,
not_found,,広池 浩司,広島東洋カープ,"2005,2006,2007,2008,2010",
not_found,,庄子雄大,福岡ソフトバンクホークス,2025,
not_found,,床田 寛樹,広島東洋カープ,"2017,2019,2020,2021,2022,2023,2024",
not_found,,廖 任磊,埼玉西武ライオンズ,2019,
not_found,,廣岡　大志,オリックス・バファローズ,2025,
not_found,,廣畑 敦也,千葉ロッテマリーンズ,"2022,2023,2024",
not_found,,建山 義紀,北海道日本ハムファイターズ,"2005,2006,2007,2008,2009,2010",
not_found,,建山 義紀,阪神タイガース,2014,
not_found,,弓削 隼人,東北楽天ゴールデンイーグルス,"2019,2020,2021,2022,2023,2024",
not_found,,弦本 悠希,広島東洋カープ,2011,
not_found,,張 奕,オリックス・バファローズ,"2019,2020,2021,2022",
not_found,,張 奕,埼玉西武ライオンズ,2023,
not_found,,後藤 光貴,読売ジャイアンツ,2005,
not_found,,徳元 敏,東北楽天ゴールデンイーグルス,"2005,2006,2007",
not_found,,徳山一翔,東北楽天ゴールデンイーグルス,2025,
not_found,,徳山 壮磨,横浜DeNAベイスターズ,2024,
not_found,,徳山 武陽,東京ヤクルトスワローズ,"2013,2014,2015,2016",
not_found,,愛敬 尚史,東北楽天ゴールデンイーグルス,"2005,2006",
not_found,,成瀬 善久,オリックス・バファローズ,2019,
not_found,,成瀬 善久,千葉ロッテマリーンズ,"2006,2007,2008,2009,2010,2011,2012,2013,2014",
not_found,,成瀬 善久,東京ヤクルトスワローズ,"2015,2016,2017",
not_found,,成田 翔,千葉ロッテマリーンズ,"2017,2018,2020,2021",
not_found,,成田 翔,東京ヤクルトスワローズ,2023,
not_found,,戸叶 尚,東北楽天ゴールデンイーグルス,2005,
not_found,,戸村 健次,東北楽天ゴールデンイーグルス,"2010,2011,2012,2013,2014,2015,2016,2017,2018,2019",
not_found,,戸根 千明,広島東洋カープ,2023,
not_found,,戸根 千明,読売ジャイアンツ,"2015,2016,2017,2019,2021,2022",
not_found,,戸田 懐生,読売ジャイアンツ,"2021,2022",
not_found,,戸田 隆矢,広島東洋カープ,"2012,2013,2014,2015,2016,2017,2018",
not_found,,戸部 浩,東北楽天ゴールデンイーグルス,2007,
not_found,,戸郷 翔征,読売ジャイアンツ,"2019,2020,2021,2022,2023,2024",
not_found,,手嶌 智,千葉ロッテマリーンズ,2005,
not_found,,才木 浩人,阪神タイガース,"2017,2018,2019,2022,2023,2024",
not_found,,才木 海翔,オリックス・バファローズ,2024,
not_found,,押本 健彦,北海道日本ハムファイターズ,"2005,2006,2007",
not_found,,押本 健彦,東京ヤクルトスワローズ,"2008,2009,2010,2011,2012,2013,2014",
not_found,,攝津 正,福岡ソフトバンクホークス,"2009,2010,2011,2012,2013,2014,2015,2016,2017,2018",
not_found,,斉藤 和巳,福岡ソフトバンクホークス,"2005,2006,2007",
not_found,,斎藤 佑樹,北海道日本ハムファイターズ,"2011,2012,2013,2014,2015,2016,2017,2018,2019,2021",
not_found,,斎藤大翔,埼玉西武ライオンズ,2025,
not_found,,斎藤 隆,東北楽天ゴールデンイーグルス,"2013,2014,2015",
not_found,,新垣 勇人,北海道日本ハムファイターズ,"2013,2014,2015,2016,2017,2018",
not_found,,新垣 渚,東京ヤクルトスワローズ,"2014,2015,2016",
not_found,,新垣 渚,福岡ソフトバンクホークス,"2005,2006,2007,2008,2009,2012,2013",
not_found,,日當 直喜,東北楽天ゴールデンイーグルス,2024,
not_found,,日高 亮,東京ヤクルトスワローズ,"2011,2012,2013,2014",
not_found,,日高 亮,福岡ソフトバンクホークス,2014,
not_found,,早川 隆久,東北楽天ゴールデンイーグルス,"2021,2022,2023,2024",
not_found,,星 知弥,東京ヤクルトスワローズ,"2017,2018,2019,2020,2021,2022,2023,2024",
not_found,,星野 八千穂,北海道日本ハムファイターズ,2008,
not_found,,星野 大地,福岡ソフトバンクホークス,"2013,2014",
not_found,,星野 智樹,埼玉西武ライオンズ,"2005,2006,2007,2008,2009,2010,2011,2012",
not_found,,星野 智樹,東北楽天ゴールデンイーグルス,2013,
not_found,,星野 真澄,読売ジャイアンツ,"2010,2011,2012",
not_found,,星野 順治,福岡ソフトバンクホークス,"2005,2006,2007,2008",
not_found,,曽谷 龍平,オリックス・バファローズ,"2023,2024",
not_found,,有原 航平,北海道日本ハムファイターズ,"2015,2016,2017,2018,2019,2020",
not_found,,有原 航平,福岡ソフトバンクホークス,"2023,2024",
not_found,,有吉 優樹,千葉ロッテマリーンズ,"2017,2018,2019,2020",
not_found,,有吉 優樹,横浜DeNAベイスターズ,"2021,2022",
not_found,,有銘 兼久,東北楽天ゴールデンイーグルス,"2005,2006,2007,2008,2009,2010,2011,2012",
not_found,,有馬恵叶,中日ドラゴンズ,2025,
not_found,,有馬 翔,福岡ソフトバンクホークス,2013,
not_found,,服部 泰卓,千葉ロッテマリーンズ,"2010,2011,2013,2014",
not_found,,望月 大希,北海道日本ハムファイターズ,"2020,2021,2022",
not_found,,望月 惇志,阪神タイガース,"2016,2018,2019,2020",
not_found,,朝井 秀樹,東北楽天ゴールデンイーグルス,"2005,2006,2007,2008,2009,2010",
not_found,,朝井 秀樹,読売ジャイアンツ,2010,
not_found,,朝倉 健太,中日ドラゴンズ,"2005,2006,2007,2008,2009,2010,2011,2012,2013,2014,2015",
not_found,,木下 達生,中日ドラゴンズ,2011,
not_found,,木下 達生,北海道日本ハムファイターズ,"2006,2007",
not_found,,木下里都,阪神タイガース,2025,
not_found,,木下 雄介,中日ドラゴンズ,"2018,2019,2020",
not_found,,木佐貫 洋,北海道日本ハムファイターズ,"2013,2014,2015",
not_found,,木佐貫 洋,読売ジャイアンツ,"2005,2006,2007,2008,2009",
not_found,,木村 優太,千葉ロッテマリーンズ,"2014,2015,2016",
not_found,,木村 光,福岡ソフトバンクホークス,2024,
not_found,,木村 文和,埼玉西武ライオンズ,"2007,2009",
not_found,,木村 文紀,埼玉西武ライオンズ,"2011,2012",
not_found,,木村 正太,読売ジャイアンツ,2009,
not_found,,木村 雄太,千葉ロッテマリーンズ,"2011,2012",
not_found,,木澤 尚文,東京ヤクルトスワローズ,"2022,2023,2024",
not_found,,木田 優夫,北海道日本ハムファイターズ,"2010,2011,2012",
not_found,,木田 優夫,東京ヤクルトスワローズ,"2006,2007,2008,2009",
not_found,,木谷 寿巳,東北楽天ゴールデンイーグルス,"2008,2009,2010",
not_found,,木谷 良平,東京ヤクルトスワローズ,"2013,2014,2015,2016",
not_found,,末包　昇大,広島東洋カープ,2025,
not_found,,本前 郁也,千葉ロッテマリーンズ,"2021,2022,2023",
not_found,,本田 仁海,オリックス・バファローズ,"2020,2021,2022,2023,2024",
not_found,,本田 圭佑,埼玉西武ライオンズ,"2016,2017,2018,2019,2020,2021,2022,2023,2024",
not_found,,本間 忠,東京ヤクルトスワローズ,2005,
not_found,,杉内 俊哉,福岡ソフトバンクホークス,"2005,2006,2007,2008,2009,2010,2011",
not_found,,杉内 俊哉,読売ジャイアンツ,"2012,2013,2014,2015",
not_found,,杉山 一樹,福岡ソフトバンクホークス,"2019,2020,2021,2022,2024",
not_found,,杉山 晃基,東京ヤクルトスワローズ,"2021,2022",
not_found,,杉山 直久,阪神タイガース,"2005,2006,2007,2008,2009,2010",
not_found,,杉山 遙希,埼玉西武ライオンズ,2024,
not_found,,杉本 友,東京ヤクルトスワローズ,2005,
not_found,,杉本　裕太郎,オリックス・バファローズ,2025,
not_found,,杉浦 稔大,北海道日本ハムファイターズ,"2018,2019,2020,2021,2022,2023,2024",
not_found,,杉浦 稔大,東京ヤクルトスワローズ,"2014,2015,2016,2017",
not_found,,李 恵踐,東京ヤクルトスワローズ,"2009,2010",
not_found,,村上泰斗,福岡ソフトバンクホークス,2025,
not_found,,村上 頌樹,阪神タイガース,"2021,2023,2024",
not_found,,村中 恭兵,東京ヤクルトスワローズ,"2006,2008,2009,2010,2011,2012,2013,2014,2016,2017,2018",
not_found,,村林　一輝,東北楽天ゴールデンイーグルス,2025,
not_found,,村田 賢一,福岡ソフトバンクホークス,2024,
not_found,,村田 透,北海道日本ハムファイターズ,"2017,2018,2019,2020,2021",
not_found,,村西 良太,オリックス・バファローズ,"2020,2021,2022,2023,2024",
not_found,,東 克樹,横浜DeNAベイスターズ,"2018,2019,2021,2022,2023,2024",
not_found,,東 和政,埼玉西武ライオンズ,"2005,2006",
not_found,,東妻 勇輔,千葉ロッテマリーンズ,"2019,2020,2021,2022,2023,2024",
not_found,,東山玲士,オリックス・バファローズ,2025,
not_found,,東明 大貴,オリックス・バファローズ,"2018,2019,2020",
not_found,,東 晃平,オリックス・バファローズ,"2022,2023,2024",
not_found,,東條 大樹,千葉ロッテマリーンズ,"2016,2017,2018,2019,2020,2021,2022,2023",
not_found,,東浜 巨,福岡ソフトバンクホークス,"2013,2014,2015,2016,2017,2018,2019,2020,2021,2022,2023,2024",
not_found,,東野 峻,横浜DeNAベイスターズ,2015,
not_found,,東野 峻,読売ジャイアンツ,"2007,2008,2009,2010,2011,2012",
not_found,,松下 建太,埼玉西武ライオンズ,2013,
not_found,,松井 光介,東京ヤクルトスワローズ,"2006,2007,2008,2009,2010,2011,2012,2013",
not_found,,松井 友飛,東北楽天ゴールデンイーグルス,"2022,2023,2024",
not_found,,松井 裕樹,東北楽天ゴールデンイーグルス,"2014,2015,2016,2017,2018,2019,2020,2021,2022,2023",
not_found,,松井 颯,読売ジャイアンツ,"2023,2024",
not_found,,松坂 大輔,中日ドラゴンズ,"2018,2019",
not_found,,松坂 大輔,埼玉西武ライオンズ,"2005,2006,2021",
not_found,,松坂 大輔,福岡ソフトバンクホークス,2016,
not_found,,松家 卓弘,北海道日本ハムファイターズ,2010,
not_found,,松山 晋也,中日ドラゴンズ,"2023,2024",
not_found,,松岡 健一,東京ヤクルトスワローズ,"2005,2006,2007,2008,2009,2010,2011,2012,2013,2014,2015,2016,2017,2018",
not_found,,松岡 洸希,埼玉西武ライオンズ,"2020,2021",
not_found,,松崎 伸吾,東北楽天ゴールデンイーグルス,"2006,2007,2009,2010,2011",
not_found,,松木平 優太,中日ドラゴンズ,2024,
not_found,,松本 健吾,東京ヤクルトスワローズ,2024,
not_found,,松本 凌人,横浜DeNAベイスターズ,2024,
not_found,,松本 幸大,千葉ロッテマリーンズ,"2008,2009,2010,2012",
not_found,,松本 晴,福岡ソフトバンクホークス,"2023,2024",
not_found,,松本 直晃,埼玉西武ライオンズ,"2016,2018,2019",
not_found,,松本 竜也,広島東洋カープ,"2022,2023,2024",
not_found,,松本 航,埼玉西武ライオンズ,"2019,2020,2021,2022,2023,2024",
not_found,,松本 裕樹,福岡ソフトバンクホークス,"2016,2017,2018,2019,2020,2021,2022,2023,2024",
not_found,,松本 輝,東北楽天ゴールデンイーグルス,"2007,2008,2009,2010",
not_found,,松本 輝,福岡ソフトバンクホークス,2005,
not_found,,松本 隆之介,横浜DeNAベイスターズ,2024,
not_found,,松永 昂大,千葉ロッテマリーンズ,"2013,2014,2015,2016,2017,2018,2019,2020",
not_found,,松永 浩典,埼玉西武ライオンズ,"2006,2007,2009,2010,2011,2012",
not_found,,松浦 慶斗,北海道日本ハムファイターズ,"2022,2024",
not_found,,松田 啄磨,東北楽天ゴールデンイーグルス,2024,
not_found,,松田 遼馬,福岡ソフトバンクホークス,"2018,2019",
not_found,,松田 遼馬,阪神タイガース,"2013,2014,2015,2016,2017",
not_found,,松葉 貴大,オリックス・バファローズ,"2018,2019",
not_found,,松葉 貴大,中日ドラゴンズ,"2019,2020,2021,2022,2023,2024",
not_found,,板東 湧梧,福岡ソフトバンクホークス,"2020,2021,2022,2023",
not_found,,林 イー豪,読売ジャイアンツ,2010,
not_found,,林冠臣,埼玉西武ライオンズ,2025,
not_found,,林 恩宇,東北楽天ゴールデンイーグルス,2007,
not_found,,林 昌勇,東京ヤクルトスワローズ,"2008,2009,2010,2011,2012",
not_found,,林 昌樹,広島東洋カープ,"2005,2006,2007,2008,2009,2010,2011",
not_found,,林 昌範,北海道日本ハムファイターズ,"2009,2010,2011",
not_found,,林 昌範,横浜DeNAベイスターズ,"2012,2013,2014,2015",
not_found,,林 昌範,読売ジャイアンツ,"2005,2006,2007,2008",
not_found,,柳川 大晟,北海道日本ハムファイターズ,2024,
not_found,,柳川 洋平,福岡ソフトバンクホークス,2011,
not_found,,柳瀬 明宏,福岡ソフトバンクホークス,"2006,2007,2008,2009,2012,2013,2014,2015,2016",
not_found,,柳瀬 明宏,阪神タイガース,2017,
not_found,,柳町　達,福岡ソフトバンクホークス,2025,
not_found,,柳 裕也,中日ドラゴンズ,"2017,2018,2019,2020,2021,2022,2023,2024",
not_found,,柴田 大地,東京ヤクルトスワローズ,"2022,2024",
not_found,,柴田獅子,北海道日本ハムファイターズ,2025,
not_found,,柿木 蓮,北海道日本ハムファイターズ,2022,
not_found,,栂野 雅史,東北楽天ゴールデンイーグルス,2010,
not_found,,栂野 雅史,読売ジャイアンツ,"2006,2008,2009",
not_found,,栗林 良吏,広島東洋カープ,"2021,2022,2023,2024",
not_found,,根尾 昂,中日ドラゴンズ,"2022,2023,2024",
not_found,,根本 悠楓,北海道日本ハムファイターズ,"2022,2023,2024",
not_found,,根本 朋久,北海道日本ハムファイターズ,"2011,2012,2013",
not_found,,根本 朋久,千葉ロッテマリーンズ,"2008,2009,2010",
not_found,,桐敷 拓馬,阪神タイガース,"2022,2023,2024",
not_found,,桑原　将志,横浜DeNAベイスターズ,2025,
not_found,,桑原 謙太朗,阪神タイガース,"2015,2017,2018,2019,2020,2021",
not_found,,桑田 真澄,読売ジャイアンツ,"2005,2006",
not_found,,桜井 俊貴,読売ジャイアンツ,"2016,2017,2019,2020,2021,2022",
not_found,,桟原 将司,阪神タイガース,"2005,2006,2007,2009,2010",
not_found,,梅原 伸亮,広島東洋カープ,2006,
not_found,,梅津 晃大,中日ドラゴンズ,"2019,2020,2021,2023,2024",
not_found,,梅津 智弘,広島東洋カープ,"2005,2006,2007,2008,2009,2010,2011,2012,2013,2014",
not_found,,梅津 智弘,東北楽天ゴールデンイーグルス,2015,
not_found,,梅野 雄吾,中日ドラゴンズ,2024,
not_found,,梅野 雄吾,東京ヤクルトスワローズ,"2017,2018,2019,2020,2021,2022,2023",
not_found,,條辺 剛,読売ジャイアンツ,2005,
not_found,,森下 暢仁,広島東洋カープ,"2020,2021,2022,2023,2024",
not_found,,森下　翔太,阪神タイガース,2025,
not_found,,森内 壽春,北海道日本ハムファイターズ,"2012,2013,2014,2015",
not_found,,森 博人,中日ドラゴンズ,"2021,2022",
not_found,,森原 康平,東北楽天ゴールデンイーグルス,"2017,2018,2019,2020,2021,2022",
not_found,,森原 康平,横浜DeNAベイスターズ,"2022,2023,2024",
not_found,,森 唯斗,横浜DeNAベイスターズ,2024,
not_found,,森 唯斗,福岡ソフトバンクホークス,"2014,2015,2016,2017,2018,2019,2020,2021,2022,2023",
not_found,,森 慎二,埼玉西武ライオンズ,2005,
not_found,,森木 大智,阪神タイガース,2022,
not_found,,森浦 大輔,広島東洋カープ,"2021,2022,2023,2024",
not_found,,森福 允彦,福岡ソフトバンクホークス,"2007,2008,2009,2010,2011,2012,2013,2014,2015,2016",
not_found,,森福 允彦,読売ジャイアンツ,"2017,2018,2019",
not_found,,森 翔平,広島東洋カープ,"2022,2023,2024",
not_found,,森脇 亮介,埼玉西武ライオンズ,"2019,2020,2021,2022,2023",
not_found,,森 跳二,広島東洋カープ,"2005,2007,2008,2009,2010",
not_found,,森 遼大朗,千葉ロッテマリーンズ,"2022,2023",
not_found,,森 雄大,東北楽天ゴールデンイーグルス,"2014,2015,2017,2018",
not_found,,森駿太,中日ドラゴンズ,2025,
not_found,,椋木 蓮,オリックス・バファローズ,"2022,2024",
not_found,,植村 祐介,北海道日本ハムファイターズ,"2008,2009,2012",
not_found,,植松 優友,千葉ロッテマリーンズ,2015,
not_found,,椎野 新,福岡ソフトバンクホークス,"2018,2019,2020,2022,2023",
not_found,,榊原 翼,オリックス・バファローズ,"2018,2019,2020,2021",
not_found,,榊原 諒,北海道日本ハムファイターズ,"2009,2010,2011,2012,2013",
not_found,,榎下 陽大,北海道日本ハムファイターズ,"2011,2013,2014,2016,2017",
not_found,,榎田 大樹,埼玉西武ライオンズ,"2018,2019,2020",
not_found,,榎田 大樹,阪神タイガース,"2011,2012,2013,2014,2015,2016,2017",
not_found,,横山 弘樹,広島東洋カープ,2016,
not_found,,横山 楓,オリックス・バファローズ,2023,
not_found,,横山 竜士,広島東洋カープ,"2005,2006,2007,2008,2009,2010,2011,2012,2013,2014",
not_found,,横山 貴明,東北楽天ゴールデンイーグルス,"2014,2015,2016",
not_found,,横山 道哉,北海道日本ハムファイターズ,2005,
not_found,,横山 陸人,千葉ロッテマリーンズ,"2021,2022,2023,2024",
not_found,,横山 雄哉,阪神タイガース,"2015,2016,2017,2020",
not_found,,横山 龍之介,阪神タイガース,2010,
not_found,,横川 凱,読売ジャイアンツ,"2020,2021,2022,2023,2024",
not_found,,橋本 侑樹,中日ドラゴンズ,"2020,2021,2022,2023,2024",
not_found,,橋本 健太郎,千葉ロッテマリーンズ,"2009,2010,2012",
not_found,,橋本 健太郎,阪神タイガース,"2005,2006,2007,2008",
not_found,,橋本 義隆,北海道日本ハムファイターズ,"2005,2006,2007",
not_found,,橋本 義隆,東京ヤクルトスワローズ,"2009,2010,2011",
not_found,,橋本 義隆,東北楽天ゴールデンイーグルス,2012,
not_found,,櫻井 周斗,東北楽天ゴールデンイーグルス,2024,
not_found,,櫻井 周斗,横浜DeNAベイスターズ,"2019,2020,2021",
not_found,,歌藤 達夫,北海道日本ハムファイターズ,"2007,2008",
not_found,,正津 英志,埼玉西武ライオンズ,"2005,2006,2007,2008,2009",
not_found,,正田 樹,北海道日本ハムファイターズ,2005,
not_found,,正田 樹,東京ヤクルトスワローズ,"2012,2013",
not_found,,武内 久士,広島東洋カープ,"2010,2013,2015",
not_found,,武内 夏暉,埼玉西武ライオンズ,2024,
not_found,,武田 久,北海道日本ハムファイターズ,"2005,2006,2007,2008,2009,2010,2011,2012,2013,2014,2016,2017",
not_found,,武田 勝,北海道日本ハムファイターズ,"2006,2007,2008,2009,2010,2011,2012,2013,2014,2015,2016",
not_found,,武田 翔太,福岡ソフトバンクホークス,"2012,2013,2014,2015,2016,2017,2018,2019,2020,2021,2022,2023",
not_found,,武藤 好貴,東北楽天ゴールデンイーグルス,"2012,2014,2015,2016",
not_found,,武藤 祐太,中日ドラゴンズ,"2011,2012,2013,2014,2015,2016",
not_found,,武藤 祐太,横浜DeNAベイスターズ,"2018,2019,2020,2021",
not_found,,武隈 祥太,埼玉西武ライオンズ,"2009,2010,2011,2012,2013,2014,2015,2016,2017,2018,2019,2020,2021",
not_found,,歳内 宏明,東京ヤクルトスワローズ,2020,
not_found,,歳内 宏明,阪神タイガース,"2012,2013,2014,2015,2016",
not_found,,比嘉 幹貴,オリックス・バファローズ,"2018,2019,2020,2021,2022,2023,2024",
not_found,,水上 由伸,埼玉西武ライオンズ,"2021,2022,2023,2024",
not_found,,水田 章雄,福岡ソフトバンクホークス,"2006,2007,2008,2009,2010",
not_found,,水野 滉也,横浜DeNAベイスターズ,2017,
not_found,,永井 怜,東北楽天ゴールデンイーグルス,"2007,2008,2009,2010,2011,2012,2013,2014,2015",
not_found,,永川 勝浩,広島東洋カープ,"2005,2006,2007,2008,2009,2010,2011,2013,2014,2015,2016,2018,2019",
not_found,,永野 将司,千葉ロッテマリーンズ,"2018,2019,2020",
not_found,,江原雅裕,東北楽天ゴールデンイーグルス,2025,
not_found,,江尻 慎太郎,北海道日本ハムファイターズ,"2005,2006,2007,2009,2010",
not_found,,江尻 慎太郎,横浜DeNAベイスターズ,2012,
not_found,,江尻 慎太郎,福岡ソフトバンクホークス,"2013,2014",
not_found,,江村 将也,東京ヤクルトスワローズ,"2013,2014",
not_found,,江柄子 裕樹,読売ジャイアンツ,"2012,2013,2014,2016,2017",
not_found,,江草 仁貴,埼玉西武ライオンズ,2011,
not_found,,江草 仁貴,広島東洋カープ,"2012,2013,2014,2015,2016",
not_found,,江草 仁貴,阪神タイガース,"2005,2006,2007,2008,2009,2010",
not_found,,池ノ内 亮介,広島東洋カープ,2014,
not_found,,池田 隆英,北海道日本ハムファイターズ,"2021,2022,2023,2024",
not_found,,池田 隆英,東北楽天ゴールデンイーグルス,2018,
not_found,,池田 駿,東北楽天ゴールデンイーグルス,2020,
not_found,,池田 駿,読売ジャイアンツ,"2017,2018,2019",
not_found,,池谷 蒼大,横浜DeNAベイスターズ,"2021,2022",
not_found,,河内 貴哉,広島東洋カープ,"2006,2007,2012,2013,2014,2015",
not_found,,河原 純一,中日ドラゴンズ,"2009,2010,2011",
not_found,,河原 純一,埼玉西武ライオンズ,"2005,2007",
not_found,,河本 育之,東北楽天ゴールデンイーグルス,"2005,2006,2007",
not_found,,河村 説人,千葉ロッテマリーンズ,"2021,2022",
not_found,,河端 龍,東京ヤクルトスワローズ,"2005,2008",
not_found,,河野 佳,広島東洋カープ,"2023,2024",
not_found,,河野 秀数,北海道日本ハムファイターズ,"2013,2014",
not_found,,河野 竜生,北海道日本ハムファイターズ,"2020,2021,2022,2023,2024",
not_found,,沼田 拓巳,東京ヤクルトスワローズ,2018,
not_found,,沼田 翔平,読売ジャイアンツ,"2020,2021",
not_found,,泉口　友汰,読売ジャイアンツ,2025,
not_found,,泉 圭輔,福岡ソフトバンクホークス,"2019,2020,2021,2022,2023",
not_found,,泉 圭輔,読売ジャイアンツ,2024,
not_found,,津森 宥紀,福岡ソフトバンクホークス,"2020,2021,2022,2023,2024",
not_found,,津留﨑 大成,東北楽天ゴールデンイーグルス,"2020,2021,2022,2023,2024",
not_found,,浅利太門,北海道日本ハムファイターズ,2025,
not_found,,浅尾 拓也,中日ドラゴンズ,"2007,2008,2009,2010,2011,2012,2013,2014,2015,2017,2018",
not_found,,浜地 真澄,阪神タイガース,"2019,2020,2021,2022,2023,2024",
not_found,,浜屋 将太,埼玉西武ライオンズ,"2020,2021,2024",
not_found,,浜田 智博,中日ドラゴンズ,2015,
not_found,,浦田俊輔,読売ジャイアンツ,2025,
not_found,,浦野 博司,北海道日本ハムファイターズ,"2014,2015,2017,2018,2019,2020",
not_found,,海田 智行,オリックス・バファローズ,"2018,2019,2020,2021",
not_found,,涌井 秀章,中日ドラゴンズ,"2023,2024",
not_found,,涌井 秀章,千葉ロッテマリーンズ,"2014,2015,2016,2017,2018,2019",
not_found,,涌井 秀章,埼玉西武ライオンズ,"2005,2006,2007,2008,2009,2010,2011,2012,2013",
not_found,,涌井 秀章,東北楽天ゴールデンイーグルス,"2020,2021,2022",
not_found,,深田 拓也,読売ジャイアンツ,"2007,2009",
not_found,,深町 亮介,読売ジャイアンツ,2007,
not_found,,清原 大貴,阪神タイガース,"2011,2013",
not_found,,清宮　幸太郎,北海道日本ハムファイターズ,2025,
not_found,,清宮 虎多朗,東北楽天ゴールデンイーグルス,2024,
not_found,,清水大暉,北海道日本ハムファイターズ,2025,
not_found,,清水 昇,東京ヤクルトスワローズ,"2019,2020,2021,2022,2023,2024",
not_found,,清水 昭信,中日ドラゴンズ,"2008,2009,2010,2013",
not_found,,清水 直行,千葉ロッテマリーンズ,"2005,2006,2007,2008,2009",
not_found,,清水 章夫,北海道日本ハムファイターズ,2006,
not_found,,清水 達也,中日ドラゴンズ,"2018,2019,2020,2021,2022,2023,2024",
not_found,,渡辺 亮,阪神タイガース,"2007,2008,2009,2010,2011,2012,2013,2014,2015",
not_found,,渡辺 俊介,千葉ロッテマリーンズ,"2005,2006,2007,2008,2009,2010,2011,2012,2013",
not_found,,渡辺 恒樹,東京ヤクルトスワローズ,"2010,2011,2012",
not_found,,渡辺悠斗,広島東洋カープ,2025,
not_found,,渡辺 翔太,東北楽天ゴールデンイーグルス,"2023,2024",
not_found,,渡邉 勇太朗,埼玉西武ライオンズ,"2021,2022,2023,2024",
not_found,,渡邉 啓太,千葉ロッテマリーンズ,2018,
not_found,,渡邉 恒樹,東北楽天ゴールデンイーグルス,"2005,2006,2007,2008,2009",
not_found,,渡邉 雄大,福岡ソフトバンクホークス,"2020,2021",
not_found,,渡邉 雄大,阪神タイガース,2022,
not_found,,渡邊 佑樹,東北楽天ゴールデンイーグルス,"2019,2021,2022",
not_found,,渡部　聖弥,埼玉西武ライオンズ,2025,
not_found,,湯浅 京己,阪神タイガース,"2021,2022,2023",
not_found,,滝田 一希,広島東洋カープ,2024,
not_found,,漆原 大晟,オリックス・バファローズ,"2020,2021,2023",
not_found,,漆原 大晟,阪神タイガース,2024,
not_found,,澤崎 俊和,広島東洋カープ,2005,
not_found,,澤村 拓一,千葉ロッテマリーンズ,"2020,2023,2024",
not_found,,澤村 拓一,読売ジャイアンツ,"2011,2012,2013,2014,2015,2016,2018,2019,2020",
not_found,,澤柳 亮太郎,福岡ソフトバンクホークス,2024,
not_found,,澤田 圭佑,オリックス・バファローズ,"2018,2019,2020,2021",
not_found,,澤田 圭佑,千葉ロッテマリーンズ,"2023,2024",
not_found,,濱田 達郎,中日ドラゴンズ,"2014,2015,2016,2020",
not_found,,濱矢 廣大,東北楽天ゴールデンイーグルス,"2014,2015,2016,2017,2018",
not_found,,濱矢 廣大,横浜DeNAベイスターズ,2019,
not_found,,濵口 遥大,横浜DeNAベイスターズ,"2017,2018,2019,2020,2021,2022,2023,2024",
not_found,,瀧中 瞭太,東北楽天ゴールデンイーグルス,"2020,2021,2022,2023,2024",
not_found,,瀬川 隼郎,北海道日本ハムファイターズ,"2015,2016",
not_found,,熊原 健人,東北楽天ゴールデンイーグルス,2019,
not_found,,熊原 健人,横浜DeNAベイスターズ,"2016,2017",
not_found,,片山 博視,東北楽天ゴールデンイーグルス,"2008,2010,2011,2012,2013,2014",
not_found,,片山楽生,オリックス・バファローズ,2025,
not_found,,牛田 成樹,横浜DeNAベイスターズ,2012,
not_found,,牧原　大成,福岡ソフトバンクホークス,2025,
not_found,,牧田 和久,埼玉西武ライオンズ,"2011,2012,2013,2014,2015,2016,2017",
not_found,,牧田 和久,東北楽天ゴールデンイーグルス,"2020,2021",
not_found,,牧野 塁,広島東洋カープ,"2008,2009",
not_found,,牧野 塁,東北楽天ゴールデンイーグルス,"2006,2007,2008",
not_found,,牧野 塁,阪神タイガース,2005,
not_found,,狩生聖真,埼玉西武ライオンズ,2025,
not_found,,玉井 大翔,北海道日本ハムファイターズ,"2017,2018,2019,2020,2021,2022,2023",
not_found,,玉山 健太,広島東洋カープ,2005,
not_found,,玉木 重雄,東北楽天ゴールデンイーグルス,2005,
not_found,,玉村 昇悟,広島東洋カープ,"2021,2022,2023,2024",
not_found,,玉置 隆,阪神タイガース,"2006,2007,2008,2013,2014,2015",
not_found,,王 溢正,横浜DeNAベイスターズ,2012,
not_found,,生田目 翼,北海道日本ハムファイターズ,"2019,2020,2021,2022,2023,2024",
not_found,,田上 奏大,福岡ソフトバンクホークス,2022,
not_found,,田中 健二朗,横浜DeNAベイスターズ,"2012,2013,2014,2015,2016,2017,2018,2021,2022,2023",
not_found,,田中 充,東京ヤクルトスワローズ,"2005,2006,2007",
not_found,,田中 千晴,読売ジャイアンツ,"2023,2024",
not_found,,田中 将大,東北楽天ゴールデンイーグルス,"2007,2008,2009,2010,2011,2012,2013,2021,2022,2023,2024",
not_found,,田中 敬人,広島東洋カープ,"2005,2006",
not_found,,田中 晴也,千葉ロッテマリーンズ,2024,
not_found,,田中 正義,北海道日本ハムファイターズ,"2023,2024",
not_found,,田中 正義,福岡ソフトバンクホークス,"2018,2019,2021,2022",
not_found,,田中 法彦,広島東洋カープ,2020,
not_found,,田中 瑛斗,北海道日本ハムファイターズ,"2019,2022,2023,2024",
not_found,,田中 英祐,千葉ロッテマリーンズ,2015,
not_found,,田中 豊樹,北海道日本ハムファイターズ,"2016,2017,2018",
not_found,,田中 豊樹,読売ジャイアンツ,"2020,2021,2023",
not_found,,田中陽翔,東京ヤクルトスワローズ,2025,
not_found,,田中 靖洋,千葉ロッテマリーンズ,"2016,2017,2018,2019,2020,2021,2022",
not_found,,田中 靖洋,埼玉西武ライオンズ,"2010,2012,2014,2015",
not_found,,田之上 慶三郎,福岡ソフトバンクホークス,"2005,2006,2007",
not_found,,田内真翔,横浜DeNAベイスターズ,2025,
not_found,,田原 誠次,読売ジャイアンツ,"2012,2013,2014,2015,2016,2017,2018,2019",
not_found,,田口 麗斗,東京ヤクルトスワローズ,"2021,2022,2023,2024",
not_found,,田口 麗斗,読売ジャイアンツ,"2015,2016,2017,2018,2019,2020",
not_found,,田島 慎二,中日ドラゴンズ,"2012,2013,2014,2015,2016,2017,2018,2019,2021,2022,2023,2024",
not_found,,田崎 昌弘,埼玉西武ライオンズ,"2005,2006",
not_found,,田嶋 大樹,オリックス・バファローズ,"2018,2019,2020,2021,2022,2023,2024",
not_found,,田川 賢吾,東京ヤクルトスワローズ,"2018,2019",
not_found,,田村 丈,横浜DeNAベイスターズ,2018,
not_found,,田村 伊知郎,埼玉西武ライオンズ,"2017,2018,2019,2020,2021,2022,2023,2024",
not_found,,田浦 文丸,福岡ソフトバンクホークス,"2019,2021,2022,2023,2024",
not_found,,田面 巧二郎,阪神タイガース,2016,
not_found,,由規,東京ヤクルトスワローズ,"2008,2009,2010,2011,2016,2017,2018",
not_found,,由規,東北楽天ゴールデンイーグルス,2019,
not_found,,甲斐野 央,埼玉西武ライオンズ,2024,
not_found,,甲斐野 央,福岡ソフトバンクホークス,"2019,2021,2022,2023",
not_found,,甲藤 啓介,福岡ソフトバンクホークス,"2007,2008,2009,2010,2012",
not_found,,町田隼乙,阪神タイガース,2025,
not_found,,畔柳 亨丞,北海道日本ハムファイターズ,"2022,2024",
not_found,,畠 世周,読売ジャイアンツ,"2017,2018,2019,2020,2021,2022,2024",
not_found,,白仁田 寛和,阪神タイガース,"2011,2012,2013",
not_found,,白村 明弘,北海道日本ハムファイターズ,"2014,2015,2016,2017,2018",
not_found,,益田 武尚,広島東洋カープ,"2023,2024",
not_found,,益田 直也,千葉ロッテマリーンズ,"2012,2013,2014,2015,2016,2017,2018,2019,2020,2021,2022,2023,2024",
not_found,,直江 大輔,読売ジャイアンツ,"2020,2021,2022,2023",
not_found,,相内 誠,埼玉西武ライオンズ,"2018,2019",
not_found,,相原 勝幸,千葉ロッテマリーンズ,"2006,2008,2010",
not_found,,相原 和友,東北楽天ゴールデンイーグルス,"2014,2015,2016",
not_found,,相木 崇,阪神タイガース,"2006,2007",
not_found,,相沢 晋,東北楽天ゴールデンイーグルス,2015,
not_found,,相澤 寿聡,広島東洋カープ,"2010,2011",
not_found,,真田 裕貴,東京ヤクルトスワローズ,2014,
not_found,,真田 裕貴,読売ジャイアンツ,"2005,2006,2007,2012",
not_found,,矢地 健人,中日ドラゴンズ,"2010,2011,2012,2013",
not_found,,矢地 健人,千葉ロッテマリーンズ,2015,
not_found,,矢崎 拓也,広島東洋カープ,"2019,2020,2021,2022,2023,2024",
not_found,,矢澤 宏太,北海道日本ハムファイターズ,"2023,2024",
not_found,,矢貫 俊之,北海道日本ハムファイターズ,"2010,2011,2012,2013,2014,2015",
not_found,,矢貫 俊之,読売ジャイアンツ,"2015,2016",
not_found,,矢野泰二郎,東京ヤクルトスワローズ,2025,
not_found,,矢野 英司,東北楽天ゴールデンイーグルス,2005,
not_found,,矢野 諭,北海道日本ハムファイターズ,2005,
not_found,,石井 一久,埼玉西武ライオンズ,"2008,2009,2010,2011,2012,2013",
not_found,,石井 一久,東京ヤクルトスワローズ,"2006,2007",
not_found,,石井 大智,阪神タイガース,"2021,2022,2023,2024",
not_found,,石井 将希,阪神タイガース,2020,
not_found,,石井 弘寿,東京ヤクルトスワローズ,"2005,2006,2011",
not_found,,石井 裕也,中日ドラゴンズ,"2005,2006,2007",
not_found,,石井 裕也,北海道日本ハムファイターズ,"2010,2011,2012,2013,2014,2015,2016,2017,2018",
not_found,,石井 貴,埼玉西武ライオンズ,"2005,2006,2007",
not_found,,石伊雄太,中日ドラゴンズ,2025,
not_found,,石原 勇輝,東京ヤクルトスワローズ,2024,
not_found,,石堂 克利,東京ヤクルトスワローズ,2005,
not_found,,石塚裕惺,読売ジャイアンツ,2025,
not_found,,石山 泰稚,東京ヤクルトスワローズ,"2013,2014,2015,2016,2017,2018,2019,2020,2021,2022,2023,2024",
not_found,,石崎 剛,千葉ロッテマリーンズ,"2019,2020",
not_found,,石崎 剛,阪神タイガース,"2015,2016,2017,2018,2019",
not_found,,石川 俊介,阪神タイガース,"2008,2009,2010",
not_found,,石川 柊太,福岡ソフトバンクホークス,"2017,2018,2019,2020,2021,2022,2023,2024",
not_found,,石川 歩,千葉ロッテマリーンズ,"2014,2015,2016,2017,2018,2019,2020,2021,2022,2024",
not_found,,石川 直也,北海道日本ハムファイターズ,"2016,2017,2018,2019,2022,2023",
not_found,,石川 翔,中日ドラゴンズ,2018,
not_found,,石川 賢,中日ドラゴンズ,"2005,2006",
not_found,,石川 達也,横浜DeNAベイスターズ,"2022,2023,2024",
not_found,,石川 雅規,東京ヤクルトスワローズ,"2005,2006,2007,2008,2009,2010,2011,2012,2013,2014,2015,2016,2017,2018,2019,2020,2021,2022,2023,2024",
not_found,,石橋 良太,東北楽天ゴールデンイーグルス,"2016,2019,2020,2021,2022,2023",
not_found,,石田 健大,横浜DeNAベイスターズ,"2015,2016,2017,2018,2019,2020,2021,2022,2023,2024",
not_found,,石田充冴,読売ジャイアンツ,2025,
not_found,,石田 裕太郎,横浜DeNAベイスターズ,2024,
not_found,,石見颯真,福岡ソフトバンクホークス,2025,
not_found,,石黒 佑弥,阪神タイガース,2024,
not_found,,砂田 毅樹,中日ドラゴンズ,2023,
not_found,,砂田 毅樹,横浜DeNAベイスターズ,"2015,2016,2017,2018,2019,2020,2021,2022",
not_found,,祖父江 大輔,中日ドラゴンズ,"2014,2015,2016,2017,2018,2019,2020,2021,2022,2023,2024",
not_found,,神内 靖,横浜DeNAベイスターズ,2013,
not_found,,神内 靖,福岡ソフトバンクホークス,"2005,2006,2007,2009,2010,2011,2012",
not_found,,神戸 文也,オリックス・バファローズ,"2019,2020",
not_found,,神田 義英,千葉ロッテマリーンズ,"2005,2006,2007,2008",
not_found,,福井 優也,広島東洋カープ,"2011,2012,2013,2014,2015,2016,2017,2018",
not_found,,福井 優也,東北楽天ゴールデンイーグルス,"2019,2020,2021,2022",
not_found,,福倉 健太郎,埼玉西武ライオンズ,"2015,2017",
not_found,,福原 忍,阪神タイガース,"2005,2006,2007,2008,2009,2010,2011,2012,2013,2014,2015,2016",
not_found,,福地 元春,横浜DeNAベイスターズ,"2015,2016",
not_found,,福山 博之,東北楽天ゴールデンイーグルス,"2013,2014,2015,2016,2017,2018,2019,2020,2021,2022",
not_found,,福山 博之,横浜DeNAベイスターズ,2012,
not_found,,福島 章太,中日ドラゴンズ,2023,
not_found,,福島 蓮,北海道日本ハムファイターズ,2024,
not_found,,福 敬登,中日ドラゴンズ,"2016,2017,2018,2019,2020,2021,2022,2023,2024",
not_found,,福永 春吾,阪神タイガース,"2017,2018,2019,2020",
not_found,,福田 俊,北海道日本ハムファイターズ,"2020,2021,2022,2023,2024",
not_found,,福田 岳洋,横浜DeNAベイスターズ,"2012,2013",
not_found,,福田 聡志,読売ジャイアンツ,"2006,2007,2008,2009,2010,2011,2012,2013,2014",
not_found,,福盛 和男,東北楽天ゴールデンイーグルス,"2005,2006,2007,2009,2010",
not_found,,福谷 浩司,中日ドラゴンズ,"2013,2014,2015,2016,2017,2018,2019,2020,2021,2022,2023,2024",
not_found,,秋吉 亮,北海道日本ハムファイターズ,"2019,2020,2021",
not_found,,秋吉 亮,東京ヤクルトスワローズ,"2014,2015,2016,2017,2018",
not_found,,秋吉 亮,福岡ソフトバンクホークス,2022,
not_found,,秋山 拓巳,阪神タイガース,"2010,2011,2012,2013,2014,2015,2016,2017,2018,2019,2020,2021,2022,2023",
not_found,,秋親,千葉ロッテマリーンズ,2010,
not_found,,種市 篤暉,千葉ロッテマリーンズ,"2018,2019,2020,2022,2023,2024",
not_found,,立松由宇,千葉ロッテマリーンズ,2025,
not_found,,立田 将太,北海道日本ハムファイターズ,2018,
not_found,,立石 尚行,北海道日本ハムファイターズ,"2005,2006",
not_found,,立野 和明,北海道日本ハムファイターズ,"2021,2022,2023",
not_found,,竹下 真吾,東京ヤクルトスワローズ,2016,
not_found,,竹安 大知,オリックス・バファローズ,"2019,2020,2021,2022,2023",
not_found,,竹安 大知,阪神タイガース,"2017,2018",
not_found,,竹山 日向,東京ヤクルトスワローズ,2022,
not_found,,竹岡 和宏,福岡ソフトバンクホークス,"2005,2006,2007,2008",
not_found,,竹田祐,横浜DeNAベイスターズ,2025,
not_found,,笠井 崇正,横浜DeNAベイスターズ,"2018,2019,2020,2021",
not_found,,笠原 大芽,福岡ソフトバンクホークス,"2017,2018",
not_found,,笠原 将生,読売ジャイアンツ,"2012,2013,2014,2015",
not_found,,笠原 祥太郎,中日ドラゴンズ,"2017,2018,2019,2021,2022",
not_found,,笠原 祥太郎,横浜DeNAベイスターズ,2023,
not_found,,笠谷 俊介,福岡ソフトバンクホークス,"2017,2018,2019,2020,2021,2022,2023",
not_found,,筒井 和也,阪神タイガース,"2005,2007,2008,2009,2010,2011,2012,2013,2014,2015,2016",
not_found,,篠原 慎平,読売ジャイアンツ,"2017,2018",
not_found,,篠原 貴行,横浜DeNAベイスターズ,2012,
not_found,,篠原 貴行,福岡ソフトバンクホークス,"2005,2006,2007,2008",
not_found,,篠原響,埼玉西武ライオンズ,2025,
not_found,,篠木健太郎,横浜DeNAベイスターズ,2025,
not_found,,篠田 純平,広島東洋カープ,"2008,2009,2010,2011,2012,2013,2014",
not_found,,粟津 凱士,埼玉西武ライオンズ,2019,
not_found,,糸川 亮太,埼玉西武ライオンズ,2024,
not_found,,糸数 敬作,北海道日本ハムファイターズ,"2009,2010,2011,2012",
not_found,,紀藤 真琴,東北楽天ゴールデンイーグルス,2005,
not_found,,紅林　弘太郎,オリックス・バファローズ,2025,
not_found,,細野 晴希,北海道日本ハムファイターズ,2024,
not_found,,綾部 翔,横浜DeNAベイスターズ,2017,
not_found,,美馬 学,千葉ロッテマリーンズ,"2020,2021,2022,2023,2024",
not_found,,美馬 学,東北楽天ゴールデンイーグルス,"2011,2012,2013,2014,2015,2016,2017,2018,2019",
not_found,,羽田 慎之介,埼玉西武ライオンズ,2024,
not_found,,能見 篤史,オリックス・バファローズ,"2021,2022",
not_found,,能見 篤史,阪神タイガース,"2005,2006,2007,2008,2009,2010,2011,2012,2013,2014,2015,2016,2017,2018,2019,2020",
not_found,,與座 海人,埼玉西武ライオンズ,"2020,2021,2022,2023,2024",
not_found,,船迫 大雅,読売ジャイアンツ,"2023,2024",
not_found,,芝崎 和広,埼玉西武ライオンズ,2005,
not_found,,花田 真人,東京ヤクルトスワローズ,"2005,2006,2007,2008,2009",
not_found,,若松尚輝,横浜DeNAベイスターズ,2025,
not_found,,若松 駿太,中日ドラゴンズ,"2014,2015,2016,2017",
not_found,,若竹 竜士,北海道日本ハムファイターズ,2012,
not_found,,若竹 竜士,阪神タイガース,"2007,2010,2011",
not_found,,荒巻悠,読売ジャイアンツ,2025,
not_found,,荒西 祐大,オリックス・バファローズ,"2019,2020",
not_found,,荘司宏太,東京ヤクルトスワローズ,2025,
not_found,,荘司 康誠,東北楽天ゴールデンイーグルス,"2023,2024",
not_found,,荻野 忠寛,千葉ロッテマリーンズ,"2007,2008,2009,2012,2013",
not_found,,菅井 信也,埼玉西武ライオンズ,2024,
not_found,,菅原 秀,東北楽天ゴールデンイーグルス,"2017,2018,2019,2021",
not_found,,菅野 智之,読売ジャイアンツ,"2013,2014,2015,2016,2017,2018,2019,2020,2021,2022,2023,2024",
not_found,,菊地ハルン,広島東洋カープ,2025,
not_found,,菊地原 毅,広島東洋カープ,"2011,2012,2013",
not_found,,菊地 吏玖,千葉ロッテマリーンズ,"2023,2024",
not_found,,菊地 和正,北海道日本ハムファイターズ,"2005,2007,2008,2009,2010",
not_found,,菊地 和正,横浜DeNAベイスターズ,"2012,2013,2014",
not_found,,菊地 大稀,読売ジャイアンツ,"2022,2023",
not_found,,菊地 正法,中日ドラゴンズ,"2007,2009",
not_found,,菊池 保則,広島東洋カープ,"2019,2020,2021,2022",
not_found,,菊池 保則,東北楽天ゴールデンイーグルス,"2010,2011,2012,2013,2014,2015,2016,2017,2018",
not_found,,菊池 雄星,埼玉西武ライオンズ,"2011,2012,2013,2014,2015,2016,2017,2018",
not_found,,菊沢 竜佑,東京ヤクルトスワローズ,2017,
not_found,,萩原 淳,北海道日本ハムファイターズ,2007,
not_found,,萩原 淳,東京ヤクルトスワローズ,"2008,2009",
not_found,,萬谷 康平,横浜DeNAベイスターズ,"2014,2015",
not_found,,落合 英二,中日ドラゴンズ,"2005,2006",
not_found,,蔵本 治孝,東京ヤクルトスワローズ,2019,
not_found,,蕭 一傑,阪神タイガース,2011,
not_found,,薮田 和樹,広島東洋カープ,"2015,2016,2017,2018,2019,2020,2021,2022,2023",
not_found,,薮田 安彦,千葉ロッテマリーンズ,"2005,2006,2007,2010,2011,2012",
not_found,,藤井 皓哉,広島東洋カープ,"2017,2018,2019",
not_found,,藤井 皓哉,福岡ソフトバンクホークス,"2022,2023,2024",
not_found,,藤井 秀悟,北海道日本ハムファイターズ,"2008,2009",
not_found,,藤井 秀悟,東京ヤクルトスワローズ,"2005,2006,2007",
not_found,,藤井 秀悟,横浜DeNAベイスターズ,"2012,2013",
not_found,,藤井 秀悟,読売ジャイアンツ,"2010,2011",
not_found,,藤井 聖,東北楽天ゴールデンイーグルス,"2022,2023,2024",
not_found,,藤井 黎來,広島東洋カープ,"2020,2021,2022",
not_found,,藤原　恭大,千葉ロッテマリーンズ,2025,
not_found,,藤原 正典,阪神タイガース,"2010,2011,2012,2013",
not_found,,藤原 紘通,東北楽天ゴールデンイーグルス,"2009,2010,2011",
not_found,,藤原 良平,埼玉西武ライオンズ,"2011,2012,2013,2014,2015,2016,2017",
not_found,,藤岡 好明,北海道日本ハムファイターズ,"2014,2015,2016",
not_found,,藤岡 好明,横浜DeNAベイスターズ,"2016,2017,2018,2019,2020",
not_found,,藤岡 好明,福岡ソフトバンクホークス,"2006,2007,2008,2009,2010,2011,2012,2013",
not_found,,藤岡 貴裕,北海道日本ハムファイターズ,"2018,2019",
not_found,,藤岡 貴裕,千葉ロッテマリーンズ,"2012,2013,2014,2015,2016,2017",
not_found,,藤岡 貴裕,読売ジャイアンツ,2020,
not_found,,藤崎 紘範,東北楽天ゴールデンイーグルス,"2005,2006",
not_found,,藤嶋 健人,中日ドラゴンズ,"2018,2019,2020,2021,2022,2023,2024",
not_found,,藤川 球児,阪神タイガース,"2005,2006,2007,2008,2009,2010,2011,2012,2016,2017,2018,2019,2020",
not_found,,藤平 尚真,東北楽天ゴールデンイーグルス,"2017,2018,2019,2020,2022,2023,2024",
not_found,,藤江 均,東北楽天ゴールデンイーグルス,2015,
not_found,,藤江 均,横浜DeNAベイスターズ,"2012,2013,2014",
not_found,,藤浪 晋太郎,阪神タイガース,"2013,2014,2015,2016,2017,2018,2019,2020,2021,2022",
not_found,,藤田 太陽,埼玉西武ライオンズ,"2009,2010,2011,2012",
not_found,,藤田 太陽,東京ヤクルトスワローズ,2013,
not_found,,藤田 太陽,阪神タイガース,2009,
not_found,,藤田 宗一,千葉ロッテマリーンズ,"2005,2006,2007",
not_found,,藤田 宗一,福岡ソフトバンクホークス,2011,
not_found,,藤田 宗一,読売ジャイアンツ,"2008,2009",
not_found,,藤田琉生,北海道日本ハムファイターズ,2025,
not_found,,藪 恵壹,東北楽天ゴールデンイーグルス,2010,
not_found,,西 勇輝,オリックス・バファローズ,2018,
not_found,,西 勇輝,阪神タイガース,"2019,2020,2021,2022,2023,2024",
not_found,,西原 圭大,広島東洋カープ,"2014,2015,2016",
not_found,,西口 文也,埼玉西武ライオンズ,"2005,2006,2007,2008,2009,2010,2011,2012,2013,2014,2015",
not_found,,西口 直人,東北楽天ゴールデンイーグルス,"2018,2021,2022,2023",
not_found,,西垣 雅矢,東北楽天ゴールデンイーグルス,"2022,2023,2024",
not_found,,西宮 悠介,東北楽天ゴールデンイーグルス,"2014,2015,2016,2017,2018,2019",
not_found,,西山 道隆,福岡ソフトバンクホークス,"2006,2007,2008",
not_found,,西崎 聡,東京ヤクルトスワローズ,"2007,2008,2009",
not_found,,西川 健太郎,中日ドラゴンズ,"2012,2013,2015",
not_found,,西川　史礁,千葉ロッテマリーンズ,2025,
not_found,,西川　愛也,埼玉西武ライオンズ,2025,
not_found,,西村 健太朗,読売ジャイアンツ,"2005,2006,2007,2008,2009,2010,2011,2012,2013,2014,2015,2016,2017",
not_found,,西村 天裕,北海道日本ハムファイターズ,"2018,2019,2020,2021,2022",
not_found,,西村 天裕,千葉ロッテマリーンズ,"2023,2024",
not_found,,西村 憲,阪神タイガース,"2009,2010,2011,2013",
not_found,,西 純矢,阪神タイガース,"2021,2022,2023,2024",
not_found,,西舘 勇陽,読売ジャイアンツ,2024,
not_found,,西野 勇士,千葉ロッテマリーンズ,"2013,2014,2015,2016,2017,2018,2019,2022,2023,2024",
not_found,,許 銘傑,埼玉西武ライオンズ,"2005,2006,2007,2008,2009,2010",
not_found,,誠,埼玉西武ライオンズ,"2014,2016,2017",
not_found,,谷中 真二,埼玉西武ライオンズ,"2008,2009,2010",
not_found,,谷中 真二,東北楽天ゴールデンイーグルス,"2005,2006,2007",
not_found,,谷元 圭介,中日ドラゴンズ,"2017,2018,2019,2020,2021,2022,2023",
not_found,,谷元 圭介,北海道日本ハムファイターズ,"2009,2010,2011,2012,2013,2014,2015,2016,2017",
not_found,,谷岡 竜平,読売ジャイアンツ,"2017,2018",
not_found,,谷川 昌希,北海道日本ハムファイターズ,"2021,2022",
not_found,,谷川 昌希,阪神タイガース,"2018,2019,2020",
not_found,,豆田 泰志,埼玉西武ライオンズ,"2023,2024",
not_found,,豊島 明好,北海道日本ハムファイターズ,2008,
not_found,,豊田 拓矢,埼玉西武ライオンズ,"2014,2015,2016,2018",
not_found,,豊田 清,埼玉西武ライオンズ,2005,
not_found,,豊田 清,広島東洋カープ,2011,
not_found,,豊田 清,読売ジャイアンツ,"2006,2007,2008,2009,2010",
not_found,,赤坂 和幸,中日ドラゴンズ,2008,
not_found,,赤川 克紀,東京ヤクルトスワローズ,"2009,2010,2011,2012,2013,2014",
not_found,,赤星 優志,読売ジャイアンツ,"2022,2023,2024",
not_found,,赤間 謙,横浜DeNAベイスターズ,2019,
not_found,,越智 大祐,読売ジャイアンツ,"2008,2009,2010,2011,2012",
not_found,,辛島 航,東北楽天ゴールデンイーグルス,"2009,2010,2012,2013,2014,2015,2016,2017,2018,2019,2020,2022,2023",
not_found,,辻 孟彦,中日ドラゴンズ,2013,
not_found,,近本　光司,阪神タイガース,2025,
not_found,,近藤 一樹,東京ヤクルトスワローズ,"2016,2017,2018,2019,2020",
not_found,,近藤 大亮,オリックス・バファローズ,"2018,2019,2022,2023",
not_found,,近藤 廉,中日ドラゴンズ,"2021,2023",
not_found,,近藤 弘樹,東京ヤクルトスワローズ,2021,
not_found,,近藤 弘樹,東北楽天ゴールデンイーグルス,"2018,2019,2020",
not_found,,進藤 拓也,横浜DeNAベイスターズ,"2017,2019,2020,2021",
not_found,,運天 ジョン・クレイトン,北海道日本ハムファイターズ,2011,
not_found,,達 孝太,北海道日本ハムファイターズ,"2022,2024",
not_found,,遠藤 政隆,中日ドラゴンズ,2005,
not_found,,遠藤 政隆,東京ヤクルトスワローズ,2007,
not_found,,遠藤 淳志,広島東洋カープ,"2019,2020,2021,2022,2023,2024",
not_found,,郭 俊麟,埼玉西武ライオンズ,"2015,2016,2018,2019",
not_found,,鄭 凱文,横浜DeNAベイスターズ,2013,
not_found,,鄭 凱文,阪神タイガース,"2011,2012",
not_found,,酒井 順也,読売ジャイアンツ,"2005,2006",
not_found,,酒居 知史,千葉ロッテマリーンズ,"2017,2018,2019",
not_found,,酒居 知史,東北楽天ゴールデンイーグルス,"2020,2021,2022,2023,2024",
not_found,,野上 亮磨,埼玉西武ライオンズ,"2009,2010,2011,2012,2013,2014,2015,2016,2017",
not_found,,野上 亮磨,読売ジャイアンツ,"2018,2019,2021",
not_found,,野口 茂樹,中日ドラゴンズ,2005,
not_found,,野口 茂樹,読売ジャイアンツ,"2006,2007",
not_found,,野川 拓斗,横浜DeNAベイスターズ,2016,
not_found,,野村 亮介,中日ドラゴンズ,2015,
not_found,,野村 祐輔,広島東洋カープ,"2012,2013,2014,2015,2016,2017,2018,2019,2020,2021,2022,2023,2024",
not_found,,野田 昇吾,埼玉西武ライオンズ,"2016,2017,2018,2019,2020",
not_found,,野間口 貴彦,読売ジャイアンツ,"2005,2006,2007,2008,2009,2010,2011,2012",
not_found,,金丸夢斗,中日ドラゴンズ,2025,
not_found,,金久保 優斗,東京ヤクルトスワローズ,"2020,2021,2022,2023,2024",
not_found,,金伏 ウーゴ,東京ヤクルトスワローズ,2015,
not_found,,金刃 憲人,東北楽天ゴールデンイーグルス,"2013,2014,2015,2016,2017",
not_found,,金刃 憲人,読売ジャイアンツ,"2007,2008,2009,2010,2011",
not_found,,金剛 弘樹,中日ドラゴンズ,"2005,2007,2008,2010",
not_found,,金子 丈,中日ドラゴンズ,"2015,2016",
not_found,,金子 千尋,オリックス・バファローズ,2018,
not_found,,金子 千尋,北海道日本ハムファイターズ,2022,
not_found,,金子 弌大,北海道日本ハムファイターズ,"2019,2020,2021",
not_found,,金平 将至,北海道日本ハムファイターズ,"2014,2015,2016",
not_found,,金村 大裕,阪神タイガース,2009,
not_found,,金村 尚真,北海道日本ハムファイターズ,"2023,2024",
not_found,,金村 曉,北海道日本ハムファイターズ,"2005,2006,2007",
not_found,,金村 曉,阪神タイガース,"2008,2009,2010",
not_found,,金森 敬之,北海道日本ハムファイターズ,"2007,2008,2009,2010",
not_found,,金森 敬之,千葉ロッテマリーンズ,"2014,2015,2016",
not_found,,金澤 健人,北海道日本ハムファイターズ,"2007,2008",
not_found,,金澤 健人,福岡ソフトバンクホークス,"2010,2011,2012,2013",
not_found,,金澤 健人,阪神タイガース,2006,
not_found,,金 無英,東北楽天ゴールデンイーグルス,2016,
not_found,,金 無英,福岡ソフトバンクホークス,"2009,2011,2012,2013,2014",
not_found,,金田 和之,オリックス・バファローズ,"2018,2019,2020,2021",
not_found,,金田 和之,阪神タイガース,"2014,2015,2016",
not_found,,金田 政彦,東北楽天ゴールデンイーグルス,"2005,2006",
not_found,,釜田 佳直,東北楽天ゴールデンイーグルス,"2012,2013,2015,2016,2017,2018,2019,2020,2021,2022",
not_found,,鈴木 健矢,北海道日本ハムファイターズ,"2020,2021,2022,2023,2024",
not_found,,鈴木 優,オリックス・バファローズ,"2019,2020,2021",
not_found,,鈴木 博志,オリックス・バファローズ,2024,
not_found,,鈴木 博志,中日ドラゴンズ,"2018,2019,2020,2021,2022,2023",
not_found,,鈴木 康平,読売ジャイアンツ,2023,
not_found,,鈴木 昭汰,千葉ロッテマリーンズ,"2021,2022,2023,2024",
not_found,,鈴木 義広,中日ドラゴンズ,"2005,2006,2007,2008,2009,2010,2011,2012,2013,2014",
not_found,,鈴木 翔天,東北楽天ゴールデンイーグルス,"2020,2021,2022,2023,2024",
not_found,,鈴木 翔太,中日ドラゴンズ,"2014,2015,2017,2018",
not_found,,鈴木 遼太郎,北海道日本ハムファイターズ,2019,
not_found,,鍬原 拓也,読売ジャイアンツ,"2018,2019,2020,2022,2023",
not_found,,鍵谷 陽平,北海道日本ハムファイターズ,"2013,2014,2015,2016,2017,2018,2019,2024",
not_found,,鍵谷 陽平,読売ジャイアンツ,"2019,2020,2021,2022,2023",
not_found,,鎌倉 健,北海道日本ハムファイターズ,"2005,2006",
not_found,,鎌田 祐哉,東京ヤクルトスワローズ,"2006,2007,2008,2009",
not_found,,長井 良太,広島東洋カープ,2018,
not_found,,長峰 昌司,中日ドラゴンズ,"2006,2007,2008,2009,2010",
not_found,,長田 秀一郎,埼玉西武ライオンズ,"2005,2006,2007,2008,2009,2010,2011,2012,2013",
not_found,,長田 秀一郎,横浜DeNAベイスターズ,"2013,2014,2015,2016",
not_found,,長谷川　信哉,埼玉西武ライオンズ,2025,
not_found,,長谷川 凌汰,北海道日本ハムファイターズ,2021,
not_found,,長谷川 威展,北海道日本ハムファイターズ,"2022,2023",
not_found,,長谷川 威展,福岡ソフトバンクホークス,2024,
not_found,,長谷川 宙輝,東京ヤクルトスワローズ,"2020,2021,2023,2024",
not_found,,長谷川 昌幸,広島東洋カープ,"2005,2006,2007,2008,2009,2010",
not_found,,長谷川 潤,読売ジャイアンツ,2016,
not_found,,長谷部 康平,東北楽天ゴールデンイーグルス,"2008,2009,2010,2011,2013,2014,2015,2016",
not_found,,長谷部 銀次,広島東洋カープ,2024,
not_found,,門倉 健,読売ジャイアンツ,"2007,2008",
not_found,,門別 啓人,阪神タイガース,"2023,2024",
not_found,,関谷 亮太,千葉ロッテマリーンズ,"2016,2017,2018",
not_found,,阪口 皓亮,東京ヤクルトスワローズ,"2023,2024",
not_found,,阪口 皓亮,横浜DeNAベイスターズ,"2019,2020,2021,2022",
not_found,,阿南 徹,読売ジャイアンツ,"2013,2014",
not_found,,阿斗里,横浜DeNAベイスターズ,2012,
not_found,,阿知羅 拓馬,中日ドラゴンズ,"2016,2017,2019",
not_found,,阿部 健太,東京ヤクルトスワローズ,"2012,2013,2014",
not_found,,阿部 健太,阪神タイガース,"2008,2009",
not_found,,阿部 和成,千葉ロッテマリーンズ,"2011,2012,2013,2015,2016,2017,2018,2019",
not_found,,阿部 翔太,オリックス・バファローズ,"2021,2022,2023,2024",
not_found,,陳 冠宇,横浜DeNAベイスターズ,2014,
not_found,,陽柏翔,東北楽天ゴールデンイーグルス,2025,
not_found,,陽 耀勲,福岡ソフトバンクホークス,"2006,2008,2009,2010,2012",
not_found,,隅田 知一郎,埼玉西武ライオンズ,"2022,2023,2024",
not_found,,雄太,中日ドラゴンズ,"2012,2013,2014,2015,2016",
not_found,,青山 大紀,オリックス・バファローズ,2018,
not_found,,青山 浩二,東北楽天ゴールデンイーグルス,"2006,2007,2008,2009,2010,2011,2012,2013,2014,2015,2016,2017,2018,2019,2020",
not_found,,青山 美夏人,埼玉西武ライオンズ,"2023,2024",
not_found,,青木 勇人,埼玉西武ライオンズ,2005,
not_found,,青木 勇人,広島東洋カープ,"2006,2007,2008,2009,2010",
not_found,,青木 高広,広島東洋カープ,"2007,2008,2009,2010,2011",
not_found,,青木 高広,読売ジャイアンツ,"2013,2014",
not_found,,青柳 晃洋,阪神タイガース,"2016,2017,2018,2019,2020,2021,2022,2023,2024",
not_found,,須永 英輝,北海道日本ハムファイターズ,"2005,2006,2007,2009,2010,2015",
not_found,,須永 英輝,読売ジャイアンツ,2014,
not_found,,須田 幸太,横浜DeNAベイスターズ,"2012,2013,2014,2015,2016,2017,2018",
not_found,,頓宮　裕真,オリックス・バファローズ,2025,
not_found,,風張 蓮,東京ヤクルトスワローズ,"2015,2016,2017,2018,2019,2020",
not_found,,風張 蓮,横浜DeNAベイスターズ,2021,
not_found,,飯塚 悟史,横浜DeNAベイスターズ,"2017,2018,2019",
not_found,,飯田 優也,オリックス・バファローズ,2020,
not_found,,飯田 優也,福岡ソフトバンクホークス,"2014,2015,2016,2017,2018",
not_found,,飯田 優也,阪神タイガース,"2018,2019",
not_found,,飯田 哲矢,広島東洋カープ,"2015,2016,2017,2018",
not_found,,館山 昌平,東京ヤクルトスワローズ,"2005,2006,2007,2008,2009,2010,2011,2012,2013,2015,2016,2017,2018,2019",
not_found,,香月 良仁,千葉ロッテマリーンズ,"2010,2012,2013,2014,2015,2016",
not_found,,香月 良太,読売ジャイアンツ,"2013,2014,2015",
not_found,,馬原 孝浩,福岡ソフトバンクホークス,"2005,2006,2007,2008,2009,2010,2011",
not_found,,馬場 皐輔,読売ジャイアンツ,2024,
not_found,,馬場 皐輔,阪神タイガース,"2018,2019,2020,2021,2022,2023",
not_found,,高井 雄平,東京ヤクルトスワローズ,"2005,2006,2007,2008,2009",
not_found,,高堀 和也,東北楽天ゴールデンイーグルス,"2012,2013",
not_found,,高宮 和也,阪神タイガース,"2013,2014,2015,2016",
not_found,,高島 祥平,中日ドラゴンズ,2010,
not_found,,高崎 健太郎,横浜DeNAベイスターズ,"2012,2013,2014,2015,2017",
not_found,,高市 俊,東京ヤクルトスワローズ,"2007,2008,2009,2010,2011",
not_found,,高木 京介,読売ジャイアンツ,"2012,2013,2014,2015,2018,2019,2020,2021,2022,2023",
not_found,,高木 勇人,埼玉西武ライオンズ,"2018,2019",
not_found,,高木 勇人,読売ジャイアンツ,"2015,2016,2017",
not_found,,高木 啓充,東京ヤクルトスワローズ,"2006,2008,2009,2010",
not_found,,高木 康成,読売ジャイアンツ,"2010,2011,2012,2013",
not_found,,高木 晃次,千葉ロッテマリーンズ,"2005,2006,2007,2008,2009",
not_found,,高村 祐,東北楽天ゴールデンイーグルス,2005,
not_found,,高梨 裕稔,北海道日本ハムファイターズ,"2015,2016,2017,2018",
not_found,,高梨 裕稔,東京ヤクルトスワローズ,"2019,2020,2021,2022,2023,2024",
not_found,,高梨 雄平,東北楽天ゴールデンイーグルス,"2017,2018,2019",
not_found,,高梨 雄平,読売ジャイアンツ,"2020,2021,2022,2023,2024",
not_found,,高橋 光成,埼玉西武ライオンズ,2015,
not_found,,高橋 奎二,東京ヤクルトスワローズ,"2018,2019,2020,2021,2022,2023,2024",
not_found,,高橋 尚成,横浜DeNAベイスターズ,2015,
not_found,,高橋 尚成,読売ジャイアンツ,"2005,2006,2007,2008,2009",
not_found,,高橋幸佑,中日ドラゴンズ,2025,
not_found,,高橋 建,広島東洋カープ,"2005,2006,2007,2008,2010",
not_found,,高橋 徹,福岡ソフトバンクホークス,2010,
not_found,,高橋 昂也,広島東洋カープ,"2018,2021,2024",
not_found,,高橋 朋己,埼玉西武ライオンズ,"2013,2014,2015",
not_found,,高橋 樹也,広島東洋カープ,"2017,2018,2020,2021",
not_found,,高橋 礼,福岡ソフトバンクホークス,"2018,2019,2020,2021,2022,2023",
not_found,,高橋 礼,読売ジャイアンツ,2024,
not_found,,高橋 秀聡,福岡ソフトバンクホークス,"2005,2006,2008,2009,2010,2011",
not_found,,高橋 聡文,中日ドラゴンズ,"2005,2006,2007,2008,2009,2010,2011,2012,2013,2014,2015",
not_found,,高津 臣吾,東京ヤクルトスワローズ,"2006,2007",
not_found,,高田 孝一,東北楽天ゴールデンイーグルス,"2021,2022,2023,2024",
not_found,,高野 圭佑,千葉ロッテマリーンズ,"2016,2017,2018,2019",
not_found,,高野 圭佑,阪神タイガース,2019,
not_found,,高野 脩汰,千葉ロッテマリーンズ,"2023,2024",
not_found,,髙 太一,広島東洋カープ,2024,
not_found,,髙島 泰都,オリックス・バファローズ,2024,
not_found,,髙橋 優貴,読売ジャイアンツ,"2019,2020,2021,2022,2023",
not_found,,髙橋 光成,埼玉西武ライオンズ,"2016,2017,2018,2019,2020,2021,2022,2023,2024",
not_found,,髙橋 宏斗,中日ドラゴンズ,"2022,2023,2024",
not_found,,髙橋 朋己,埼玉西武ライオンズ,"2016,2017,2018",
not_found,,髙橋 純平,福岡ソフトバンクホークス,"2017,2019,2021",
not_found,,髙橋 聡文,阪神タイガース,"2016,2017,2018,2019",
not_found,,髙橋 遥人,阪神タイガース,"2018,2019,2020,2021,2024",
not_found,,髙田 萌生,東北楽天ゴールデンイーグルス,"2021,2022",
not_found,,髙田 萌生,読売ジャイアンツ,"2018,2019",
not_found,,鴨志田 貴司,読売ジャイアンツ,"2005,2006",
not_found,,鶴 直人,阪神タイガース,"2008,2009,2010,2011,2012,2013,2014,2015,2016",
not_found,,麦谷祐介,オリックス・バファローズ,2025,
not_found,,黄 志龍,読売ジャイアンツ,2010,
not_found,,黒原 拓未,広島東洋カープ,"2022,2023,2024",
not_found,,黒木 優太,オリックス・バファローズ,"2018,2022,2023",
not_found,,黒木 優太,北海道日本ハムファイターズ,2024,
not_found,,黒木 知宏,千葉ロッテマリーンズ,"2005,2006,2007",
not_found,,黒沢 翔太,千葉ロッテマリーンズ,"2013,2014,2015,2016,2017",
not_found,,黒田 博樹,広島東洋カープ,"2005,2006,2007,2015,2016",
not_found,,齊藤 信介,中日ドラゴンズ,"2006,2008,2009",
not_found,,齊藤 勝,北海道日本ハムファイターズ,"2013,2014",
not_found,,齊藤 大将,埼玉西武ライオンズ,"2018,2019,2020",
not_found,,齊藤 悠葵,広島東洋カープ,"2006,2007,2008,2009,2010,2012",
not_found,,齋藤 俊介,横浜DeNAベイスターズ,2019,
not_found,,齋藤 友貴哉,北海道日本ハムファイターズ,2024,
not_found,,齋藤 友貴哉,阪神タイガース,"2019,2020,2021,2022",
not_found,,齋藤 綱記,オリックス・バファローズ,"2018,2019,2020,2021,2022",
not_found,,齋藤 綱記,中日ドラゴンズ,"2023,2024",
not_found,,齋藤 綱記,北海道日本ハムファイターズ,2023,
not_found,,齋藤 響介,オリックス・バファローズ,"2023,2024",
not_found,,龍山暖,埼玉西武ライオンズ,2025,
not_found,,Ｂ．ロドリゲス,北海道日本ハムファイターズ,2021,
not_found,,Ｃ．Ｃ．リー,埼玉西武ライオンズ,2016,
not_found,,ＤＪ．ジョンソン,広島東洋カープ,2020,
not_found,,ＧＧ,読売ジャイアンツ,2007,
not_found,,Ｊ．Ｔ．シャギワ,東北楽天ゴールデンイーグルス,2020,
not_found,,Ｋ－鈴木,オリックス・バファローズ,"2018,2019,2020,2021,2022",
not_found,,Ｋ．ケラー,阪神タイガース,2023,
not_found,,Ｋ．ジョンソン,広島東洋カープ,2020,
not_found,,Ｍ．中村,読売ジャイアンツ,2009,
not_found,,ＭＩＣＨＥＡＬ,北海道日本ハムファイターズ,"2005,2006,2007,2008",
not_found,,ＭＩＣＨＥＡＬ,埼玉西武ライオンズ,2012,
not_found,,ＭＩＣＨＥＡＬ,読売ジャイアンツ,"2010,2011",
not_found,,Ｒ．マルティネス,中日ドラゴンズ,"2018,2019,2020,2021,2022",
