year,league,team,player_id,player_name_ja,player_name_en,G,PA,AB,R,H,2B,3B,HR,TB,RBI,SB,CS,SH,SF,BB,IBB,HBP,SO,GDP,AVG,OBP,SLG,OPS,1B,IsoP,IsoD,IOPS,BB%,K%,BB/K,BABIP,GPA,NOI,SecA,TA
2021,PL,千葉ロッテマリーンズ,1005112,田中　靖洋,Y.Tanaka,38.0,0.0,0.0,0.0,0.0,0.0,0.0,0.0,0.0,0.0,0.0,0,0.0,0.0,0.0,0,0.0,0.0,0.0,,,,,0.0,,,,,,,,,,,
2021,PL,北海道日本ハムファイターズ,1005130,髙濱　祐仁,Y.Takahama,107.0,404.0,367.0,34.0,96.0,21.0,1.0,8.0,143.0,43.0,2,0,11.0,2.0,23.0,0,1.0,82.0,10.0,0.262,0.305,0.39,0.695,66.0,0.128,0.0429999999999999,0.433,0.0569306930693069,0.2029702970297029,0.2804878048780488,0.3154121863799283,0.23475,435.0,0.1934604904632152,0.594306049822064
2021,PL,福岡ソフトバンクホークス,1005133,千賀　滉大,K.Senga,13.0,0.0,0.0,0.0,0.0,0.0,0.0,0.0,0.0,0.0,0.0,0,0.0,0.0,0.0,0,0.0,0.0,0.0,,,,,0.0,,,,,,,,,,,
2021,PL,福岡ソフトバンクホークス,1005135,武田　翔太,S.Takeda,12.0,5.0,4.0,0.0,1.0,0.0,0.0,0.0,1.0,0.0,0.0,0,1.0,0.0,0.0,0,0.0,1.0,0.0,0.25,0.25,0.25,0.5,1.0,0.0,0.0,0.25,0.0,0.2,0.0,0.3333333333333333,0.175,333.3333333333333,0.0,0.3333333333333333
2021,PL,福岡ソフトバンクホークス,1005136,高橋　礼,R.Takahashi,11.0,0.0,0.0,0.0,0.0,0.0,0.0,0.0,0.0,0.0,0.0,0,0.0,0.0,0.0,0,0.0,0.0,0.0,,,,,0.0,,,,,,,,,,,
2021,PL,福岡ソフトバンクホークス,1005137,東浜　巨,N.Higashihama,14.0,4.0,4.0,0.0,0.0,0.0,0.0,0.0,0.0,0.0,0.0,0,0.0,0.0,0.0,0,0.0,4.0,0.0,0.0,0.0,0.0,0.0,0.0,0.0,0.0,0.0,0.0,1.0,0.0,,0.0,0.0,0.0,0.0
2021,PL,千葉ロッテマリーンズ,1005138,土居　豪人,H.Doi,14.0,0.0,0.0,0.0,0.0,0.0,0.0,0.0,0.0,0.0,0.0,0,0.0,0.0,0.0,0,0.0,0.0,0.0,,,,,0.0,,,,,,,,,,,
2021,PL,埼玉西武ライオンズ,1005153,佐々木　健,T.Sasaki,5.0,1.0,0.0,0.0,0.0,0.0,0.0,0.0,0.0,0.0,0.0,0,0.0,0.0,1.0,0,0.0,0.0,0.0,,1.0,,,0.0,,,,1.0,0.0,,,,,,
2021,PL,東北楽天ゴールデンイーグルス,11015133,塩見　貴洋,T.Shiomi,1.0,2.0,2.0,0.0,0.0,0.0,0.0,0.0,0.0,0.0,0.0,0,0.0,0.0,0.0,0,0.0,1.0,0.0,0.0,0.0,0.0,0.0,0.0,0.0,0.0,0.0,0.0,0.5,0.0,0.0,0.0,0.0,0.0,0.0
2021,PL,福岡ソフトバンクホークス,11015136,リチャード,R.Richado（sunagawa,34.0,116.0,105.0,11.0,19.0,4.0,0.0,7.0,44.0,20.0,0.0,0,0.0,3.0,6.0,0,2.0,38.0,1.0,0.181,0.233,0.419,0.652,8.0,0.238,0.052,0.471,0.0517241379310344,0.3275862068965517,0.1578947368421052,0.1904761904761904,0.2096,372.6666666666667,0.3142857142857143,0.5977011494252874
2021,PL,東北楽天ゴールデンイーグルス,11015138,辰己　涼介,R.Tatsumi,130.0,443.0,374.0,49.0,84.0,13.0,1.0,10.0,129.0,32.0,6.0,6,11.0,1.0,51.0,0,6.0,99.0,7.0,0.225,0.326,0.345,0.671,60.0,0.1199999999999999,0.101,0.4459999999999999,0.1151241534988713,0.2234762979683973,0.5151515151515151,0.2781954887218045,0.23295,441.0,0.2887700534759358,0.6464646464646465
2021,PL,北海道日本ハムファイターズ,1105134,池田　隆英,T.Ikeda,18.0,3.0,2.0,0.0,0.0,0.0,0.0,0.0,0.0,0.0,0.0,0,1.0,0.0,0.0,0,0.0,2.0,0.0,0.0,0.0,0.0,0.0,0.0,0.0,0.0,0.0,0.0,0.6666666666666666,0.0,,0.0,0.0,0.0,0.0
2021,PL,福岡ソフトバンクホークス,1105138,泉　圭輔,K.Izumi,31.0,0.0,0.0,0.0,0.0,0.0,0.0,0.0,0.0,0.0,0.0,0,0.0,0.0,0.0,0,0.0,0.0,0.0,,,,,0.0,,,,,,,,,,,
2021,PL,オリックス・バファローズ,1105153,阿部　翔太,S.Abe,4.0,0.0,0.0,0.0,0.0,0.0,0.0,0.0,0.0,0.0,0.0,0,0.0,0.0,0.0,0,0.0,0.0,0.0,,,,,0.0,,,,,,,,,,,
2021,PL,東北楽天ゴールデンイーグルス,11215114,田中　将大,M.Tanaka,23.0,2.0,2.0,0.0,1.0,0.0,0.0,0.0,1.0,0.0,0.0,0,0.0,0.0,0.0,0,0.0,1.0,0.0,0.5,0.5,0.5,1.0,1.0,0.0,0.0,0.5,0.0,0.5,0.0,1.0,0.35,666.6666666666666,0.0,1.0
2021,PL,福岡ソフトバンクホークス,11215116,中村　晃,A.Nakamura,139.0,552.0,462.0,49.0,113.0,20.0,2.0,8.0,161.0,56.0,1.0,1,11.0,6.0,70.0,0,3.0,59.0,8.0,0.245,0.344,0.348,0.692,83.0,0.1029999999999999,0.0989999999999999,0.4469999999999999,0.1268115942028985,0.1068840579710145,1.1864406779661016,0.2618453865336658,0.2418,460.0,0.264069264069264,0.6582633053221288
2021,PL,北海道日本ハムファイターズ,11215118,中島　卓也,T.Nakashima,67.0,117.0,97.0,11.0,18.0,0.0,0.0,0.0,18.0,1.0,7,2,8.0,0.0,12.0,0,0.0,29.0,0.0,0.186,0.275,0.186,0.461,18.0,0.0,0.089,0.275,0.1025641025641025,0.2478632478632478,0.4137931034482758,0.2647058823529412,0.17025,337.0,0.1443298969072164,0.4050632911392405
2021,PL,福岡ソフトバンクホークス,11215132,谷川原　健太,K.Tanigawara,59.0,57.0,48.0,8.0,7.0,1.0,0.0,1.0,11.0,5.0,1.0,1,2.0,0.0,7.0,0,0.0,21.0,0.0,0.146,0.255,0.229,0.484,5.0,0.083,0.109,0.338,0.1228070175438596,0.3684210526315789,0.3333333333333333,0.2307692307692307,0.172,331.33333333333337,0.25,0.4634146341463415
2021,PL,東北楽天ゴールデンイーグルス,11215134,田中　和基,K.Tanaka,61.0,67.0,59.0,5.0,8.0,0.0,0.0,0.0,8.0,3.0,0.0,0,0.0,0.0,7.0,0,1.0,16.0,0.0,0.136,0.239,0.136,0.375,8.0,0.0,0.1029999999999999,0.239,0.1044776119402985,0.2388059701492537,0.4375,0.1860465116279069,0.14155,284.3333333333333,0.135593220338983,0.3137254901960784
2021,PL,千葉ロッテマリーンズ,11215151,髙部　瑛斗,A.Takabe,33.0,69.0,55.0,6.0,8.0,1.0,0.0,1.0,12.0,6.0,4,0,7.0,0.0,7.0,0,0.0,19.0,1.0,0.145,0.242,0.218,0.46,6.0,0.073,0.097,0.315,0.1014492753623188,0.2753623188405797,0.3684210526315789,0.2,0.1634,314.66666666666663,0.2,0.3958333333333333
2021,PL,オリックス・バファローズ,11215153,佐野　如一,Y.Sano,10.0,9.0,8.0,0.0,0.0,0.0,0.0,0.0,0.0,0.0,0.0,0,1.0,0.0,0.0,0,0.0,5.0,0.0,0.0,0.0,0.0,0.0,0.0,0.0,0.0,0.0,0.0,0.5555555555555556,0.0,0.0,0.0,0.0,0.0,0.0
2021,PL,北海道日本ハムファイターズ,11315134,今井　順之助,J.Imai,1.0,3.0,2.0,0.0,0.0,0.0,0.0,0.0,0.0,0.0,0.0,0,0.0,0.0,1.0,0,0.0,0.0,0.0,0.0,0.333,0.0,0.333,0.0,0.0,0.333,0.333,0.3333333333333333,0.0,,0.0,0.14985,333.0,0.5,0.5
2021,PL,埼玉西武ライオンズ,11315136,伊藤　翔,S.Itou,13.0,0.0,0.0,0.0,0.0,0.0,0.0,0.0,0.0,0.0,0.0,0,0.0,0.0,0.0,0,0.0,0.0,0.0,,,,,0.0,,,,,,,,,,,
2021,PL,オリックス・バファローズ,11315138,漆原　大晟,T.Urushihara,34.0,0.0,0.0,0.0,0.0,0.0,0.0,0.0,0.0,0.0,0.0,0,0.0,0.0,0.0,0,0.0,0.0,0.0,,,,,0.0,,,,,,,,,,,
2021,PL,千葉ロッテマリーンズ,11315139,井上　晴哉,S.Inoue,23.0,53.0,51.0,1.0,10.0,1.0,0.0,1.0,14.0,6.0,0.0,0,0.0,0.0,1.0,0,1.0,8.0,4.0,0.196,0.226,0.275,0.501,8.0,0.079,0.03,0.305,0.0188679245283018,0.1509433962264151,0.125,0.2142857142857142,0.17045,317.66666666666663,0.1176470588235294,0.3555555555555555
2021,PL,北海道日本ハムファイターズ,11315153,五十幡　亮汰,R.Isobata,27.0,84.0,80.0,13.0,18.0,3.0,1.0,1.0,26.0,5.0,9,1,2.0,0.0,2.0,0,0.0,19.0,0.0,0.225,0.244,0.325,0.569,13.0,0.1,0.0189999999999999,0.344,0.0238095238095238,0.2261904761904762,0.1052631578947368,0.2833333333333333,0.19105,352.3333333333333,0.1375,0.4677419354838709
2021,PL,福岡ソフトバンクホークス,11415138,野村　大樹,D.Nomura,7.0,19.0,17.0,1.0,3.0,1.0,0.0,0.0,4.0,3.0,0.0,0,0.0,0.0,2.0,0,0.0,5.0,0.0,0.176,0.263,0.235,0.498,2.0,0.059,0.087,0.322,0.1052631578947368,0.2631578947368421,0.4,0.25,0.1771,341.3333333333333,0.1764705882352941,0.4285714285714285
2021,PL,東北楽天ゴールデンイーグルス,11415151,津留﨑　大成,T.Tsurusaki,11.0,0.0,0.0,0.0,0.0,0.0,0.0,0.0,0.0,0.0,0.0,0,0.0,0.0,0.0,0,0.0,0.0,0.0,,,,,0.0,,,,,,,,,,,
2021,PL,オリックス・バファローズ,11515132,大城　滉二,K.Ooshiro,49.0,71.0,61.0,4.0,11.0,3.0,0.0,0.0,14.0,5.0,1,0,5.0,0.0,3.0,0,2.0,14.0,2.0,0.18,0.242,0.23,0.472,8.0,0.05,0.062,0.292,0.0422535211267605,0.1971830985915492,0.2142857142857142,0.2340425531914893,0.1664,318.66666666666663,0.1311475409836065,0.3653846153846153
2021,PL,千葉ロッテマリーンズ,11515138,小島　和哉,K.Ojima,24.0,2.0,1.0,0.0,0.0,0.0,0.0,0.0,0.0,0.0,0.0,0,1.0,0.0,0.0,0,0.0,1.0,0.0,0.0,0.0,0.0,0.0,0.0,0.0,0.0,0.0,0.0,0.5,0.0,,0.0,0.0,0.0,0.0
2021,PL,千葉ロッテマリーンズ,11515139,岡　大海,H.Oka,110.0,185.0,161.0,31.0,39.0,6.0,0.0,6.0,63.0,18.0,11,1,5.0,0.0,14.0,0,5.0,44.0,6.0,0.242,0.322,0.391,0.713,27.0,0.149,0.08,0.471,0.0756756756756756,0.2378378378378378,0.3181818181818182,0.2972972972972973,0.24265,452.33333333333337,0.2732919254658385,0.6484375
2021,PL,千葉ロッテマリーンズ,11615114,福田　秀平,S.Fukuda,4.0,13.0,12.0,1.0,1.0,1.0,0.0,0.0,2.0,2.0,1,0,0.0,0.0,1.0,0,0.0,4.0,0.0,0.083,0.154,0.167,0.321,0.0,0.084,0.071,0.238,0.0769230769230769,0.3076923076923077,0.25,0.125,0.11105,209.66666666666663,0.1666666666666666,0.2727272727272727
2021,PL,北海道日本ハムファイターズ,11615137,谷内　亮太,R.Yachi,106.0,44.0,39.0,3.0,7.0,0.0,0.0,0.0,7.0,2.0,0.0,0,1.0,1.0,3.0,0,0.0,5.0,1.0,0.179,0.233,0.179,0.412,7.0,0.0,0.054,0.233,0.0681818181818181,0.1136363636363636,0.6,0.2,0.1496,292.6666666666667,0.0769230769230769,0.303030303030303
2021,PL,北海道日本ハムファイターズ,11615138,福田　俊,S.Fukuda,5.0,0.0,0.0,0.0,0.0,0.0,0.0,0.0,0.0,0.0,0.0,0,0.0,0.0,0.0,0,0.0,0.0,0.0,,,,,0.0,,,,,,,,,,,
2021,PL,福岡ソフトバンクホークス,11715131,川原　弘之,H.Kawahara,3.0,0.0,0.0,0.0,0.0,0.0,0.0,0.0,0.0,0.0,0.0,0,0.0,0.0,0.0,0,0.0,0.0,0.0,,,,,0.0,,,,,,,,,,,
2021,PL,福岡ソフトバンクホークス,11715132,川瀬　晃,H.Kawase,21.0,30.0,27.0,2.0,5.0,0.0,0.0,0.0,5.0,0.0,1,0,1.0,0.0,2.0,0,0.0,9.0,0.0,0.185,0.241,0.185,0.426,5.0,0.0,0.0559999999999999,0.241,0.0666666666666666,0.3,0.2222222222222222,0.2777777777777778,0.1547,302.66666666666663,0.074074074074074,0.3181818181818182
2021,PL,千葉ロッテマリーンズ,11715153,小川　龍成,R.Ogawa,20.0,6.0,6.0,5.0,0.0,0.0,0.0,0.0,0.0,0.0,2,0,0.0,0.0,0.0,0,0.0,2.0,0.0,0.0,0.0,0.0,0.0,0.0,0.0,0.0,0.0,0.0,0.3333333333333333,0.0,0.0,0.0,0.0,0.0,0.0
2021,PL,福岡ソフトバンクホークス,11815117,和田　毅,T.Wada,18.0,3.0,3.0,0.0,0.0,0.0,0.0,0.0,0.0,0.0,0.0,0,0.0,0.0,0.0,0,0.0,1.0,0.0,0.0,0.0,0.0,0.0,0.0,0.0,0.0,0.0,0.0,0.3333333333333333,0.0,0.0,0.0,0.0,0.0,0.0
2021,PL,オリックス・バファローズ,11815130,宗　佑磨,Y.Mune,139.0,543.0,481.0,71.0,131.0,17.0,7.0,9.0,189.0,42.0,8,4,14.0,2.0,33.0,0,13.0,62.0,15.0,0.272,0.335,0.393,0.728,98.0,0.121,0.063,0.456,0.0607734806629834,0.1141804788213628,0.532258064516129,0.2961165048543689,0.249,466.0,0.2245322245322245,0.6547945205479452
2021,PL,北海道日本ハムファイターズ,11815138,万波　中正,C.Mannami,49.0,133.0,126.0,12.0,25.0,9.0,1.0,5.0,51.0,13.0,0,1,0.0,1.0,4.0,0,2.0,53.0,3.0,0.198,0.233,0.405,0.638,10.0,0.207,0.035,0.44,0.0300751879699248,0.3984962406015037,0.0754716981132075,0.2898550724637681,0.2061,368.0,0.2619047619047619,0.5576923076923077
2021,PL,オリックス・バファローズ,11915130,齋藤　綱記,K.Saitou,4.0,0.0,0.0,0.0,0.0,0.0,0.0,0.0,0.0,0.0,0.0,0,0.0,0.0,0.0,0,0.0,0.0,0.0,,,,,0.0,,,,,,,,,,,
2021,PL,福岡ソフトバンクホークス,11915137,髙田　知季,T.Takata,61.0,17.0,12.0,2.0,2.0,0.0,1.0,0.0,4.0,2.0,1,0,2.0,1.0,2.0,0,0.0,4.0,0.0,0.167,0.267,0.333,0.6,1.0,0.166,0.1,0.433,0.1176470588235294,0.2352941176470588,0.5,0.2222222222222222,0.2034,378.0,0.3333333333333333,0.6
2021,PL,埼玉西武ライオンズ,1205130,戸川　大輔,D.Togawa,8.0,18.0,17.0,0.0,1.0,0.0,0.0,0.0,1.0,1.0,0.0,0,0.0,1.0,0.0,0,0.0,5.0,0.0,0.059,0.056,0.059,0.115,1.0,0.0,-0.0029999999999999,0.056,0.0,0.2777777777777778,0.0,0.0769230769230769,0.03995,75.66666666666666,0.0,0.0625
2021,PL,埼玉西武ライオンズ,1205134,田村　伊知郎,I.Tamura,22.0,0.0,0.0,0.0,0.0,0.0,0.0,0.0,0.0,0.0,0.0,0,0.0,0.0,0.0,0,0.0,0.0,0.0,,,,,0.0,,,,,,,,,,,
2021,PL,千葉ロッテマリーンズ,1205138,中村　稔弥,T.Nakamura,14.0,0.0,0.0,0.0,0.0,0.0,0.0,0.0,0.0,0.0,0.0,0,0.0,0.0,0.0,0,0.0,0.0,0.0,,,,,0.0,,,,,,,,,,,
2021,PL,東北楽天ゴールデンイーグルス,1205153,高田　孝一,K.Takada,3.0,0.0,0.0,0.0,0.0,0.0,0.0,0.0,0.0,0.0,0.0,0,0.0,0.0,0.0,0,0.0,0.0,0.0,,,,,0.0,,,,,,,,,,,
2021,PL,東北楽天ゴールデンイーグルス,1305139,内田　靖人,Y.Uchida,25.0,60.0,54.0,2.0,11.0,2.0,0.0,1.0,16.0,11.0,0.0,0,1.0,3.0,1.0,0,1.0,19.0,1.0,0.204,0.22,0.296,0.516,8.0,0.092,0.016,0.312,0.0166666666666666,0.3166666666666666,0.0526315789473684,0.2702702702702703,0.173,318.66666666666663,0.1296296296296296,0.4090909090909091
2021,PL,北海道日本ハムファイターズ,1305151,上野　響平,K.Ueno,4.0,2.0,2.0,0.0,0.0,0.0,0.0,0.0,0.0,0.0,0.0,0,0.0,0.0,0.0,0,0.0,1.0,0.0,0.0,0.0,0.0,0.0,0.0,0.0,0.0,0.0,0.0,0.5,0.0,0.0,0.0,0.0,0.0,0.0
2021,PL,埼玉西武ライオンズ,13115130,山田　遥楓,H.Yamada,98.0,173.0,147.0,14.0,29.0,6.0,1.0,0.0,37.0,18.0,1,2,10.0,3.0,13.0,0,0.0,41.0,1.0,0.197,0.258,0.252,0.51,22.0,0.0549999999999999,0.061,0.313,0.0751445086705202,0.2369942196531791,0.3170731707317073,0.2660550458715596,0.1791,342.0,0.1564625850340136,0.4369747899159664
2021,PL,オリックス・バファローズ,13115136,山足　達也,T.Yamaashi,53.0,39.0,33.0,8.0,9.0,0.0,0.0,0.0,9.0,1.0,0.0,0,2.0,0.0,4.0,0,0.0,5.0,0.0,0.273,0.351,0.273,0.624,9.0,0.0,0.0779999999999999,0.351,0.1025641025641025,0.1282051282051282,0.8,0.3214285714285714,0.2262,442.0,0.1212121212121212,0.5416666666666666
2021,PL,北海道日本ハムファイターズ,13115138,吉田　輝星,K.Yoshida,1.0,0.0,0.0,0.0,0.0,0.0,0.0,0.0,0.0,0.0,0.0,0,0.0,0.0,0.0,0,0.0,0.0,0.0,,,,,0.0,,,,,,,,,,,
2021,PL,千葉ロッテマリーンズ,13115151,本前　郁也,F.Motomae,8.0,1.0,1.0,0.0,0.0,0.0,0.0,0.0,0.0,0.0,0.0,0,0.0,0.0,0.0,0,0.0,0.0,0.0,0.0,0.0,0.0,0.0,0.0,0.0,0.0,0.0,0.0,0.0,,0.0,0.0,0.0,0.0,0.0
2021,PL,オリックス・バファローズ,13315132,吉田　凌,R.Yoshida,18.0,0.0,0.0,0.0,0.0,0.0,0.0,0.0,0.0,0.0,0.0,0,0.0,0.0,0.0,0,0.0,0.0,0.0,,,,,0.0,,,,,,,,,,,
2021,PL,福岡ソフトバンクホークス,13315133,W.バレンティン,W.Balentien,22.0,60.0,55.0,7.0,10.0,3.0,0.0,4.0,25.0,9.0,0.0,0,0.0,0.0,5.0,0,0.0,19.0,2.0,0.182,0.25,0.455,0.705,3.0,0.273,0.068,0.523,0.0833333333333333,0.3166666666666666,0.2631578947368421,0.1875,0.22625,401.6666666666667,0.3636363636363636,0.6382978723404256
2021,PL,埼玉西武ライオンズ,13315138,Z.ニール,Z.Neal,11.0,0.0,0.0,0.0,0.0,0.0,0.0,0.0,0.0,0.0,0.0,0,0.0,0.0,0.0,0,0.0,0.0,0.0,,,,,0.0,,,,,,,,,,,
2021,PL,オリックス・バファローズ,1405136,西村　凌,R.Nishimura,13.0,45.0,42.0,0.0,9.0,2.0,0.0,0.0,11.0,2.0,0.0,0,0.0,0.0,3.0,0,0.0,6.0,1.0,0.214,0.267,0.262,0.529,7.0,0.048,0.053,0.315,0.0666666666666666,0.1333333333333333,0.5,0.25,0.18565,354.3333333333333,0.119047619047619,0.4117647058823529
2021,PL,福岡ソフトバンクホークス,1405139,森　唯斗,Y.Mori,30.0,0.0,0.0,0.0,0.0,0.0,0.0,0.0,0.0,0.0,0.0,0,0.0,0.0,0.0,0,0.0,0.0,0.0,,,,,0.0,,,,,,,,,,,
2021,PL,千葉ロッテマリーンズ,1505114,大嶺　祐太,Y.Oomine,8.0,0.0,0.0,0.0,0.0,0.0,0.0,0.0,0.0,0.0,0.0,0,0.0,0.0,0.0,0,0.0,0.0,0.0,,,,,0.0,,,,,,,,,,,
2021,PL,福岡ソフトバンクホークス,1505130,笠谷　俊介,S.Kasaya,16.0,2.0,2.0,0.0,0.0,0.0,0.0,0.0,0.0,0.0,0.0,0,0.0,0.0,0.0,0,0.0,1.0,0.0,0.0,0.0,0.0,0.0,0.0,0.0,0.0,0.0,0.0,0.5,0.0,0.0,0.0,0.0,0.0,0.0
2021,PL,東北楽天ゴールデンイーグルス,1505132,オコエ　瑠偉,R.Okoe,42.0,110.0,94.0,7.0,21.0,1.0,0.0,0.0,22.0,6.0,3,0,7.0,0.0,8.0,0,1.0,21.0,1.0,0.223,0.291,0.234,0.525,20.0,0.011,0.0679999999999999,0.302,0.0727272727272727,0.1909090909090909,0.3809523809523809,0.2876712328767123,0.1894499999999999,369.0,0.1063829787234042,0.4189189189189189
2021,PL,北海道日本ハムファイターズ,1505136,北浦　竜次,R.Kitaura,3.0,0.0,0.0,0.0,0.0,0.0,0.0,0.0,0.0,0.0,0.0,0,0.0,0.0,0.0,0,0.0,0.0,0.0,,,,,0.0,,,,,,,,,,,
2021,PL,埼玉西武ライオンズ,1505137,金子　侑司,Y.Kaneko,101.0,220.0,198.0,24.0,38.0,7.0,1.0,0.0,47.0,9.0,9.0,9,6.0,2.0,12.0,0,2.0,39.0,7.0,0.192,0.243,0.237,0.48,30.0,0.0449999999999999,0.0509999999999999,0.288,0.0545454545454545,0.1772727272727272,0.3076923076923077,0.2360248447204969,0.1686,322.0,0.1616161616161616,0.4191616766467065
2021,PL,福岡ソフトバンクホークス,1505151,大関　友久,T.Oozeki,12.0,0.0,0.0,0.0,0.0,0.0,0.0,0.0,0.0,0.0,0.0,0,0.0,0.0,0.0,0,0.0,0.0,0.0,,,,,0.0,,,,,,,,,,,
2021,PL,北海道日本ハムファイターズ,1605132,平沼　翔太,S.Hiranuma,32.0,85.0,72.0,4.0,14.0,3.0,1.0,0.0,19.0,3.0,0.0,0,4.0,0.0,8.0,0,1.0,18.0,0.0,0.194,0.284,0.264,0.548,10.0,0.07,0.0899999999999999,0.354,0.0941176470588235,0.2117647058823529,0.4444444444444444,0.2592592592592592,0.1938,372.0,0.1944444444444444,0.4827586206896552
2021,PL,埼玉西武ライオンズ,1605132,平沼　翔太,S.Hiranuma,9.0,13.0,13.0,0.0,2.0,1.0,0.0,0.0,3.0,0.0,0.0,0,0.0,0.0,0.0,0,0.0,5.0,0.0,0.154,0.154,0.231,0.385,1.0,0.077,0.0,0.231,0.0,0.3846153846153846,0.0,0.25,0.12705,231.0,0.0769230769230769,0.2727272727272727
2021,PL,千葉ロッテマリーンズ,1605133,美馬　学,M.Mima,21.0,2.0,2.0,0.0,0.0,0.0,0.0,0.0,0.0,0.0,0.0,0,0.0,0.0,0.0,0,0.0,1.0,0.0,0.0,0.0,0.0,0.0,0.0,0.0,0.0,0.0,0.0,0.5,0.0,0.0,0.0,0.0,0.0,0.0
2021,PL,オリックス・バファローズ,1605136,福田　周平,S.Fukuda,107.0,471.0,408.0,47.0,112.0,14.0,1.0,1.0,131.0,21.0,9,1,10.0,2.0,43.0,0,8.0,52.0,6.0,0.275,0.354,0.321,0.675,96.0,0.0459999999999999,0.0789999999999999,0.3999999999999999,0.0912951167728237,0.1104033970276008,0.8269230769230769,0.3109243697478991,0.2395499999999999,461.0,0.1740196078431372,0.6059602649006622
2021,PL,福岡ソフトバンクホークス,1705130,栗原　陵矢,R.Kurihara,143.0,596.0,531.0,71.0,146.0,32.0,3.0,21.0,247.0,77.0,7,2,3.0,7.0,53.0,0,2.0,90.0,9.0,0.275,0.339,0.465,0.804,90.0,0.19,0.064,0.529,0.0889261744966442,0.1510067114093959,0.5888888888888889,0.2927400468384075,0.2688,494.0,0.2975517890772128,0.7715736040609137
2021,PL,千葉ロッテマリーンズ,1705131,国吉　佑樹,Y.Kuniyoshi,25.0,0.0,0.0,0.0,0.0,0.0,0.0,0.0,0.0,0.0,0.0,0,0.0,0.0,0.0,0,0.0,0.0,0.0,,,,,0.0,,,,,,,,,,,
2021,PL,東北楽天ゴールデンイーグルス,1705137,下妻　貴寛,T.Shimotsuma,16.0,27.0,23.0,2.0,4.0,0.0,0.0,0.0,4.0,2.0,0.0,0,0.0,0.0,4.0,0,0.0,5.0,0.0,0.174,0.296,0.174,0.47,4.0,0.0,0.122,0.296,0.1481481481481481,0.1851851851851851,0.8,0.2222222222222222,0.1766999999999999,354.0,0.1739130434782608,0.4210526315789473
2021,PL,東北楽天ゴールデンイーグルス,1805151,武藤　敦貴,A.Mutou,44.0,19.0,19.0,4.0,2.0,0.0,1.0,0.0,4.0,0.0,4,0,0.0,0.0,0.0,0,0.0,8.0,0.0,0.105,0.105,0.211,0.316,1.0,0.106,0.0,0.211,0.0,0.4210526315789473,0.0,0.1818181818181818,0.1,175.33333333333334,0.1052631578947368,0.2352941176470588
2021,PL,埼玉西武ライオンズ,1905130,佐野　泰雄,Y.Sano,23.0,0.0,0.0,0.0,0.0,0.0,0.0,0.0,0.0,0.0,0.0,0,0.0,0.0,0.0,0,0.0,0.0,0.0,,,,,0.0,,,,,,,,,,,
2021,PL,北海道日本ハムファイターズ,1905133,斎藤　佑樹,Y.Saitou,1.0,0.0,0.0,0.0,0.0,0.0,0.0,0.0,0.0,0.0,0.0,0,0.0,0.0,0.0,0,0.0,0.0,0.0,,,,,0.0,,,,,,,,,,,
2021,PL,オリックス・バファローズ,1905134,澤田　圭佑,K.Sawada,14.0,0.0,0.0,0.0,0.0,0.0,0.0,0.0,0.0,0.0,0.0,0,0.0,0.0,0.0,0,0.0,0.0,0.0,,,,,0.0,,,,,,,,,,,
2021,PL,東北楽天ゴールデンイーグルス,1905138,鈴木　翔天,S.Suzuki,5.0,0.0,0.0,0.0,0.0,0.0,0.0,0.0,0.0,0.0,0.0,0,0.0,0.0,0.0,0,0.0,0.0,0.0,,,,,0.0,,,,,,,,,,,
2021,PL,東北楽天ゴールデンイーグルス,1905151,黒川　史陽,F.Kurokawa,34.0,80.0,75.0,4.0,14.0,2.0,0.0,1.0,19.0,8.0,0.0,0,1.0,0.0,3.0,0,1.0,17.0,1.0,0.187,0.228,0.253,0.481,11.0,0.066,0.041,0.294,0.0375,0.2125,0.1764705882352941,0.2280701754385964,0.16585,312.33333333333337,0.12,0.3709677419354839
2021,PL,オリックス・バファローズ,21025132,竹安　大知,D.Takeyasu,17.0,1.0,1.0,0.0,0.0,0.0,0.0,0.0,0.0,0.0,0.0,0,0.0,0.0,0.0,0,0.0,1.0,0.0,0.0,0.0,0.0,0.0,0.0,0.0,0.0,0.0,0.0,1.0,0.0,,0.0,0.0,0.0,0.0
2021,PL,北海道日本ハムファイターズ,21125134,石井　一成,K.Ishii,111.0,321.0,284.0,25.0,64.0,11.0,4.0,4.0,95.0,19.0,8,5,14.0,1.0,22.0,0,0.0,87.0,2.0,0.225,0.28,0.335,0.615,45.0,0.11,0.055,0.39,0.0685358255451713,0.2710280373831775,0.2528735632183908,0.3092783505154639,0.20975,391.66666666666674,0.204225352112676,0.5495495495495496
2021,PL,千葉ロッテマリーンズ,21225132,東條　大樹,T.Toujou,5.0,0.0,0.0,0.0,0.0,0.0,0.0,0.0,0.0,0.0,0.0,0,0.0,0.0,0.0,0,0.0,0.0,0.0,,,,,0.0,,,,,,,,,,,
2021,PL,北海道日本ハムファイターズ,21225133,西川　遥輝,H.Nishikawa,130.0,547.0,447.0,68.0,104.0,19.0,5.0,3.0,142.0,35.0,24,11,3.0,4.0,89.0,0,4.0,99.0,3.0,0.233,0.362,0.318,0.68,77.0,0.0849999999999999,0.1289999999999999,0.4469999999999999,0.1627056672760511,0.1809872029250457,0.898989898989899,0.2893982808022922,0.2424,468.0,0.3176733780760626,0.7109826589595376
2021,PL,千葉ロッテマリーンズ,21225139,二木　康太,K.Futaki,22.0,2.0,2.0,0.0,0.0,0.0,0.0,0.0,0.0,0.0,0.0,0,0.0,0.0,0.0,0,0.0,2.0,0.0,0.0,0.0,0.0,0.0,0.0,0.0,0.0,0.0,0.0,1.0,0.0,,0.0,0.0,0.0,0.0
2021,PL,埼玉西武ライオンズ,21325132,呉　念庭,N.Uu,130.0,478.0,425.0,43.0,101.0,17.0,0.0,10.0,148.0,48.0,3,2,4.0,3.0,43.0,0,3.0,70.0,3.0,0.238,0.31,0.348,0.658,74.0,0.1099999999999999,0.072,0.42,0.0899581589958159,0.1464435146443514,0.6142857142857143,0.2614942528735632,0.2265,426.0,0.2235294117647059,0.599388379204893
2021,PL,東北楽天ゴールデンイーグルス,21325135,岡島　豪郎,T.Okajima,126.0,507.0,461.0,40.0,129.0,30.0,4.0,8.0,191.0,56.0,3,6,5.0,4.0,28.0,0,9.0,94.0,9.0,0.28,0.331,0.414,0.745,87.0,0.1339999999999999,0.0509999999999999,0.4649999999999999,0.0552268244575936,0.1854043392504931,0.2978723404255319,0.3333333333333333,0.25245,469.0,0.227765726681128,0.6862170087976539
2021,PL,埼玉西武ライオンズ,21325151,上間　永遠,T.Uema,5.0,1.0,1.0,0.0,0.0,0.0,0.0,0.0,0.0,0.0,0.0,0,0.0,0.0,0.0,0,0.0,1.0,0.0,0.0,0.0,0.0,0.0,0.0,0.0,0.0,0.0,0.0,1.0,0.0,,0.0,0.0,0.0,0.0
2021,PL,北海道日本ハムファイターズ,21325153,今川　優馬,Y.Imagawa,13.0,30.0,28.0,1.0,2.0,0.0,0.0,1.0,5.0,2.0,0.0,0,0.0,0.0,1.0,0,1.0,9.0,0.0,0.071,0.133,0.179,0.312,1.0,0.108,0.062,0.241,0.0333333333333333,0.3,0.1111111111111111,0.0555555555555555,0.1046,192.66666666666669,0.1785714285714285,0.2692307692307692
2021,PL,福岡ソフトバンクホークス,21425114,長谷川　勇也,Y.Hasegawa,71.0,120.0,100.0,10.0,26.0,6.0,1.0,3.0,43.0,19.0,0.0,0,0.0,2.0,17.0,0,1.0,18.0,2.0,0.26,0.367,0.43,0.797,16.0,0.1699999999999999,0.1069999999999999,0.5369999999999999,0.1416666666666666,0.15,0.9444444444444444,0.2839506172839506,0.27265,510.3333333333333,0.35,0.8026315789473685
2021,PL,福岡ソフトバンクホークス,21425138,板東　湧梧,Y.Bandou,44.0,0.0,0.0,0.0,0.0,0.0,0.0,0.0,0.0,0.0,0.0,0,0.0,0.0,0.0,0,0.0,0.0,0.0,,,,,0.0,,,,,,,,,,,
2021,PL,埼玉西武ライオンズ,21425139,山川　穂高,H.Yamakawa,110.0,414.0,358.0,42.0,83.0,13.0,0.0,24.0,168.0,66.0,0.0,0,0.0,6.0,43.0,0,7.0,101.0,7.0,0.232,0.321,0.469,0.79,46.0,0.2369999999999999,0.089,0.5579999999999999,0.1038647342995169,0.2439613526570048,0.4257425742574257,0.2468619246861924,0.2617,477.3333333333333,0.3770949720670391,0.7730496453900709
2021,PL,オリックス・バファローズ,21425153,颯,H.Hayate（nakagawa,1.0,0.0,0.0,0.0,0.0,0.0,0.0,0.0,0.0,0.0,0.0,0,0.0,0.0,0.0,0,0.0,0.0,0.0,,,,,0.0,,,,,,,,,,,
2021,PL,千葉ロッテマリーンズ,21525116,唐川　侑己,Y.Karakawa,38.0,0.0,0.0,0.0,0.0,0.0,0.0,0.0,0.0,0.0,0.0,0,0.0,0.0,0.0,0,0.0,0.0,0.0,,,,,0.0,,,,,,,,,,,
2021,PL,千葉ロッテマリーンズ,21525132,柿沼　友哉,T.Kakinuma,43.0,65.0,49.0,3.0,7.0,1.0,0.0,1.0,11.0,4.0,0,1,10.0,0.0,6.0,0,0.0,12.0,4.0,0.143,0.236,0.224,0.46,5.0,0.081,0.093,0.317,0.0923076923076923,0.1846153846153846,0.5,0.1666666666666666,0.1622,310.66666666666663,0.2244897959183673,0.391304347826087
2021,PL,オリックス・バファローズ,21525137,金田　和之,K.Kaneda,9.0,0.0,0.0,0.0,0.0,0.0,0.0,0.0,0.0,0.0,0.0,0,0.0,0.0,0.0,0,0.0,0.0,0.0,,,,,0.0,,,,,,,,,,,
2021,PL,埼玉西武ライオンズ,21525153,大曲　錬,R.Oomagari,4.0,0.0,0.0,0.0,0.0,0.0,0.0,0.0,0.0,0.0,0.0,0,0.0,0.0,0.0,0,0.0,0.0,0.0,,,,,0.0,,,,,,,,,,,
2021,PL,北海道日本ハムファイターズ,21625135,松本　剛,G.Matsumoto,47.0,104.0,92.0,13.0,24.0,2.0,0.0,0.0,26.0,2.0,1,2,2.0,0.0,8.0,0,2.0,13.0,2.0,0.261,0.333,0.283,0.616,22.0,0.0219999999999999,0.072,0.355,0.0769230769230769,0.125,0.6153846153846154,0.3037974683544304,0.2206,427.33333333333337,0.1521739130434782,0.5428571428571428
2021,PL,埼玉西武ライオンズ,21725133,熊代　聖人,M.Kumashiro,60.0,9.0,7.0,8.0,2.0,0.0,0.0,0.0,2.0,0.0,1.0,1,1.0,0.0,0.0,0,1.0,1.0,0.0,0.286,0.375,0.286,0.661,2.0,0.0,0.089,0.375,0.0,0.1111111111111111,0.0,0.3333333333333333,0.24025,470.3333333333333,0.2857142857142857,0.8
2021,PL,オリックス・バファローズ,21725151,勝俣　翔貴,S.Katsumata,1.0,1.0,1.0,0.0,0.0,0.0,0.0,0.0,0.0,0.0,0.0,0,0.0,0.0,0.0,0,0.0,0.0,0.0,0.0,0.0,0.0,0.0,0.0,0.0,0.0,0.0,0.0,0.0,,0.0,0.0,0.0,0.0,0.0
2021,PL,オリックス・バファローズ,21825130,山﨑　福也,S.Yamasaki,22.0,2.0,2.0,1.0,1.0,1.0,0.0,0.0,2.0,0.0,0.0,0,0.0,0.0,0.0,0,0.0,0.0,0.0,0.5,0.5,1.0,1.5,0.0,0.5,0.0,1.0,0.0,0.0,,0.5,0.475,833.3333333333333,0.5,2.0
2021,PL,埼玉西武ライオンズ,21825138,山野辺　翔,K.Yamanobe,25.0,39.0,36.0,5.0,7.0,1.0,1.0,0.0,10.0,2.0,4,1,1.0,1.0,0.0,0,1.0,11.0,0.0,0.194,0.211,0.278,0.489,5.0,0.084,0.0169999999999999,0.295,0.0,0.282051282051282,0.0,0.2692307692307692,0.1644499999999999,303.66666666666663,0.1388888888888889,0.4137931034482758
2021,PL,千葉ロッテマリーンズ,21925116,髙濱　卓也,T.Takahama,17.0,9.0,8.0,0.0,1.0,0.0,0.0,0.0,1.0,2.0,0.0,0,0.0,0.0,1.0,0,0.0,2.0,1.0,0.125,0.222,0.125,0.347,1.0,0.0,0.097,0.222,0.1111111111111111,0.2222222222222222,0.5,0.1666666666666666,0.13115,263.6666666666667,0.125,0.25
2021,PL,千葉ロッテマリーンズ,21925119,鳥谷　敬,T.Toritani,32.0,61.0,53.0,7.0,9.0,3.0,0.0,0.0,12.0,2.0,0.0,0,0.0,0.0,8.0,0,0.0,11.0,0.0,0.17,0.279,0.226,0.505,6.0,0.0559999999999999,0.109,0.335,0.1311475409836065,0.180327868852459,0.7272727272727273,0.2142857142857142,0.18205,354.33333333333337,0.2075471698113207,0.4545454545454545
2021,PL,福岡ソフトバンクホークス,21925136,周東　佑京,U.Shuutou,70.0,188.0,169.0,24.0,34.0,1.0,0.0,3.0,44.0,5.0,21,5,6.0,0.0,12.0,0,1.0,49.0,1.0,0.201,0.258,0.26,0.518,30.0,0.059,0.0569999999999999,0.317,0.0638297872340425,0.2606382978723404,0.2448979591836734,0.2649572649572649,0.1811,344.6666666666667,0.165680473372781,0.4558823529411764
2021,PL,千葉ロッテマリーンズ,23125151,横山　陸人,R.Yokoyama,10.0,0.0,0.0,0.0,0.0,0.0,0.0,0.0,0.0,0.0,0.0,0,0.0,0.0,0.0,0,0.0,0.0,0.0,,,,,0.0,,,,,,,,,,,
2021,PL,千葉ロッテマリーンズ,23525130,B.レアード,B.Laird,136.0,545.0,485.0,57.0,127.0,18.0,0.0,29.0,232.0,95.0,0,1,0.0,7.0,50.0,0,3.0,109.0,15.0,0.262,0.33,0.478,0.808,80.0,0.2159999999999999,0.068,0.546,0.091743119266055,0.2,0.4587155963302752,0.2768361581920904,0.268,489.3333333333333,0.3278350515463917,0.7667560321715817
2021,PL,北海道日本ハムファイターズ,23525138,王　柏融,B.Wan,95.0,283.0,252.0,22.0,61.0,20.0,0.0,9.0,108.0,48.0,1,0,0.0,1.0,25.0,0,5.0,70.0,4.0,0.242,0.322,0.429,0.751,32.0,0.187,0.08,0.509,0.0883392226148409,0.2473498233215547,0.3571428571428571,0.2988505747126437,0.25215,465.0,0.3055555555555556,0.7076923076923077
2021,PL,埼玉西武ライオンズ,23525151,C.スパンジェンバーグ,C.Spangenberg,61.0,212.0,181.0,30.0,42.0,7.0,3.0,7.0,76.0,27.0,3.0,3,0.0,1.0,27.0,0,3.0,64.0,5.0,0.232,0.34,0.42,0.76,25.0,0.1879999999999999,0.108,0.528,0.1273584905660377,0.3018867924528302,0.421875,0.3153153153153153,0.258,480.0,0.3701657458563536,0.7569444444444444
2021,PL,千葉ロッテマリーンズ,23725138,L.マーティン,L.Martin,116.0,499.0,416.0,66.0,97.0,30.0,0.0,27.0,208.0,75.0,4,1,0.0,3.0,70.0,0,10.0,132.0,9.0,0.233,0.355,0.5,0.855,40.0,0.267,0.1219999999999999,0.622,0.1402805611222445,0.2645290581162324,0.5303030303030303,0.2692307692307692,0.28475,521.6666666666666,0.4615384615384615,0.8810975609756098
2021,PL,埼玉西武ライオンズ,31035134,鈴木　将平,S.Suzuki,27.0,42.0,38.0,6.0,6.0,1.0,0.0,0.0,7.0,0.0,0.0,0,2.0,0.0,2.0,0,0.0,8.0,0.0,0.158,0.2,0.184,0.384,5.0,0.0259999999999999,0.042,0.226,0.0476190476190476,0.1904761904761904,0.25,0.2,0.136,261.33333333333337,0.0789473684210526,0.28125
2021,PL,埼玉西武ライオンズ,31035136,平良　海馬,K.Taira,62.0,0.0,0.0,0.0,0.0,0.0,0.0,0.0,0.0,0.0,0.0,0,0.0,0.0,0.0,0,0.0,0.0,0.0,,,,,0.0,,,,,,,,,,,
2021,PL,千葉ロッテマリーンズ,31035151,佐々木　朗希,R.Sasaki,11.0,2.0,2.0,0.0,0.0,0.0,0.0,0.0,0.0,0.0,0.0,0,0.0,0.0,0.0,0,0.0,2.0,0.0,0.0,0.0,0.0,0.0,0.0,0.0,0.0,0.0,0.0,1.0,0.0,,0.0,0.0,0.0,0.0
2021,PL,東北楽天ゴールデンイーグルス,3105132,横尾　俊建,T.Yokoo,30.0,68.0,61.0,1.0,11.0,2.0,0.0,0.0,13.0,3.0,0.0,0,1.0,0.0,0.0,0,6.0,8.0,2.0,0.18,0.254,0.213,0.467,9.0,0.033,0.074,0.287,0.0,0.1176470588235294,0.0,0.2075471698113207,0.16755,325.0,0.1311475409836065,0.3653846153846153
2021,PL,北海道日本ハムファイターズ,31135130,淺間　大基,D.Asama,128.0,458.0,411.0,42.0,103.0,17.0,2.0,5.0,139.0,31.0,8,4,7.0,4.0,31.0,0,5.0,115.0,5.0,0.251,0.308,0.338,0.646,79.0,0.087,0.0569999999999999,0.395,0.0676855895196506,0.2510917030567685,0.2695652173913043,0.3322033898305084,0.2231,420.6666666666667,0.1849148418491484,0.5718849840255591
2021,PL,オリックス・バファローズ,31135135,安達　了一,R.Adachi,100.0,382.0,321.0,36.0,83.0,14.0,0.0,0.0,97.0,18.0,5,4,14.0,1.0,46.0,0,0.0,65.0,7.0,0.259,0.351,0.302,0.653,69.0,0.0429999999999999,0.0919999999999999,0.3939999999999999,0.1204188481675392,0.1701570680628272,0.7076923076923077,0.3229571984435798,0.23345,451.6666666666667,0.1993769470404984,0.6
2021,PL,千葉ロッテマリーンズ,31135138,東妻　勇輔,Y.Azuma,37.0,0.0,0.0,0.0,0.0,0.0,0.0,0.0,0.0,0.0,0.0,0,0.0,0.0,0.0,0,0.0,0.0,0.0,,,,,0.0,,,,,,,,,,,
2021,PL,埼玉西武ライオンズ,31233888,松坂　大輔,D.Matsuzaka,1.0,0.0,0.0,0.0,0.0,0.0,0.0,0.0,0.0,0.0,0.0,0,0.0,0.0,0.0,0,0.0,0.0,0.0,,,,,0.0,,,,,,,,,,,
2021,PL,東北楽天ゴールデンイーグルス,31235130,田中　貴也,T.Tanaka,31.0,43.0,38.0,2.0,10.0,2.0,0.0,2.0,18.0,3.0,0.0,0,2.0,0.0,3.0,0,0.0,9.0,0.0,0.263,0.317,0.474,0.791,6.0,0.2109999999999999,0.0539999999999999,0.528,0.0697674418604651,0.2093023255813953,0.3333333333333333,0.2962962962962963,0.26115,475.0,0.2894736842105263,0.75
2021,PL,福岡ソフトバンクホークス,31235134,田中　正義,S.Tanaka,18.0,0.0,0.0,0.0,0.0,0.0,0.0,0.0,0.0,0.0,0.0,0,0.0,0.0,0.0,0,0.0,0.0,0.0,,,,,0.0,,,,,,,,,,,
2021,PL,北海道日本ハムファイターズ,31235136,谷川　昌希,M.Tanigawa,9.0,0.0,0.0,0.0,0.0,0.0,0.0,0.0,0.0,0.0,0.0,0,0.0,0.0,0.0,0,0.0,0.0,0.0,,,,,0.0,,,,,,,,,,,
2021,PL,東北楽天ゴールデンイーグルス,31235151,瀧中　瞭太,R.Takinaka,20.0,5.0,5.0,0.0,0.0,0.0,0.0,0.0,0.0,0.0,0.0,0,0.0,0.0,0.0,0,0.0,4.0,0.0,0.0,0.0,0.0,0.0,0.0,0.0,0.0,0.0,0.0,0.8,0.0,0.0,0.0,0.0,0.0,0.0
2021,PL,福岡ソフトバンクホークス,31335116,岩嵜　翔,S.Iwasaki,48.0,0.0,0.0,0.0,0.0,0.0,0.0,0.0,0.0,0.0,0.0,0,0.0,0.0,0.0,0,0.0,0.0,0.0,,,,,0.0,,,,,,,,,,,
2021,PL,福岡ソフトバンクホークス,31335131,今宮　健太,K.Imamiya,125.0,413.0,365.0,27.0,78.0,15.0,2.0,4.0,109.0,30.0,4,1,23.0,2.0,22.0,0,1.0,70.0,5.0,0.214,0.259,0.299,0.558,57.0,0.0849999999999999,0.045,0.344,0.0532687651331719,0.1694915254237288,0.3142857142857143,0.2525597269624573,0.1913,358.6666666666667,0.1506849315068493,0.4554794520547945
2021,PL,北海道日本ハムファイターズ,31335132,井口　和朋,K.Iguchi,43.0,0.0,0.0,0.0,0.0,0.0,0.0,0.0,0.0,0.0,0.0,0,0.0,0.0,0.0,0,0.0,0.0,0.0,,,,,0.0,,,,,,,,,,,
2021,PL,埼玉西武ライオンズ,31335134,今井　達也,T.Imai,25.0,2.0,2.0,0.0,0.0,0.0,0.0,0.0,0.0,0.0,0.0,0,0.0,0.0,0.0,0,0.0,2.0,0.0,0.0,0.0,0.0,0.0,0.0,0.0,0.0,0.0,0.0,1.0,0.0,,0.0,0.0,0.0,0.0
2021,PL,東北楽天ゴールデンイーグルス,31435133,福井　優也,Y.Fukui,19.0,0.0,0.0,0.0,0.0,0.0,0.0,0.0,0.0,0.0,0.0,0,0.0,0.0,0.0,0,0.0,0.0,0.0,,,,,0.0,,,,,,,,,,,
2021,PL,千葉ロッテマリーンズ,31435134,土肥　星也,S.Dohi,1.0,0.0,0.0,0.0,0.0,0.0,0.0,0.0,0.0,0.0,0.0,0,0.0,0.0,0.0,0,0.0,0.0,0.0,,,,,0.0,,,,,,,,,,,
2021,PL,北海道日本ハムファイターズ,31435138,野村　佑希,Y.Nomura,99.0,394.0,371.0,30.0,99.0,12.0,1.0,7.0,134.0,37.0,0,1,1.0,2.0,16.0,0,4.0,90.0,7.0,0.267,0.303,0.361,0.664,79.0,0.0939999999999999,0.0359999999999999,0.3969999999999999,0.0406091370558375,0.2284263959390862,0.1777777777777777,0.3333333333333333,0.2266,423.3333333333333,0.1509433962264151,0.5555555555555556
2021,PL,オリックス・バファローズ,31535130,小田　裕也,Y.Oda,101.0,18.0,15.0,18.0,1.0,0.0,0.0,0.0,1.0,0.0,5,2,1.0,0.0,1.0,0,1.0,4.0,0.0,0.067,0.176,0.067,0.243,1.0,0.0,0.1089999999999999,0.176,0.0555555555555555,0.2222222222222222,0.25,0.0909090909090909,0.09595,198.3333333333333,0.2666666666666666,0.3571428571428571
2021,PL,埼玉西武ライオンズ,31535132,愛斗,A.Aito（takeda,97.0,316.0,292.0,24.0,64.0,18.0,2.0,8.0,110.0,39.0,1,2,3.0,2.0,13.0,0,6.0,60.0,5.0,0.219,0.265,0.377,0.642,36.0,0.158,0.046,0.423,0.0411392405063291,0.189873417721519,0.2166666666666666,0.247787610619469,0.2135,390.66666666666674,0.2294520547945205,0.5622317596566524
2021,PL,東北楽天ゴールデンイーグルス,31535135,釜田　佳直,Y.Kamata,1.0,0.0,0.0,0.0,0.0,0.0,0.0,0.0,0.0,0.0,0.0,0,0.0,0.0,0.0,0,0.0,0.0,0.0,,,,,0.0,,,,,,,,,,,
2021,PL,埼玉西武ライオンズ,31535139,岡田　雅利,M.Okada,34.0,55.0,42.0,3.0,5.0,1.0,0.0,1.0,9.0,2.0,0.0,0,7.0,0.0,4.0,0,2.0,5.0,0.0,0.119,0.229,0.214,0.443,3.0,0.095,0.11,0.324,0.0727272727272727,0.0909090909090909,0.8,0.1111111111111111,0.15655,300.3333333333333,0.238095238095238,0.4054054054054054
2021,PL,東北楽天ゴールデンイーグルス,31635110,涌井　秀章,H.Wakui,21.0,3.0,2.0,0.0,0.0,0.0,0.0,0.0,0.0,0.0,0.0,0,1.0,0.0,0.0,0,0.0,1.0,0.0,0.0,0.0,0.0,0.0,0.0,0.0,0.0,0.0,0.0,0.3333333333333333,0.0,0.0,0.0,0.0,0.0,0.0
2021,PL,北海道日本ハムファイターズ,31635116,村田　透,T.Murata,8.0,0.0,0.0,0.0,0.0,0.0,0.0,0.0,0.0,0.0,0.0,0,0.0,0.0,0.0,0,0.0,0.0,0.0,,,,,0.0,,,,,,,,,,,
2021,PL,千葉ロッテマリーンズ,31635138,藤原　恭大,K.Fujiwara,78.0,254.0,217.0,27.0,47.0,12.0,1.0,5.0,76.0,22.0,7,2,5.0,4.0,23.0,0,5.0,55.0,3.0,0.217,0.301,0.35,0.651,29.0,0.1329999999999999,0.0839999999999999,0.4339999999999999,0.0905511811023622,0.2165354330708661,0.4181818181818181,0.2608695652173913,0.2229499999999999,417.6666666666666,0.271889400921659,0.6127167630057804
2021,PL,福岡ソフトバンクホークス,31735134,九鬼　隆平,R.Kuki,3.0,2.0,2.0,0.0,1.0,0.0,0.0,0.0,1.0,1.0,0.0,0,0.0,0.0,0.0,0,0.0,0.0,0.0,0.5,0.5,0.5,1.0,1.0,0.0,0.0,0.5,0.0,0.0,,0.5,0.35,666.6666666666666,0.0,1.0
2021,PL,埼玉西武ライオンズ,31835132,本田　圭佑,K.Honda,6.0,0.0,0.0,0.0,0.0,0.0,0.0,0.0,0.0,0.0,0.0,0,0.0,0.0,0.0,0,0.0,0.0,0.0,,,,,0.0,,,,,,,,,,,
2021,PL,福岡ソフトバンクホークス,31835133,柳田　悠岐,Y.Yanagita,141.0,593.0,516.0,95.0,155.0,36.0,2.0,28.0,279.0,80.0,6,0,0.0,2.0,69.0,0,6.0,122.0,6.0,0.3,0.388,0.541,0.929,89.0,0.241,0.088,0.629,0.1163575042158516,0.2057335581787521,0.5655737704918032,0.3451086956521739,0.30985,568.3333333333334,0.3856589147286822,0.9645776566757494
2021,PL,東北楽天ゴールデンイーグルス,31835153,早川　隆久,T.Hayakawa,24.0,3.0,3.0,0.0,0.0,0.0,0.0,0.0,0.0,0.0,0.0,0,0.0,0.0,0.0,0,0.0,1.0,0.0,0.0,0.0,0.0,0.0,0.0,0.0,0.0,0.0,0.0,0.3333333333333333,0.0,0.0,0.0,0.0,0.0,0.0
2021,PL,千葉ロッテマリーンズ,33035153,A.エチェバリア,A.Hechavarria,79.0,216.0,207.0,16.0,42.0,11.0,0.0,4.0,65.0,24.0,0,1,0.0,3.0,6.0,0,0.0,40.0,6.0,0.203,0.222,0.314,0.536,27.0,0.1109999999999999,0.0189999999999999,0.3329999999999999,0.0277777777777777,0.1851851851851851,0.15,0.2289156626506024,0.1784,326.6666666666667,0.144927536231884,0.4210526315789473
2021,PL,東北楽天ゴールデンイーグルス,3305138,A.ブセニッツ,A.Busenitz,31.0,0.0,0.0,0.0,0.0,0.0,0.0,0.0,0.0,0.0,0.0,0,0.0,0.0,0.0,0,0.0,0.0,0.0,,,,,0.0,,,,,,,,,,,
2021,PL,埼玉西武ライオンズ,3305151,R.ギャレット,R.Garrett,61.0,0.0,0.0,0.0,0.0,0.0,0.0,0.0,0.0,0.0,0.0,0,0.0,0.0,0.0,0,0.0,0.0,0.0,,,,,0.0,,,,,,,,,,,
2021,PL,福岡ソフトバンクホークス,33135134,三森　大貴,M.Mimori,86.0,345.0,329.0,34.0,82.0,9.0,6.0,0.0,103.0,20.0,16,5,3.0,2.0,11.0,0,0.0,77.0,3.0,0.249,0.272,0.313,0.585,67.0,0.064,0.023,0.336,0.0318840579710144,0.2231884057971014,0.1428571428571428,0.3228346456692913,0.20065,376.33333333333337,0.1124620060790273,0.476
2021,PL,オリックス・バファローズ,33335134,山﨑　颯一郎,S.Yamazaki,9.0,0.0,0.0,0.0,0.0,0.0,0.0,0.0,0.0,0.0,0.0,0,0.0,0.0,0.0,0,0.0,0.0,0.0,,,,,0.0,,,,,,,,,,,
2021,PL,千葉ロッテマリーンズ,33335136,和田　康士朗,K.Wada,96.0,24.0,19.0,25.0,5.0,1.0,0.0,0.0,6.0,1.0,24,5,0.0,0.0,5.0,0,0.0,8.0,0.0,0.263,0.417,0.316,0.733,4.0,0.0529999999999999,0.1539999999999999,0.47,0.2083333333333333,0.3333333333333333,0.625,0.4545454545454545,0.26665,522.3333333333334,0.5789473684210527,1.1428571428571428
2021,PL,福岡ソフトバンクホークス,33735136,N.マルティネス,N.Martinez,21.0,2.0,2.0,0.0,0.0,0.0,0.0,0.0,0.0,0.0,0.0,0,0.0,0.0,0.0,0,0.0,0.0,0.0,0.0,0.0,0.0,0.0,0.0,0.0,0.0,0.0,0.0,0.0,,0.0,0.0,0.0,0.0,0.0
2021,PL,北海道日本ハムファイターズ,33735151,D.バーヘイゲン,D.Verhagen,20.0,0.0,0.0,0.0,0.0,0.0,0.0,0.0,0.0,0.0,0.0,0,0.0,0.0,0.0,0,0.0,0.0,0.0,,,,,0.0,,,,,,,,,,,
2021,PL,千葉ロッテマリーンズ,3505138,E.ロメロ,E.Romero,4.0,0.0,0.0,0.0,0.0,0.0,0.0,0.0,0.0,0.0,0.0,0,0.0,0.0,0.0,0,0.0,0.0,0.0,,,,,0.0,,,,,,,,,,,
2021,PL,福岡ソフトバンクホークス,3505139,A.デスパイネ,A.Despaigne,80.0,308.0,261.0,27.0,69.0,13.0,1.0,10.0,114.0,41.0,1.0,0,0.0,1.0,44.0,0,2.0,64.0,12.0,0.264,0.373,0.437,0.81,45.0,0.173,0.1089999999999999,0.546,0.1428571428571428,0.2077922077922078,0.6875,0.3138297872340425,0.2771,518.6666666666666,0.3524904214559387,0.7892156862745098
2021,PL,オリックス・バファローズ,3705151,T.ヒギンス,T.Higgins,49.0,0.0,0.0,0.0,0.0,0.0,0.0,0.0,0.0,0.0,0.0,0,0.0,0.0,0.0,0,0.0,0.0,0.0,,,,,0.0,,,,,,,,,,,
2021,PL,北海道日本ハムファイターズ,3905153,R.ロドリゲス,R.Rodriguez,50.0,125.0,122.0,11.0,24.0,8.0,1.0,6.0,52.0,12.0,0.0,0,0.0,0.0,3.0,0,0.0,38.0,2.0,0.197,0.216,0.426,0.642,9.0,0.2289999999999999,0.0189999999999999,0.4449999999999999,0.024,0.304,0.0789473684210526,0.2307692307692307,0.2037,358.0,0.2540983606557377,0.55
2021,PL,福岡ソフトバンクホークス,41045114,髙谷　裕亮,H.Takaya,20.0,17.0,17.0,1.0,4.0,0.0,0.0,0.0,4.0,0.0,0.0,0,0.0,0.0,0.0,0,0.0,1.0,0.0,0.235,0.235,0.235,0.47,4.0,0.0,0.0,0.235,0.0,0.0588235294117647,0.0,0.25,0.1644999999999999,313.3333333333333,0.0,0.3076923076923077
2021,PL,北海道日本ハムファイターズ,41045133,谷口　雄也,Y.Taniguchi,8.0,12.0,12.0,0.0,2.0,0.0,0.0,0.0,2.0,0.0,0.0,0,0.0,0.0,0.0,0,0.0,5.0,0.0,0.167,0.167,0.167,0.334,2.0,0.0,0.0,0.167,0.0,0.4166666666666667,0.0,0.2857142857142857,0.1169,222.66666666666669,0.0,0.2
2021,PL,オリックス・バファローズ,41045136,田嶋　大樹,D.Tajima,24.0,1.0,0.0,0.0,0.0,0.0,0.0,0.0,0.0,0.0,0.0,0,0.0,0.0,1.0,0,0.0,0.0,0.0,,1.0,,,0.0,,,,1.0,0.0,,,,,,
2021,PL,東北楽天ゴールデンイーグルス,41145132,足立　祐一,Y.Adachi,10.0,20.0,17.0,0.0,1.0,1.0,0.0,0.0,2.0,1.0,0.0,0,2.0,0.0,1.0,0,0.0,2.0,0.0,0.059,0.111,0.118,0.229,0.0,0.059,0.052,0.1699999999999999,0.05,0.1,0.5,0.0666666666666666,0.0794499999999999,150.33333333333331,0.1176470588235294,0.1875
2021,PL,千葉ロッテマリーンズ,41145139,石川　歩,A.Ishikawa,12.0,0.0,0.0,0.0,0.0,0.0,0.0,0.0,0.0,0.0,0.0,0,0.0,0.0,0.0,0,0.0,0.0,0.0,,,,,0.0,,,,,,,,,,,
2021,PL,埼玉西武ライオンズ,41245130,外崎　修汰,S.Tonosaki,73.0,300.0,254.0,30.0,56.0,14.0,0.0,5.0,85.0,19.0,9,5,6.0,3.0,35.0,0,2.0,54.0,1.0,0.22,0.316,0.335,0.651,37.0,0.115,0.096,0.431,0.1166666666666666,0.18,0.6481481481481481,0.2575757575757575,0.2259499999999999,427.6666666666667,0.2795275590551181,0.6381909547738693
2021,PL,オリックス・バファローズ,41245134,張　奕,Y.Chou,8.0,1.0,1.0,0.0,0.0,0.0,0.0,0.0,0.0,0.0,0.0,0,0.0,0.0,0.0,0,0.0,0.0,0.0,0.0,0.0,0.0,0.0,0.0,0.0,0.0,0.0,0.0,0.0,,0.0,0.0,0.0,0.0,0.0
2021,PL,北海道日本ハムファイターズ,41245138,生田目　翼,T.Nabatame,1.0,0.0,0.0,0.0,0.0,0.0,0.0,0.0,0.0,0.0,0.0,0,0.0,0.0,0.0,0,0.0,0.0,0.0,,,,,0.0,,,,,,,,,,,
2021,PL,北海道日本ハムファイターズ,41345110,金子　千尋,C.Kaneko,8.0,0.0,0.0,0.0,0.0,0.0,0.0,0.0,0.0,0.0,0.0,0,0.0,0.0,0.0,0,0.0,0.0,0.0,,,,,0.0,,,,,,,,,,,
2021,PL,北海道日本ハムファイターズ,41345118,大田　泰示,T.Oota,76.0,206.0,191.0,11.0,39.0,5.0,2.0,3.0,57.0,20.0,1.0,1,0.0,1.0,14.0,0,0.0,50.0,10.0,0.204,0.257,0.298,0.555,29.0,0.094,0.053,0.351,0.0679611650485436,0.2427184466019417,0.28,0.2589928057553957,0.1901499999999999,356.3333333333333,0.1727748691099476,0.4444444444444444
2021,PL,北海道日本ハムファイターズ,41345132,上原　健太,K.Uehara,11.0,0.0,0.0,0.0,0.0,0.0,0.0,0.0,0.0,0.0,0.0,0,0.0,0.0,0.0,0,0.0,0.0,0.0,,,,,0.0,,,,,,,,,,,
2021,PL,福岡ソフトバンクホークス,41345136,大竹　耕太郎,K.Ootake,2.0,0.0,0.0,0.0,0.0,0.0,0.0,0.0,0.0,0.0,0.0,0,0.0,0.0,0.0,0,0.0,0.0,0.0,,,,,0.0,,,,,,,,,,,
2021,PL,北海道日本ハムファイターズ,41445116,宮西　尚生,N.Miyanishi,50.0,0.0,0.0,0.0,0.0,0.0,0.0,0.0,0.0,0.0,0.0,0,0.0,0.0,0.0,0,0.0,0.0,0.0,,,,,0.0,,,,,,,,,,,
2021,PL,東北楽天ゴールデンイーグルス,41445133,牧田　和久,K.Makita,17.0,0.0,0.0,0.0,0.0,0.0,0.0,0.0,0.0,0.0,0.0,0,0.0,0.0,0.0,0,0.0,0.0,0.0,,,,,0.0,,,,,,,,,,,
2021,PL,東北楽天ゴールデンイーグルス,41445134,西口　直人,N.Nishiguchi,33.0,0.0,0.0,0.0,0.0,0.0,0.0,0.0,0.0,0.0,0.0,0,0.0,0.0,0.0,0,0.0,0.0,0.0,,,,,0.0,,,,,,,,,,,
2021,PL,北海道日本ハムファイターズ,41445151,長谷川　凌汰,R.Hasegawa,5.0,0.0,0.0,0.0,0.0,0.0,0.0,0.0,0.0,0.0,0.0,0,0.0,0.0,0.0,0,0.0,0.0,0.0,,,,,0.0,,,,,,,,,,,
2021,PL,千葉ロッテマリーンズ,41545114,角中　勝也,K.Kakunaka,107.0,326.0,275.0,33.0,67.0,19.0,1.0,0.0,88.0,29.0,1,0,2.0,5.0,40.0,0,4.0,51.0,4.0,0.244,0.343,0.32,0.663,47.0,0.076,0.099,0.419,0.1226993865030674,0.156441717791411,0.7843137254901961,0.2925764192139738,0.23435,449.66666666666674,0.2363636363636363,0.6226415094339622
2021,PL,千葉ロッテマリーンズ,41545130,加藤　匠馬,T.Katou,57.0,123.0,105.0,6.0,10.0,2.0,0.0,2.0,18.0,4.0,0,1,14.0,0.0,4.0,0,0.0,52.0,1.0,0.095,0.128,0.171,0.299,6.0,0.076,0.033,0.204,0.032520325203252,0.4227642276422764,0.0769230769230769,0.1568627450980392,0.10035,185.0,0.1238095238095238,0.2395833333333333
2021,PL,北海道日本ハムファイターズ,41545132,加藤　貴之,T.Katou,25.0,3.0,2.0,1.0,2.0,0.0,0.0,0.0,2.0,0.0,0.0,0,0.0,0.0,1.0,0,0.0,0.0,0.0,1.0,1.0,1.0,2.0,2.0,0.0,0.0,1.0,0.3333333333333333,0.0,,1.0,0.7,1333.3333333333333,0.5,
2021,PL,千葉ロッテマリーンズ,41645136,藤岡　裕大,Y.Fujioka,137.0,493.0,432.0,41.0,110.0,21.0,3.0,3.0,146.0,37.0,10,3,18.0,1.0,40.0,0,2.0,95.0,7.0,0.255,0.32,0.338,0.658,83.0,0.083,0.065,0.403,0.0811359026369168,0.1926977687626775,0.4210526315789473,0.3194029850746269,0.2285,432.6666666666667,0.1875,0.5805471124620061
2021,PL,オリックス・バファローズ,41645139,若月　健矢,K.Wakatsuki,68.0,140.0,117.0,11.0,25.0,4.0,0.0,5.0,44.0,16.0,1,0,9.0,1.0,11.0,0,2.0,27.0,2.0,0.214,0.29,0.376,0.666,16.0,0.162,0.0759999999999999,0.4519999999999999,0.0785714285714285,0.1928571428571428,0.4074074074074074,0.2325581395348837,0.2245,415.3333333333333,0.2735042735042735,0.6063829787234043
2021,PL,北海道日本ハムファイターズ,41745114,木村　文紀,F.Kimura,23.0,36.0,29.0,2.0,3.0,1.0,0.0,1.0,7.0,4.0,0.0,0,0.0,2.0,5.0,0,0.0,13.0,1.0,0.103,0.222,0.241,0.463,1.0,0.138,0.119,0.36,0.1388888888888889,0.3611111111111111,0.3846153846153846,0.1176470588235294,0.16015,302.33333333333337,0.3103448275862069,0.4444444444444444
2021,PL,埼玉西武ライオンズ,41745114,木村　文紀,F.Kimura,20.0,56.0,50.0,4.0,9.0,2.0,0.0,0.0,11.0,3.0,0.0,0,2.0,1.0,3.0,0,0.0,18.0,0.0,0.18,0.222,0.22,0.442,7.0,0.04,0.042,0.262,0.0535714285714285,0.3214285714285714,0.1666666666666666,0.2727272727272727,0.1549,295.3333333333333,0.1,0.3414634146341463
2021,PL,北海道日本ハムファイターズ,41745135,近藤　健介,K.Kondou,133.0,545.0,447.0,61.0,133.0,37.0,4.0,11.0,211.0,69.0,4,1,0.0,6.0,88.0,0,4.0,84.0,11.0,0.298,0.413,0.472,0.885,81.0,0.174,0.1149999999999999,0.587,0.1614678899082569,0.1541284403669724,1.0476190476190477,0.3407821229050279,0.3038499999999999,570.3333333333334,0.3825503355704698,0.9353846153846154
2021,PL,埼玉西武ライオンズ,41845114,吉川　光夫,M.Yoshikawa,5.0,0.0,0.0,0.0,0.0,0.0,0.0,0.0,0.0,0.0,0.0,0,0.0,0.0,0.0,0,0.0,0.0,0.0,,,,,0.0,,,,,,,,,,,
2021,PL,東北楽天ゴールデンイーグルス,41845132,村林　一輝,I.Murabayashi,79.0,47.0,40.0,3.0,6.0,1.0,0.0,1.0,10.0,4.0,4,2,5.0,0.0,2.0,0,0.0,8.0,2.0,0.15,0.19,0.25,0.44,4.0,0.1,0.04,0.29,0.0425531914893617,0.1702127659574468,0.25,0.1612903225806451,0.148,273.3333333333333,0.2,0.3888888888888889
2021,PL,オリックス・バファローズ,41845151,村西　良太,R.Muranishi,18.0,0.0,0.0,0.0,0.0,0.0,0.0,0.0,0.0,0.0,0.0,0,0.0,0.0,0.0,0,0.0,0.0,0.0,,,,,0.0,,,,,,,,,,,
2021,PL,埼玉西武ライオンズ,41945116,武隈　祥太,S.Takekuma,46.0,0.0,0.0,0.0,0.0,0.0,0.0,0.0,0.0,0.0,0.0,0,0.0,0.0,0.0,0,0.0,0.0,0.0,,,,,0.0,,,,,,,,,,,
2021,PL,千葉ロッテマリーンズ,41945136,菅野　剛士,T.Sugano,33.0,75.0,67.0,8.0,13.0,4.0,0.0,2.0,23.0,5.0,1,0,2.0,0.0,5.0,0,1.0,20.0,4.0,0.194,0.26,0.343,0.603,7.0,0.149,0.066,0.409,0.0666666666666666,0.2666666666666666,0.25,0.2444444444444444,0.20275,374.33333333333337,0.2388059701492537,0.5
2021,PL,千葉ロッテマリーンズ,41945137,田村　龍弘,T.Tamura,70.0,165.0,136.0,14.0,32.0,7.0,1.0,0.0,41.0,14.0,1,0,10.0,2.0,17.0,0,0.0,33.0,1.0,0.235,0.316,0.301,0.617,24.0,0.066,0.081,0.382,0.103030303030303,0.2,0.5151515151515151,0.3047619047619048,0.2174499999999999,416.3333333333333,0.1911764705882352,0.5523809523809524
2021,PL,北海道日本ハムファイターズ,43745136,B.ロドリゲス,B.Rodriguez,47.0,0.0,0.0,0.0,0.0,0.0,0.0,0.0,0.0,0.0,0.0,0,0.0,0.0,0.0,0,0.0,0.0,0.0,,,,,0.0,,,,,,,,,,,
2021,PL,千葉ロッテマリーンズ,43745151,J.フローレス,J.Flores,10.0,0.0,0.0,0.0,0.0,0.0,0.0,0.0,0.0,0.0,0.0,0,0.0,0.0,0.0,0,0.0,0.0,0.0,,,,,0.0,,,,,,,,,,,
2021,PL,埼玉西武ライオンズ,43745153,M.ダーモディ,M.Dermody,11.0,5.0,3.0,0.0,0.0,0.0,0.0,0.0,0.0,0.0,0.0,0,1.0,0.0,1.0,0,0.0,2.0,0.0,0.0,0.25,0.0,0.25,0.0,0.0,0.25,0.25,0.2,0.4,0.5,0.0,0.1125,250.0,0.3333333333333333,0.3333333333333333
2021,PL,福岡ソフトバンクホークス,51055136,田浦　文丸,F.Taura,19.0,0.0,0.0,0.0,0.0,0.0,0.0,0.0,0.0,0.0,0.0,0,0.0,0.0,0.0,0,0.0,0.0,0.0,,,,,0.0,,,,,,,,,,,
2021,PL,東北楽天ゴールデンイーグルス,51055137,則本　昂大,T.Norimoto,23.0,4.0,4.0,0.0,0.0,0.0,0.0,0.0,0.0,0.0,0.0,0,0.0,0.0,0.0,0,0.0,2.0,0.0,0.0,0.0,0.0,0.0,0.0,0.0,0.0,0.0,0.0,0.5,0.0,0.0,0.0,0.0,0.0,0.0
2021,PL,北海道日本ハムファイターズ,51055138,田宮　裕涼,Y.Tamiya,3.0,1.0,1.0,0.0,0.0,0.0,0.0,0.0,0.0,0.0,0.0,0,0.0,0.0,0.0,0,0.0,0.0,0.0,0.0,0.0,0.0,0.0,0.0,0.0,0.0,0.0,0.0,0.0,,0.0,0.0,0.0,0.0,0.0
2021,PL,東北楽天ゴールデンイーグルス,51155118,浅村　栄斗,H.Asamura,143.0,595.0,483.0,70.0,130.0,18.0,1.0,18.0,204.0,67.0,1,0,0.0,7.0,101.0,0,4.0,96.0,24.0,0.269,0.395,0.422,0.817,93.0,0.1529999999999999,0.126,0.548,0.1697478991596638,0.161344537815126,1.0520833333333333,0.2978723404255319,0.28325,535.6666666666667,0.3706004140786749,0.8196286472148541
2021,PL,福岡ソフトバンクホークス,51155119,明石　健志,K.Akashi,57.0,95.0,84.0,5.0,17.0,2.0,0.0,0.0,19.0,7.0,1.0,1,0.0,1.0,9.0,0,1.0,18.0,1.0,0.202,0.284,0.226,0.51,15.0,0.0239999999999999,0.0819999999999999,0.3079999999999999,0.0947368421052631,0.1894736842105263,0.5,0.2537313432835821,0.1843,359.33333333333326,0.1547619047619047,0.4411764705882353
2021,PL,埼玉西武ライオンズ,51255136,綱島　龍生,R.Tsunashima,7.0,3.0,3.0,1.0,0.0,0.0,0.0,0.0,0.0,0.0,0.0,0,0.0,0.0,0.0,0,0.0,2.0,0.0,0.0,0.0,0.0,0.0,0.0,0.0,0.0,0.0,0.0,0.6666666666666666,0.0,0.0,0.0,0.0,0.0,0.0
2021,PL,福岡ソフトバンクホークス,51255137,真砂　勇介,Y.Masago,79.0,124.0,114.0,18.0,29.0,4.0,1.0,1.0,38.0,8.0,1,3,2.0,1.0,6.0,0,1.0,41.0,0.0,0.254,0.295,0.333,0.628,23.0,0.079,0.0409999999999999,0.374,0.0483870967741935,0.3306451612903225,0.1463414634146341,0.3835616438356164,0.216,406.0,0.1666666666666666,0.5647058823529412
2021,PL,オリックス・バファローズ,51255138,中川　圭太,K.Nakagawa,61.0,169.0,156.0,19.0,33.0,3.0,1.0,1.0,41.0,7.0,1,0,3.0,0.0,8.0,0,2.0,23.0,4.0,0.212,0.259,0.263,0.522,28.0,0.051,0.047,0.31,0.0473372781065088,0.136094674556213,0.3478260869565217,0.2424242424242424,0.1823,346.6666666666667,0.1153846153846153,0.4015748031496063
2021,PL,北海道日本ハムファイターズ,51355135,上沢　直之,N.Uwasawa,24.0,5.0,5.0,0.0,0.0,0.0,0.0,0.0,0.0,0.0,0.0,0,0.0,0.0,0.0,0,0.0,3.0,0.0,0.0,0.0,0.0,0.0,0.0,0.0,0.0,0.0,0.0,0.6,0.0,0.0,0.0,0.0,0.0,0.0
2021,PL,東北楽天ゴールデンイーグルス,51355136,岩見　政暉,M.Iwami,4.0,8.0,7.0,1.0,1.0,1.0,0.0,0.0,2.0,0.0,0.0,0,0.0,0.0,1.0,0,0.0,3.0,0.0,0.143,0.25,0.286,0.536,0.0,0.143,0.107,0.393,0.125,0.375,0.3333333333333333,0.25,0.184,345.3333333333333,0.2857142857142857,0.5
2021,PL,北海道日本ハムファイターズ,51355153,伊藤　大海,H.Itou,23.0,5.0,5.0,0.0,0.0,0.0,0.0,0.0,0.0,0.0,0.0,0,0.0,0.0,0.0,0,0.0,3.0,0.0,0.0,0.0,0.0,0.0,0.0,0.0,0.0,0.0,0.0,0.6,0.0,0.0,0.0,0.0,0.0,0.0
2021,PL,千葉ロッテマリーンズ,51455130,中村　奨吾,S.Nakamura,143.0,615.0,506.0,78.0,143.0,36.0,2.0,9.0,210.0,67.0,12,7,15.0,8.0,76.0,0,10.0,90.0,8.0,0.283,0.382,0.415,0.797,96.0,0.132,0.099,0.514,0.1235772357723577,0.1463414634146341,0.8444444444444444,0.3228915662650602,0.27565,520.3333333333333,0.3162055335968379,0.816711590296496
2021,PL,オリックス・バファローズ,51455131,松井　雅人,M.Matsui,10.0,7.0,7.0,0.0,0.0,0.0,0.0,0.0,0.0,0.0,0.0,0,0.0,0.0,0.0,0,0.0,2.0,0.0,0.0,0.0,0.0,0.0,0.0,0.0,0.0,0.0,0.0,0.2857142857142857,0.0,0.0,0.0,0.0,0.0,0.0
2021,PL,千葉ロッテマリーンズ,51455132,成田　翔,K.Narita,3.0,0.0,0.0,0.0,0.0,0.0,0.0,0.0,0.0,0.0,0.0,0,0.0,0.0,0.0,0,0.0,0.0,0.0,,,,,0.0,,,,,,,,,,,
2021,PL,埼玉西武ライオンズ,51455136,西川　愛也,M.Nishikawa,12.0,27.0,20.0,1.0,0.0,0.0,0.0,0.0,0.0,2.0,0.0,0,1.0,2.0,4.0,0,0.0,8.0,1.0,0.0,0.154,0.0,0.154,0.0,0.0,0.154,0.154,0.1481481481481481,0.2962962962962963,0.5,0.0,0.0693,154.0,0.2,0.1904761904761904
2021,PL,千葉ロッテマリーンズ,51455139,三木　亮,R.Miki,84.0,11.0,9.0,5.0,1.0,1.0,0.0,0.0,2.0,2.0,1,0,1.0,0.0,1.0,0,0.0,2.0,1.0,0.111,0.2,0.222,0.422,0.0,0.111,0.089,0.311,0.0909090909090909,0.1818181818181818,0.5,0.1428571428571428,0.1455,274.0,0.2222222222222222,0.3333333333333333
2021,PL,千葉ロッテマリーンズ,51555130,小野　郁,F.Ono,49.0,0.0,0.0,0.0,0.0,0.0,0.0,0.0,0.0,0.0,0.0,0,0.0,0.0,0.0,0,0.0,0.0,0.0,,,,,0.0,,,,,,,,,,,
2021,PL,埼玉西武ライオンズ,51555131,小川　龍也,R.Ogawa,5.0,0.0,0.0,0.0,0.0,0.0,0.0,0.0,0.0,0.0,0.0,0,0.0,0.0,0.0,0,0.0,0.0,0.0,,,,,0.0,,,,,,,,,,,
2021,PL,福岡ソフトバンクホークス,51555135,釜元　豪,G.Kamamoto,18.0,10.0,10.0,6.0,5.0,1.0,0.0,1.0,9.0,3.0,2,1,0.0,0.0,0.0,0,0.0,0.0,0.0,0.5,0.5,0.9,1.4,3.0,0.4,0.0,0.9,0.0,0.0,,0.4444444444444444,0.45,800.0,0.5,2.0
2021,PL,福岡ソフトバンクホークス,51555138,甲斐野　央,H.Kaino,22.0,0.0,0.0,0.0,0.0,0.0,0.0,0.0,0.0,0.0,0.0,0,0.0,0.0,0.0,0,0.0,0.0,0.0,,,,,0.0,,,,,,,,,,,
2021,PL,福岡ソフトバンクホークス,51655112,松田　宣浩,N.Matsuda,115.0,390.0,354.0,30.0,83.0,13.0,3.0,14.0,144.0,47.0,5,0,3.0,4.0,27.0,0,2.0,67.0,10.0,0.234,0.289,0.407,0.696,53.0,0.1729999999999999,0.0549999999999999,0.4619999999999999,0.0692307692307692,0.1717948717948718,0.4029850746268656,0.2490974729241877,0.2318,424.6666666666666,0.2542372881355932,0.6156583629893239
2021,PL,埼玉西武ライオンズ,51755115,栗山　巧,T.Kuriyama,117.0,446.0,387.0,33.0,97.0,15.0,0.0,4.0,124.0,43.0,1,0,0.0,7.0,49.0,0,3.0,58.0,11.0,0.251,0.334,0.32,0.654,78.0,0.069,0.083,0.403,0.1098654708520179,0.1300448430493273,0.8448275862068966,0.2801204819277108,0.2303,440.6666666666667,0.2041343669250646,0.584717607973422
2021,PL,千葉ロッテマリーンズ,51755116,小窪　哲也,T.Kokubo,7.0,19.0,18.0,1.0,1.0,0.0,0.0,1.0,4.0,2.0,0.0,0,0.0,1.0,0.0,0,0.0,5.0,0.0,0.056,0.053,0.222,0.275,0.0,0.166,-0.003,0.219,0.0,0.2631578947368421,0.0,0.0,0.07935,127.0,0.1666666666666666,0.2352941176470588
2021,PL,オリックス・バファローズ,51755136,鈴木　康平,K.Suzuki,34.0,0.0,0.0,0.0,0.0,0.0,0.0,0.0,0.0,0.0,0.0,0,0.0,0.0,0.0,0,0.0,0.0,0.0,,,,,0.0,,,,,,,,,,,
2021,PL,オリックス・バファローズ,51755138,宜保　翔,S.Gibo,33.0,28.0,25.0,4.0,4.0,2.0,0.0,0.0,6.0,1.0,0.0,0,1.0,0.0,1.0,0,1.0,7.0,1.0,0.16,0.222,0.24,0.462,2.0,0.0799999999999999,0.062,0.302,0.0357142857142857,0.25,0.1428571428571428,0.2222222222222222,0.1599,302.0,0.16,0.3636363636363636
2021,PL,北海道日本ハムファイターズ,51855134,堀　瑞輝,M.Hori,60.0,0.0,0.0,0.0,0.0,0.0,0.0,0.0,0.0,0.0,0.0,0,0.0,0.0,0.0,0,0.0,0.0,0.0,,,,,0.0,,,,,,,,,,,
2021,PL,埼玉西武ライオンズ,51855151,宮川　哲,T.Miyagawa,29.0,0.0,0.0,0.0,0.0,0.0,0.0,0.0,0.0,0.0,0.0,0,0.0,0.0,0.0,0,0.0,0.0,0.0,,,,,0.0,,,,,,,,,,,
2021,PL,埼玉西武ライオンズ,51955151,岸　潤一郎,J.Kishi,100.0,338.0,304.0,29.0,67.0,9.0,1.0,9.0,105.0,30.0,2,1,15.0,1.0,13.0,0,5.0,49.0,10.0,0.22,0.263,0.345,0.608,48.0,0.1249999999999999,0.043,0.388,0.0384615384615384,0.1449704142011834,0.2653061224489796,0.2348178137651821,0.2046,378.0,0.1875,0.5020242914979757
2021,PL,オリックス・バファローズ,51955153,来田　涼斗,R.Kita,23.0,76.0,71.0,5.0,15.0,3.0,0.0,2.0,24.0,8.0,1,2,0.0,1.0,3.0,0,1.0,30.0,1.0,0.211,0.25,0.338,0.588,10.0,0.127,0.039,0.377,0.0394736842105263,0.3947368421052631,0.1,0.325,0.197,362.6666666666667,0.2112676056338028,0.5263157894736842
2021,PL,オリックス・バファローズ,53055153,G.スパークマン,G.Sparkman,6.0,0.0,0.0,0.0,0.0,0.0,0.0,0.0,0.0,0.0,0.0,0,0.0,0.0,0.0,0,0.0,0.0,0.0,,,,,0.0,,,,,,,,,,,
2021,PL,埼玉西武ライオンズ,53155138,渡邉　勇太朗,Y.Watanabe,17.0,0.0,0.0,0.0,0.0,0.0,0.0,0.0,0.0,0.0,0.0,0,0.0,0.0,0.0,0,0.0,0.0,0.0,,,,,0.0,,,,,,,,,,,
2021,PL,オリックス・バファローズ,53355134,山本　由伸,Y.Yamamoto,26.0,3.0,3.0,0.0,0.0,0.0,0.0,0.0,0.0,0.0,0.0,0,0.0,0.0,0.0,0,0.0,2.0,0.0,0.0,0.0,0.0,0.0,0.0,0.0,0.0,0.0,0.0,0.6666666666666666,0.0,0.0,0.0,0.0,0.0,0.0
2021,PL,埼玉西武ライオンズ,53555153,若林　楽人,G.Wakabayashi,44.0,161.0,144.0,14.0,40.0,8.0,1.0,2.0,56.0,10.0,20,8,2.0,1.0,10.0,0,4.0,41.0,3.0,0.278,0.34,0.389,0.729,29.0,0.1109999999999999,0.062,0.451,0.062111801242236,0.2546583850931677,0.2439024390243902,0.3725490196078431,0.25025,469.6666666666667,0.2638888888888889,0.7289719626168224
2021,PL,オリックス・バファローズ,53755136,S.モヤ,S.Moya,106.0,375.0,354.0,26.0,81.0,10.0,1.0,13.0,132.0,47.0,1,0,0.0,4.0,17.0,0,0.0,81.0,11.0,0.229,0.261,0.373,0.634,57.0,0.144,0.032,0.405,0.0453333333333333,0.216,0.2098765432098765,0.2575757575757575,0.2107,385.33333333333337,0.192090395480226,0.5246478873239436
2021,PL,福岡ソフトバンクホークス,53755138,C.スチュワート・ジュニア,J.Kata,11.0,0.0,0.0,0.0,0.0,0.0,0.0,0.0,0.0,0.0,0.0,0,0.0,0.0,0.0,0,0.0,0.0,0.0,,,,,0.0,,,,,,,,,,,
2021,PL,福岡ソフトバンクホークス,53955153,C.レイ,C.Rea,6.0,2.0,2.0,0.0,0.0,0.0,0.0,0.0,0.0,0.0,0.0,0,0.0,0.0,0.0,0,0.0,2.0,0.0,0.0,0.0,0.0,0.0,0.0,0.0,0.0,0.0,0.0,1.0,0.0,,0.0,0.0,0.0,0.0
2021,PL,オリックス・バファローズ,61065110,能見　篤史,A.Noumi,26.0,0.0,0.0,0.0,0.0,0.0,0.0,0.0,0.0,0.0,0.0,0,0.0,0.0,0.0,0,0.0,0.0,0.0,,,,,0.0,,,,,,,,,,,
2021,PL,北海道日本ハムファイターズ,61065116,中田　翔,S.Nakata,39.0,150.0,135.0,13.0,26.0,3.0,0.0,4.0,41.0,13.0,0.0,0,0.0,0.0,14.0,0,1.0,31.0,4.0,0.193,0.273,0.304,0.577,19.0,0.1109999999999999,0.08,0.384,0.0933333333333333,0.2066666666666666,0.4516129032258064,0.22,0.19885,374.33333333333337,0.2222222222222222,0.495575221238938
2021,PL,オリックス・バファローズ,61065137,伏見　寅威,T.Fushimi,91.0,262.0,238.0,21.0,52.0,11.0,1.0,4.0,77.0,25.0,0,1,5.0,2.0,14.0,0,3.0,39.0,5.0,0.218,0.268,0.324,0.592,36.0,0.106,0.05,0.374,0.0534351145038167,0.148854961832061,0.358974358974359,0.2436548223350254,0.2016,376.0,0.180672268907563,0.4973821989528796
2021,PL,オリックス・バファローズ,61065138,富山　凌雅,R.Tomiyama,51.0,0.0,0.0,0.0,0.0,0.0,0.0,0.0,0.0,0.0,0.0,0,0.0,0.0,0.0,0,0.0,0.0,0.0,,,,,0.0,,,,,,,,,,,
2021,PL,北海道日本ハムファイターズ,61065151,鈴木　健矢,K.Suzuki,21.0,0.0,0.0,0.0,0.0,0.0,0.0,0.0,0.0,0.0,0.0,0,0.0,0.0,0.0,0,0.0,0.0,0.0,,,,,0.0,,,,,,,,,,,
2021,PL,福岡ソフトバンクホークス,61165139,石川　柊太,S.Ishikawa,28.0,2.0,2.0,0.0,1.0,0.0,0.0,0.0,1.0,0.0,0.0,0,0.0,0.0,0.0,0,0.0,0.0,0.0,0.5,0.5,0.5,1.0,1.0,0.0,0.0,0.5,0.0,0.0,,0.5,0.35,666.6666666666666,0.0,1.0
2021,PL,福岡ソフトバンクホークス,61265118,二保　旭,A.Niho,2.0,0.0,0.0,0.0,0.0,0.0,0.0,0.0,0.0,0.0,0.0,0,0.0,0.0,0.0,0,0.0,0.0,0.0,,,,,0.0,,,,,,,,,,,
2021,PL,埼玉西武ライオンズ,61265151,柘植　世那,S.Tsuge,35.0,72.0,65.0,6.0,14.0,2.0,0.0,1.0,19.0,8.0,0.0,0,2.0,2.0,3.0,0,0.0,19.0,4.0,0.215,0.243,0.292,0.535,11.0,0.0769999999999999,0.0279999999999999,0.3199999999999999,0.0416666666666666,0.2638888888888889,0.1578947368421052,0.2765957446808511,0.18235,340.3333333333333,0.123076923076923,0.4
2021,PL,オリックス・バファローズ,61365112,T-岡田,T.Teぃokada（okada,115.0,407.0,357.0,45.0,86.0,16.0,1.0,17.0,155.0,63.0,2,3,0.0,5.0,35.0,0,10.0,86.0,2.0,0.241,0.322,0.434,0.756,52.0,0.193,0.081,0.515,0.085995085995086,0.2113022113022113,0.4069767441860465,0.2664092664092664,0.2534,466.6666666666667,0.3277310924369748,0.7435897435897436
2021,PL,北海道日本ハムファイターズ,61365132,宇佐見　真吾,S.Usami,32.0,57.0,43.0,2.0,5.0,0.0,0.0,1.0,8.0,2.0,0.0,0,5.0,0.0,8.0,0,1.0,16.0,2.0,0.116,0.269,0.186,0.455,4.0,0.0699999999999999,0.153,0.339,0.1403508771929824,0.2807017543859649,0.5,0.1538461538461538,0.16755,331.0,0.2790697674418604,0.425
2021,PL,千葉ロッテマリーンズ,61365133,江村　直也,N.Emura,19.0,10.0,6.0,0.0,1.0,0.0,0.0,0.0,1.0,0.0,1,0,2.0,0.0,2.0,0,0.0,4.0,0.0,0.167,0.375,0.167,0.542,1.0,0.0,0.208,0.375,0.2,0.4,0.5,0.5,0.2105,430.6666666666666,0.3333333333333333,0.6
2021,PL,オリックス・バファローズ,61365135,海田　智行,T.Kaida,16.0,0.0,0.0,0.0,0.0,0.0,0.0,0.0,0.0,0.0,0.0,0,0.0,0.0,0.0,0,0.0,0.0,0.0,,,,,0.0,,,,,,,,,,,
2021,PL,福岡ソフトバンクホークス,61365136,尾形　崇斗,S.Ogata,8.0,0.0,0.0,0.0,0.0,0.0,0.0,0.0,0.0,0.0,0.0,0,0.0,0.0,0.0,0,0.0,0.0,0.0,,,,,0.0,,,,,,,,,,,
2021,PL,オリックス・バファローズ,61465131,山田　修義,N.Yamada,43.0,0.0,0.0,0.0,0.0,0.0,0.0,0.0,0.0,0.0,0.0,0,0.0,0.0,0.0,0,0.0,0.0,0.0,,,,,0.0,,,,,,,,,,,
2021,PL,福岡ソフトバンクホークス,61465133,牧原　大成,T.Makihara,98.0,292.0,273.0,41.0,76.0,7.0,2.0,4.0,99.0,21.0,14,1,7.0,1.0,9.0,0,2.0,42.0,5.0,0.278,0.305,0.363,0.668,63.0,0.0849999999999999,0.0269999999999999,0.3899999999999999,0.0308219178082191,0.1438356164383561,0.2142857142857142,0.3157894736842105,0.228,426.0,0.1282051282051282,0.5495049504950495
2021,PL,埼玉西武ライオンズ,61465151,浜屋　将太,S.Hamaya,8.0,0.0,0.0,0.0,0.0,0.0,0.0,0.0,0.0,0.0,0.0,0,0.0,0.0,0.0,0,0.0,0.0,0.0,,,,,0.0,,,,,,,,,,,
2021,PL,福岡ソフトバンクホークス,61665130,松本　裕樹,Y.Matsumoto,33.0,0.0,0.0,0.0,0.0,0.0,0.0,0.0,0.0,0.0,0.0,0,0.0,0.0,0.0,0,0.0,0.0,0.0,,,,,0.0,,,,,,,,,,,
2021,PL,オリックス・バファローズ,61665136,本田　仁海,H.Honda,2.0,0.0,0.0,0.0,0.0,0.0,0.0,0.0,0.0,0.0,0.0,0,0.0,0.0,0.0,0,0.0,0.0,0.0,,,,,0.0,,,,,,,,,,,
2021,PL,東北楽天ゴールデンイーグルス,61665139,和田　恋,R.Wada,7.0,9.0,8.0,0.0,2.0,0.0,0.0,0.0,2.0,0.0,0.0,0,0.0,0.0,1.0,0,0.0,4.0,0.0,0.25,0.333,0.25,0.583,2.0,0.0,0.083,0.333,0.1111111111111111,0.4444444444444444,0.25,0.5,0.21235,416.3333333333333,0.125,0.5
2021,PL,埼玉西武ライオンズ,61665151,松岡　洸希,K.Matsuoka,5.0,0.0,0.0,0.0,0.0,0.0,0.0,0.0,0.0,0.0,0.0,0,0.0,0.0,0.0,0,0.0,0.0,0.0,,,,,0.0,,,,,,,,,,,
2021,PL,東北楽天ゴールデンイーグルス,61765134,酒居　知史,T.Sakai,54.0,0.0,0.0,0.0,0.0,0.0,0.0,0.0,0.0,0.0,0.0,0,0.0,0.0,0.0,0,0.0,0.0,0.0,,,,,0.0,,,,,,,,,,,
2021,PL,埼玉西武ライオンズ,61765136,齊藤　誠人,M.Saitou,1.0,0.0,0.0,0.0,0.0,0.0,0.0,0.0,0.0,0.0,0.0,0,0.0,0.0,0.0,0,0.0,0.0,0.0,,,,,0.0,,,,,,,,,,,
2021,PL,北海道日本ハムファイターズ,61765139,杉浦　稔大,T.Sugiura,56.0,0.0,0.0,0.0,0.0,0.0,0.0,0.0,0.0,0.0,0.0,0,0.0,0.0,0.0,0,0.0,0.0,0.0,,,,,0.0,,,,,,,,,,,
2021,PL,千葉ロッテマリーンズ,61765153,河村　説人,T.Kawamura,20.0,0.0,0.0,0.0,0.0,0.0,0.0,0.0,0.0,0.0,0.0,0,0.0,0.0,0.0,0,0.0,0.0,0.0,,,,,0.0,,,,,,,,,,,
2021,PL,東北楽天ゴールデンイーグルス,61865132,茂木　栄五郎,E.Mogi,120.0,466.0,410.0,50.0,106.0,19.0,4.0,14.0,175.0,53.0,6,5,0.0,2.0,48.0,0,6.0,107.0,6.0,0.259,0.343,0.427,0.77,69.0,0.1679999999999999,0.084,0.511,0.1030042918454935,0.2296137339055794,0.4485981308411215,0.3161512027491409,0.2611,485.33333333333337,0.3121951219512195,0.7548387096774194
2021,PL,東北楽天ゴールデンイーグルス,61865138,弓削　隼人,H.Yuge,5.0,0.0,0.0,0.0,0.0,0.0,0.0,0.0,0.0,0.0,0.0,0,0.0,0.0,0.0,0,0.0,0.0,0.0,,,,,0.0,,,,,,,,,,,
2021,PL,北海道日本ハムファイターズ,61865151,望月　大希,D.Mochizuki,2.0,0.0,0.0,0.0,0.0,0.0,0.0,0.0,0.0,0.0,0.0,0,0.0,0.0,0.0,0,0.0,0.0,0.0,,,,,0.0,,,,,,,,,,,
2021,PL,北海道日本ハムファイターズ,61865153,細川　凌平,R.Hosokawa,9.0,26.0,25.0,2.0,5.0,0.0,0.0,0.0,5.0,0.0,0,1,0.0,0.0,1.0,0,0.0,12.0,0.0,0.2,0.231,0.2,0.431,5.0,0.0,0.031,0.231,0.0384615384615384,0.4615384615384615,0.0833333333333333,0.3846153846153846,0.15395,297.6666666666667,0.08,0.35
2021,PL,北海道日本ハムファイターズ,61965130,清水　優心,Y.Shimizu,100.0,256.0,214.0,19.0,44.0,6.0,0.0,4.0,62.0,18.0,0.0,0,11.0,3.0,28.0,0,0.0,60.0,3.0,0.206,0.294,0.29,0.584,34.0,0.0839999999999999,0.088,0.378,0.109375,0.234375,0.4666666666666667,0.261437908496732,0.2047999999999999,390.6666666666667,0.2149532710280373,0.5202312138728323
2021,PL,オリックス・バファローズ,61965132,杉本　裕太郎,Y.Sugimoto,134.0,542.0,478.0,73.0,144.0,20.0,2.0,32.0,264.0,83.0,3.0,3,0.0,3.0,51.0,0,10.0,116.0,15.0,0.301,0.378,0.552,0.93,90.0,0.251,0.077,0.629,0.0940959409594096,0.2140221402214022,0.4396551724137931,0.3363363363363363,0.3081,562.0,0.3849372384937238,0.9398280802292264
2021,PL,東北楽天ゴールデンイーグルス,61965151,小深田　大翔,H.Kobukata,121.0,455.0,391.0,60.0,97.0,10.0,3.0,3.0,122.0,21.0,5.0,5,16.0,1.0,44.0,0,3.0,65.0,1.0,0.248,0.328,0.312,0.64,81.0,0.064,0.08,0.392,0.0967032967032967,0.1428571428571428,0.676923076923077,0.2901234567901234,0.2256,432.0,0.1969309462915601,0.5898305084745763
2021,PL,オリックス・バファローズ,63065153,C.バルガス,C.Vargas,5.0,0.0,0.0,0.0,0.0,0.0,0.0,0.0,0.0,0.0,0.0,0,0.0,0.0,0.0,0,0.0,0.0,0.0,,,,,0.0,,,,,,,,,,,
2021,PL,オリックス・バファローズ,63165132,吉田　正尚,M.Yoshida,110.0,455.0,389.0,61.0,132.0,22.0,1.0,21.0,219.0,72.0,0.0,0,0.0,3.0,58.0,0,5.0,26.0,9.0,0.339,0.429,0.563,0.992,88.0,0.2239999999999999,0.0899999999999999,0.6529999999999999,0.1274725274725274,0.0571428571428571,2.230769230769231,0.3217391304347826,0.3338,616.6666666666667,0.3856041131105398,1.0601503759398496
2021,PL,埼玉西武ライオンズ,63165136,與座　海人,K.Yoza,15.0,2.0,1.0,0.0,0.0,0.0,0.0,0.0,0.0,0.0,0.0,0,0.0,0.0,1.0,0,0.0,1.0,0.0,0.0,0.5,0.0,0.5,0.0,0.0,0.5,0.5,0.5,0.5,1.0,,0.225,500.0,1.0,1.0
2021,PL,埼玉西武ライオンズ,63165153,水上　由伸,Y.Mizukami,29.0,0.0,0.0,0.0,0.0,0.0,0.0,0.0,0.0,0.0,0.0,0,0.0,0.0,0.0,0,0.0,0.0,0.0,,,,,0.0,,,,,,,,,,,
2021,PL,東北楽天ゴールデンイーグルス,63565153,R.カスティーヨ,R.Castillo,33.0,76.0,71.0,4.0,16.0,1.0,0.0,1.0,20.0,3.0,0,1,0.0,0.0,4.0,0,1.0,17.0,1.0,0.225,0.276,0.282,0.558,14.0,0.0569999999999999,0.051,0.3329999999999999,0.0526315789473684,0.2236842105263158,0.2352941176470588,0.2830188679245283,0.1947,370.0,0.1408450704225352,0.4642857142857143
2021,PL,東北楽天ゴールデンイーグルス,63765153,B.ディクソン,B.Dixon,38.0,123.0,108.0,6.0,18.0,3.0,1.0,4.0,35.0,15.0,2,1,0.0,0.0,12.0,0,3.0,42.0,3.0,0.167,0.268,0.324,0.592,10.0,0.157,0.101,0.425,0.0975609756097561,0.3414634146341463,0.2857142857142857,0.2258064516129032,0.2016,376.0,0.3055555555555556,0.5483870967741935
2021,PL,福岡ソフトバンクホークス,63965134,L.モイネロ,L.Moinelo,33.0,0.0,0.0,0.0,0.0,0.0,0.0,0.0,0.0,0.0,0.0,0,0.0,0.0,0.0,0,0.0,0.0,0.0,,,,,0.0,,,,,,,,,,,
2021,PL,埼玉西武ライオンズ,71075130,髙橋　光成,K.Takahashi,27.0,1.0,1.0,0.0,0.0,0.0,0.0,0.0,0.0,0.0,0.0,0,0.0,0.0,0.0,0,0.0,0.0,0.0,0.0,0.0,0.0,0.0,0.0,0.0,0.0,0.0,0.0,0.0,,0.0,0.0,0.0,0.0,0.0
2021,PL,福岡ソフトバンクホークス,71075132,髙橋　純平,J.Takahashi,10.0,0.0,0.0,0.0,0.0,0.0,0.0,0.0,0.0,0.0,0.0,0,0.0,0.0,0.0,0,0.0,0.0,0.0,,,,,0.0,,,,,,,,,,,
2021,PL,東北楽天ゴールデンイーグルス,71075134,髙田　萌生,H.Takata,4.0,0.0,0.0,0.0,0.0,0.0,0.0,0.0,0.0,0.0,0.0,0,0.0,0.0,0.0,0,0.0,0.0,0.0,,,,,0.0,,,,,,,,,,,
2021,PL,埼玉西武ライオンズ,71075136,高木　渉,W.Takagi,6.0,17.0,15.0,0.0,1.0,1.0,0.0,0.0,2.0,1.0,0.0,0,0.0,0.0,2.0,0,0.0,7.0,0.0,0.067,0.176,0.133,0.309,0.0,0.066,0.1089999999999999,0.242,0.1176470588235294,0.4117647058823529,0.2857142857142857,0.125,0.11245,220.3333333333333,0.2,0.2857142857142857
2021,PL,千葉ロッテマリーンズ,71075151,佐藤　都志也,T.Satou,62.0,155.0,132.0,16.0,27.0,4.0,1.0,6.0,51.0,18.0,3,0,7.0,1.0,14.0,0,1.0,30.0,0.0,0.205,0.284,0.386,0.67,16.0,0.181,0.0789999999999999,0.4649999999999999,0.0903225806451612,0.1935483870967742,0.4666666666666667,0.2164948453608247,0.2243,412.6666666666666,0.2954545454545454,0.6285714285714286
2021,PL,東北楽天ゴールデンイーグルス,71175130,安樂　智大,T.Anraku,58.0,0.0,0.0,0.0,0.0,0.0,0.0,0.0,0.0,0.0,0.0,0,0.0,0.0,0.0,0,0.0,0.0,0.0,,,,,0.0,,,,,,,,,,,
2021,PL,北海道日本ハムファイターズ,71275117,鶴岡　慎也,S.Tsuruoka,13.0,20.0,19.0,3.0,5.0,1.0,0.0,0.0,6.0,0.0,0.0,0,0.0,0.0,1.0,0,0.0,3.0,1.0,0.263,0.3,0.316,0.616,4.0,0.0529999999999999,0.0369999999999999,0.353,0.05,0.15,0.3333333333333333,0.3125,0.214,405.3333333333333,0.1052631578947368,0.4666666666666667
2021,PL,埼玉西武ライオンズ,71275137,増田　達至,T.Masuda,33.0,0.0,0.0,0.0,0.0,0.0,0.0,0.0,0.0,0.0,0.0,0,0.0,0.0,0.0,0,0.0,0.0,0.0,,,,,0.0,,,,,,,,,,,
2021,PL,千葉ロッテマリーンズ,71275153,鈴木　昭汰,S.Suzuki,23.0,1.0,1.0,0.0,0.0,0.0,0.0,0.0,0.0,0.0,0.0,0,0.0,0.0,0.0,0,0.0,0.0,0.0,0.0,0.0,0.0,0.0,0.0,0.0,0.0,0.0,0.0,0.0,,0.0,0.0,0.0,0.0,0.0
2021,PL,東北楽天ゴールデンイーグルス,71375112,銀次,G.Ginji（akaminai,35.0,105.0,91.0,5.0,26.0,1.0,0.0,0.0,27.0,3.0,0.0,0,0.0,0.0,14.0,0,0.0,11.0,2.0,0.286,0.381,0.297,0.678,25.0,0.011,0.095,0.392,0.1333333333333333,0.1047619047619047,1.2727272727272727,0.325,0.2457,480.0,0.1648351648351648,0.6119402985074627
2021,PL,東北楽天ゴールデンイーグルス,71375132,石橋　良太,R.Ishibashi,3.0,0.0,0.0,0.0,0.0,0.0,0.0,0.0,0.0,0.0,0.0,0,0.0,0.0,0.0,0,0.0,0.0,0.0,,,,,0.0,,,,,,,,,,,
2021,PL,東北楽天ゴールデンイーグルス,71375138,太田　光,H.Oota,107.0,281.0,240.0,25.0,45.0,4.0,0.0,4.0,61.0,23.0,1.0,1,16.0,1.0,17.0,0,7.0,64.0,2.0,0.188,0.26,0.254,0.514,37.0,0.066,0.072,0.326,0.0604982206405693,0.2277580071174377,0.265625,0.2369942196531791,0.1805,344.6666666666667,0.1708333333333333,0.4365482233502538
2021,PL,埼玉西武ライオンズ,71375151,井上　広輝,H.Inoue,4.0,0.0,0.0,0.0,0.0,0.0,0.0,0.0,0.0,0.0,0.0,0,0.0,0.0,0.0,0,0.0,0.0,0.0,,,,,0.0,,,,,,,,,,,
2021,PL,東北楽天ゴールデンイーグルス,71475133,福山　博之,H.Fukuyama,24.0,0.0,0.0,0.0,0.0,0.0,0.0,0.0,0.0,0.0,0.0,0,0.0,0.0,0.0,0,0.0,0.0,0.0,,,,,0.0,,,,,,,,,,,
2021,PL,千葉ロッテマリーンズ,71575131,荻野　貴司,T.Ogino,143.0,643.0,570.0,86.0,169.0,33.0,5.0,10.0,242.0,45.0,24,11,5.0,3.0,53.0,0,12.0,70.0,5.0,0.296,0.367,0.425,0.792,121.0,0.129,0.071,0.496,0.0824261275272161,0.1088646967340591,0.7571428571428571,0.3225152129817444,0.2714,508.6666666666666,0.2614035087719298,0.7832512315270936
2021,PL,東北楽天ゴールデンイーグルス,71575153,内間　拓馬,T.Uchima,11.0,0.0,0.0,0.0,0.0,0.0,0.0,0.0,0.0,0.0,0.0,0,0.0,0.0,0.0,0,0.0,0.0,0.0,,,,,0.0,,,,,,,,,,,
2021,PL,千葉ロッテマリーンズ,71675135,益田　直也,N.Masuda,67.0,0.0,0.0,0.0,0.0,0.0,0.0,0.0,0.0,0.0,0.0,0,0.0,0.0,0.0,0,0.0,0.0,0.0,,,,,0.0,,,,,,,,,,,
2021,PL,埼玉西武ライオンズ,71775134,源田　壮亮,S.Genda,119.0,516.0,464.0,60.0,126.0,15.0,7.0,2.0,161.0,29.0,24,9,17.0,2.0,31.0,0,2.0,67.0,5.0,0.272,0.319,0.347,0.666,102.0,0.0749999999999999,0.0469999999999999,0.3939999999999999,0.0600775193798449,0.1298449612403101,0.4626865671641791,0.3123425692695214,0.2303,434.6666666666666,0.1659482758620689,0.5918367346938775
2021,PL,埼玉西武ライオンズ,71875138,森脇　亮介,R.Moriwaki,45.0,1.0,1.0,0.0,0.0,0.0,0.0,0.0,0.0,0.0,0.0,0,0.0,0.0,0.0,0,0.0,1.0,0.0,0.0,0.0,0.0,0.0,0.0,0.0,0.0,0.0,0.0,1.0,0.0,,0.0,0.0,0.0,0.0
2021,PL,オリックス・バファローズ,71875151,宮城　大弥,H.Miyagi,23.0,6.0,6.0,0.0,1.0,0.0,0.0,0.0,1.0,0.0,0.0,0,0.0,0.0,0.0,0,0.0,5.0,0.0,0.167,0.167,0.167,0.334,1.0,0.0,0.0,0.167,0.0,0.8333333333333334,0.0,1.0,0.1169,222.66666666666669,0.0,0.2
2021,PL,千葉ロッテマリーンズ,71975134,佐々木　千隼,C.Sasaki,54.0,0.0,0.0,0.0,0.0,0.0,0.0,0.0,0.0,0.0,0.0,0,0.0,0.0,0.0,0,0.0,0.0,0.0,,,,,0.0,,,,,,,,,,,
2021,PL,東北楽天ゴールデンイーグルス,71975135,島内　宏明,H.Shimauchi,141.0,599.0,486.0,64.0,125.0,34.0,5.0,21.0,232.0,96.0,2.0,2,2.0,6.0,97.0,0,8.0,87.0,15.0,0.257,0.385,0.477,0.862,65.0,0.2199999999999999,0.128,0.605,0.1619365609348914,0.1452420701168614,1.1149425287356325,0.2708333333333333,0.2925,544.0,0.4403292181069959,0.901595744680851
2021,PL,福岡ソフトバンクホークス,73075153,D.アルバレス,D.Alvarez,12.0,40.0,37.0,1.0,6.0,1.0,0.0,1.0,10.0,3.0,0.0,0,0.0,0.0,3.0,0,0.0,7.0,1.0,0.162,0.225,0.27,0.495,4.0,0.108,0.063,0.333,0.075,0.175,0.4285714285714285,0.1724137931034483,0.16875,315.0,0.1891891891891892,0.40625
2021,PL,千葉ロッテマリーンズ,73175134,宗接　唯人,Y.Munetsugu,3.0,1.0,1.0,0.0,0.0,0.0,0.0,0.0,0.0,0.0,0.0,0,0.0,0.0,0.0,0,0.0,1.0,0.0,0.0,0.0,0.0,0.0,0.0,0.0,0.0,0.0,0.0,1.0,0.0,,0.0,0.0,0.0,0.0
2021,PL,東北楽天ゴールデンイーグルス,73175136,山﨑　剛,T.Yamasaki,56.0,194.0,168.0,29.0,43.0,6.0,3.0,4.0,67.0,24.0,4,2,7.0,1.0,15.0,0,3.0,41.0,5.0,0.256,0.326,0.399,0.725,30.0,0.143,0.07,0.469,0.0773195876288659,0.211340206185567,0.3658536585365853,0.314516129032258,0.24645,459.0,0.2619047619047619,0.6692307692307692
2021,PL,東北楽天ゴールデンイーグルス,73175138,渡邊　佳明,Y.Watanabe,45.0,113.0,99.0,12.0,27.0,2.0,0.0,1.0,32.0,7.0,0,1,2.0,0.0,11.0,0,1.0,19.0,3.0,0.273,0.351,0.323,0.674,24.0,0.0499999999999999,0.0779999999999999,0.4009999999999999,0.0973451327433628,0.168141592920354,0.5789473684210527,0.3291139240506329,0.2387,458.6666666666667,0.1818181818181818,0.6
2021,PL,福岡ソフトバンクホークス,73175151,柳町　達,T.Yanagimachi,20.0,54.0,48.0,7.0,11.0,3.0,0.0,1.0,17.0,2.0,0.0,0,1.0,0.0,5.0,0,0.0,12.0,1.0,0.229,0.302,0.354,0.656,7.0,0.1249999999999999,0.0729999999999999,0.4269999999999999,0.0925925925925925,0.2222222222222222,0.4166666666666667,0.2857142857142857,0.2244,420.0,0.2291666666666666,0.5789473684210527
2021,PL,東北楽天ゴールデンイーグルス,73375136,渡邊　佑樹,Y.Watanabe,9.0,0.0,0.0,0.0,0.0,0.0,0.0,0.0,0.0,0.0,0.0,0,0.0,0.0,0.0,0,0.0,0.0,0.0,,,,,0.0,,,,,,,,,,,
2021,PL,東北楽天ゴールデンイーグルス,73575132,宋　家豪,C.Son,63.0,0.0,0.0,0.0,0.0,0.0,0.0,0.0,0.0,0.0,0.0,0,0.0,0.0,0.0,0,0.0,0.0,0.0,,,,,0.0,,,,,,,,,,,
2021,PL,オリックス・バファローズ,73575151,A.ジョーンズ,A.Jones,72.0,180.0,154.0,10.0,36.0,4.0,0.0,4.0,52.0,23.0,0.0,0,0.0,1.0,22.0,0,3.0,35.0,7.0,0.234,0.339,0.338,0.677,28.0,0.104,0.105,0.443,0.1222222222222222,0.1944444444444444,0.6285714285714286,0.2758620689655172,0.23705,451.66666666666674,0.2662337662337662,0.616
2021,PL,埼玉西武ライオンズ,73575153,渡部　健人,K.Watanabe,6.0,17.0,16.0,1.0,1.0,0.0,0.0,1.0,4.0,2.0,0.0,0,0.0,0.0,1.0,0,0.0,7.0,0.0,0.062,0.118,0.25,0.368,0.0,0.188,0.0559999999999999,0.306,0.0588235294117647,0.4117647058823529,0.1428571428571428,0.0,0.1156,201.3333333333333,0.25,0.3333333333333333
2021,PL,オリックス・バファローズ,73975134,S.ロメロ,S.Romero,20.0,80.0,77.0,10.0,13.0,2.0,1.0,3.0,26.0,9.0,0.0,0,0.0,0.0,2.0,0,1.0,31.0,1.0,0.169,0.2,0.338,0.538,7.0,0.169,0.031,0.369,0.025,0.3875,0.064516129032258,0.2325581395348837,0.1745,312.6666666666667,0.2077922077922078,0.4461538461538462
2021,PL,埼玉西武ライオンズ,81085115,中村　剛也,T.Nakamura,123.0,475.0,430.0,50.0,122.0,13.0,0.0,18.0,189.0,74.0,0.0,0,0.0,4.0,39.0,0,2.0,114.0,12.0,0.284,0.343,0.44,0.783,91.0,0.156,0.059,0.499,0.0821052631578947,0.24,0.3421052631578947,0.3443708609271523,0.26435,489.6666666666667,0.2511627906976744,0.71875
2021,PL,オリックス・バファローズ,81085131,比嘉　幹貴,M.Higa,32.0,0.0,0.0,0.0,0.0,0.0,0.0,0.0,0.0,0.0,0.0,0,0.0,0.0,0.0,0,0.0,0.0,0.0,,,,,0.0,,,,,,,,,,,
2021,PL,オリックス・バファローズ,81085138,頓宮　裕真,Y.Tonguu,46.0,125.0,112.0,11.0,26.0,4.0,0.0,5.0,45.0,14.0,0.0,0,1.0,1.0,8.0,0,3.0,41.0,0.0,0.232,0.298,0.402,0.7,17.0,0.17,0.0659999999999999,0.4679999999999999,0.064,0.328,0.1951219512195122,0.3134328358208955,0.2346,432.0,0.2678571428571428,0.6511627906976745
2021,PL,埼玉西武ライオンズ,81185119,内海　哲也,T.Utsumi,2.0,0.0,0.0,0.0,0.0,0.0,0.0,0.0,0.0,0.0,0.0,0,0.0,0.0,0.0,0,0.0,0.0,0.0,,,,,0.0,,,,,,,,,,,
2021,PL,北海道日本ハムファイターズ,81185139,石川　亮,R.Ishikawa,60.0,123.0,108.0,6.0,20.0,2.0,0.0,0.0,22.0,7.0,0,1,11.0,0.0,4.0,0,0.0,21.0,3.0,0.185,0.214,0.204,0.418,18.0,0.0189999999999999,0.0289999999999999,0.2329999999999999,0.032520325203252,0.1707317073170731,0.1904761904761904,0.2298850574712643,0.1473,282.0,0.0648148148148148,0.2967032967032967
2021,PL,オリックス・バファローズ,81285112,平野　佳寿,Y.Hirano,46.0,0.0,0.0,0.0,0.0,0.0,0.0,0.0,0.0,0.0,0.0,0,0.0,0.0,0.0,0,0.0,0.0,0.0,,,,,0.0,,,,,,,,,,,
2021,PL,オリックス・バファローズ,81285131,増井　浩俊,H.Masui,15.0,3.0,2.0,0.0,0.0,0.0,0.0,0.0,0.0,0.0,0.0,0,1.0,0.0,0.0,0,0.0,2.0,0.0,0.0,0.0,0.0,0.0,0.0,0.0,0.0,0.0,0.0,0.6666666666666666,0.0,,0.0,0.0,0.0,0.0
2021,PL,東北楽天ゴールデンイーグルス,81285139,松井　裕樹,Y.Matsui,43.0,0.0,0.0,0.0,0.0,0.0,0.0,0.0,0.0,0.0,0.0,0,0.0,0.0,0.0,0,0.0,0.0,0.0,,,,,0.0,,,,,,,,,,,
2021,PL,福岡ソフトバンクホークス,81285151,津森　宥紀,Y.Tsumori,45.0,0.0,0.0,0.0,0.0,0.0,0.0,0.0,0.0,0.0,0.0,0,0.0,0.0,0.0,0,0.0,0.0,0.0,,,,,0.0,,,,,,,,,,,
2021,PL,東北楽天ゴールデンイーグルス,81385138,小郷　裕哉,Y.Ogou,38.0,88.0,77.0,6.0,14.0,3.0,1.0,2.0,25.0,6.0,1.0,1,3.0,0.0,6.0,0,2.0,23.0,0.0,0.182,0.259,0.325,0.584,8.0,0.143,0.077,0.402,0.0681818181818181,0.2613636363636363,0.2608695652173913,0.2307692307692307,0.1978,367.33333333333337,0.2597402597402597,0.5396825396825397
2021,PL,福岡ソフトバンクホークス,81385151,海野　隆司,T.Umino,11.0,5.0,4.0,1.0,1.0,1.0,0.0,0.0,2.0,2.0,0.0,0,0.0,1.0,0.0,0,0.0,1.0,0.0,0.25,0.2,0.5,0.7,0.0,0.25,-0.0499999999999999,0.45,0.0,0.2,0.0,0.25,0.215,366.6666666666667,0.25,0.6666666666666666
2021,PL,北海道日本ハムファイターズ,81485151,樋口　龍之介,R.Higuchi,22.0,54.0,52.0,1.0,11.0,3.0,0.0,0.0,14.0,3.0,0.0,0,0.0,0.0,0.0,0,2.0,19.0,3.0,0.212,0.241,0.269,0.51,8.0,0.057,0.0289999999999999,0.298,0.0,0.3518518518518518,0.0,0.3333333333333333,0.1757,330.6666666666667,0.0961538461538461,0.3636363636363636
2021,PL,福岡ソフトバンクホークス,81585112,川島　慶三,K.Kawashima,56.0,123.0,109.0,12.0,26.0,6.0,1.0,2.0,40.0,11.0,0.0,0,2.0,1.0,11.0,0,0.0,31.0,0.0,0.239,0.306,0.367,0.673,17.0,0.128,0.067,0.434,0.089430894308943,0.2520325203252032,0.3548387096774194,0.3116883116883117,0.22945,428.33333333333337,0.2293577981651376,0.6144578313253012
2021,PL,埼玉西武ライオンズ,81585132,川越　誠司,S.Kawagoe,63.0,174.0,160.0,12.0,36.0,3.0,1.0,5.0,56.0,11.0,1,0,1.0,0.0,12.0,0,1.0,44.0,2.0,0.225,0.283,0.35,0.633,27.0,0.1249999999999999,0.0579999999999999,0.4079999999999999,0.0689655172413793,0.2528735632183908,0.2727272727272727,0.2792792792792792,0.2148499999999999,399.6666666666666,0.20625,0.5476190476190477
2021,PL,北海道日本ハムファイターズ,81585137,公文　克彦,K.Kumon,10.0,0.0,0.0,0.0,0.0,0.0,0.0,0.0,0.0,0.0,0.0,0,0.0,0.0,0.0,0,0.0,0.0,0.0,,,,,0.0,,,,,,,,,,,
2021,PL,埼玉西武ライオンズ,81585137,公文　克彦,K.Kumon,14.0,0.0,0.0,0.0,0.0,0.0,0.0,0.0,0.0,0.0,0.0,0,0.0,0.0,0.0,0,0.0,0.0,0.0,,,,,0.0,,,,,,,,,,,
2021,PL,福岡ソフトバンクホークス,81685134,古谷　優人,Y.Furuya,13.0,0.0,0.0,0.0,0.0,0.0,0.0,0.0,0.0,0.0,0.0,0,0.0,0.0,0.0,0,0.0,0.0,0.0,,,,,0.0,,,,,,,,,,,
2021,PL,埼玉西武ライオンズ,81685138,松本　航,W.Matsumoto,28.0,3.0,3.0,0.0,0.0,0.0,0.0,0.0,0.0,0.0,0.0,0,0.0,0.0,0.0,0,0.0,1.0,0.0,0.0,0.0,0.0,0.0,0.0,0.0,0.0,0.0,0.0,0.3333333333333333,0.0,0.0,0.0,0.0,0.0,0.0
2021,PL,北海道日本ハムファイターズ,81685139,渡邉　諒,R.Watanabe,83.0,325.0,281.0,21.0,68.0,13.0,0.0,3.0,90.0,29.0,5,1,4.0,3.0,30.0,0,7.0,72.0,12.0,0.242,0.327,0.32,0.647,52.0,0.078,0.085,0.405,0.0923076923076923,0.2215384615384615,0.4166666666666667,0.3110047846889952,0.22715,433.6666666666667,0.2135231316725978,0.5688888888888889
2021,PL,北海道日本ハムファイターズ,81785118,杉谷　拳士,K.Sugiya,54.0,93.0,77.0,10.0,9.0,2.0,1.0,2.0,19.0,9.0,2.0,2,2.0,0.0,10.0,0,4.0,27.0,2.0,0.117,0.253,0.247,0.5,4.0,0.13,0.136,0.383,0.1075268817204301,0.2903225806451613,0.3703703703703703,0.1458333333333333,0.1756,335.3333333333333,0.3376623376623376,0.5
2021,PL,オリックス・バファローズ,81785133,駿太,S.Shunta（gotou,56.0,17.0,16.0,3.0,2.0,0.0,0.0,1.0,5.0,1.0,2,1,0.0,0.0,1.0,0,0.0,6.0,0.0,0.125,0.176,0.312,0.488,1.0,0.187,0.0509999999999999,0.363,0.0588235294117647,0.3529411764705882,0.1666666666666666,0.1111111111111111,0.1572,279.99999999999994,0.3125,0.5
2021,PL,オリックス・バファローズ,81785134,榊原　翼,T.Sakakibara,1.0,0.0,0.0,0.0,0.0,0.0,0.0,0.0,0.0,0.0,0.0,0,0.0,0.0,0.0,0,0.0,0.0,0.0,,,,,0.0,,,,,,,,,,,
2021,PL,北海道日本ハムファイターズ,81785138,佐藤　龍世,R.Satou,40.0,117.0,105.0,8.0,23.0,2.0,0.0,0.0,25.0,6.0,1,0,1.0,1.0,10.0,0,0.0,35.0,1.0,0.219,0.284,0.238,0.522,21.0,0.0189999999999999,0.0649999999999999,0.3029999999999999,0.0854700854700854,0.2991452991452991,0.2857142857142857,0.323943661971831,0.1873,363.33333333333326,0.1142857142857142,0.4216867469879518
2021,PL,埼玉西武ライオンズ,81785138,佐藤　龍世,R.Satou,11.0,12.0,12.0,1.0,2.0,0.0,0.0,0.0,2.0,0.0,1,0,0.0,0.0,0.0,0,0.0,2.0,0.0,0.167,0.167,0.167,0.334,2.0,0.0,0.0,0.167,0.0,0.1666666666666666,0.0,0.2,0.1169,222.66666666666669,0.0,0.2
2021,PL,北海道日本ハムファイターズ,81785151,河野　竜生,R.Kawano,40.0,0.0,0.0,0.0,0.0,0.0,0.0,0.0,0.0,0.0,0.0,0,0.0,0.0,0.0,0,0.0,0.0,0.0,,,,,0.0,,,,,,,,,,,
2021,PL,千葉ロッテマリーンズ,81885136,安田　尚憲,H.Yasuda,115.0,399.0,351.0,27.0,85.0,16.0,1.0,8.0,127.0,55.0,0.0,0,0.0,4.0,43.0,0,1.0,82.0,5.0,0.242,0.323,0.362,0.685,60.0,0.12,0.081,0.443,0.1077694235588972,0.2055137844611528,0.524390243902439,0.290566037735849,0.23585,443.6666666666666,0.245014245014245,0.6309963099630996
2021,PL,オリックス・バファローズ,81985130,鈴木　優,Y.Suzuki,11.0,0.0,0.0,0.0,0.0,0.0,0.0,0.0,0.0,0.0,0.0,0,0.0,0.0,0.0,0,0.0,0.0,0.0,,,,,0.0,,,,,,,,,,,
2021,PL,東北楽天ゴールデンイーグルス,81985134,菅原　秀,S.Sugahara,1.0,0.0,0.0,0.0,0.0,0.0,0.0,0.0,0.0,0.0,0.0,0,0.0,0.0,0.0,0,0.0,0.0,0.0,,,,,0.0,,,,,,,,,,,
2021,PL,東北楽天ゴールデンイーグルス,81985135,鈴木　大地,D.Suzuki,143.0,628.0,552.0,70.0,153.0,19.0,3.0,10.0,208.0,53.0,3,2,13.0,5.0,52.0,0,6.0,51.0,12.0,0.277,0.343,0.377,0.72,121.0,0.0999999999999999,0.066,0.443,0.0828025477707006,0.0812101910828025,1.0196078431372548,0.2883064516129032,0.2486,468.6666666666667,0.2083333333333333,0.6520681265206812
2021,PL,オリックス・バファローズ,83185134,山岡　泰輔,T.Yamaoka,12.0,4.0,4.0,0.0,0.0,0.0,0.0,0.0,0.0,0.0,0.0,0,0.0,0.0,0.0,0,0.0,4.0,0.0,0.0,0.0,0.0,0.0,0.0,0.0,0.0,0.0,0.0,1.0,0.0,,0.0,0.0,0.0,0.0
2021,PL,埼玉西武ライオンズ,83385139,E.メヒア,E.Mejia,16.0,22.0,21.0,1.0,3.0,2.0,0.0,1.0,8.0,3.0,0.0,0,0.0,0.0,1.0,0,0.0,12.0,0.0,0.143,0.182,0.381,0.563,0.0,0.238,0.039,0.42,0.0454545454545454,0.5454545454545454,0.0833333333333333,0.25,0.17715,309.0,0.2857142857142857,0.5
2021,PL,福岡ソフトバンクホークス,83785136,Y.グラシアル,Y.Gracial,37.0,150.0,138.0,19.0,42.0,6.0,0.0,5.0,63.0,15.0,2,0,0.0,0.0,11.0,0,1.0,27.0,4.0,0.304,0.36,0.457,0.817,31.0,0.153,0.0559999999999999,0.513,0.0733333333333333,0.18,0.4074074074074074,0.3490566037735849,0.27625,512.3333333333333,0.2391304347826087,0.75
2021,PL,福岡ソフトバンクホークス,91095151,佐藤　直樹,N.Satou,25.0,11.0,9.0,6.0,0.0,0.0,0.0,0.0,0.0,0.0,1,0,0.0,0.0,2.0,0,0.0,5.0,0.0,0.0,0.182,0.0,0.182,0.0,0.0,0.182,0.182,0.1818181818181818,0.4545454545454545,0.4,0.0,0.0819,182.0,0.2222222222222222,0.2222222222222222
2021,PL,北海道日本ハムファイターズ,91195139,秋吉　亮,R.Akiyoshi,10.0,0.0,0.0,0.0,0.0,0.0,0.0,0.0,0.0,0.0,0.0,0,0.0,0.0,0.0,0,0.0,0.0,0.0,,,,,0.0,,,,,,,,,,,
2021,PL,北海道日本ハムファイターズ,91295134,玉井　大翔,T.Tamai,50.0,0.0,0.0,0.0,0.0,0.0,0.0,0.0,0.0,0.0,0.0,0,0.0,0.0,0.0,0,0.0,0.0,0.0,,,,,0.0,,,,,,,,,,,
2021,PL,埼玉西武ライオンズ,91295135,十亀　剣,K.Togame,40.0,0.0,0.0,0.0,0.0,0.0,0.0,0.0,0.0,0.0,0.0,0,0.0,0.0,0.0,0,0.0,0.0,0.0,,,,,0.0,,,,,,,,,,,
2021,PL,北海道日本ハムファイターズ,91295151,立野　和明,K.Tateno,11.0,1.0,1.0,0.0,0.0,0.0,0.0,0.0,0.0,0.0,0.0,0,0.0,0.0,0.0,0,0.0,0.0,0.0,0.0,0.0,0.0,0.0,0.0,0.0,0.0,0.0,0.0,0.0,,0.0,0.0,0.0,0.0,0.0
2021,PL,埼玉西武ライオンズ,91295153,ブランドン,B.Burandon（taishinga,32.0,84.0,81.0,9.0,20.0,7.0,0.0,3.0,36.0,8.0,0.0,0,1.0,1.0,0.0,0,1.0,21.0,3.0,0.247,0.253,0.444,0.697,10.0,0.197,0.006,0.45,0.0,0.25,0.0,0.293103448275862,0.22485,401.0,0.2098765432098765,0.578125
2021,PL,千葉ロッテマリーンズ,91395130,岩下　大輝,D.Iwashita,23.0,3.0,3.0,0.0,0.0,0.0,0.0,0.0,0.0,0.0,0.0,0,0.0,0.0,0.0,0,0.0,2.0,0.0,0.0,0.0,0.0,0.0,0.0,0.0,0.0,0.0,0.0,0.6666666666666666,0.0,0.0,0.0,0.0,0.0,0.0
2021,PL,オリックス・バファローズ,91395138,太田　椋,R.Oota,53.0,159.0,151.0,10.0,26.0,2.0,0.0,3.0,37.0,9.0,1,0,4.0,0.0,4.0,0,0.0,44.0,3.0,0.172,0.194,0.245,0.439,21.0,0.073,0.022,0.267,0.0251572327044025,0.2767295597484276,0.0909090909090909,0.2211538461538461,0.14855,275.6666666666667,0.0993377483443708,0.3203125
2021,PL,福岡ソフトバンクホークス,91395139,上林　誠知,S.Uebayashi,39.0,72.0,68.0,7.0,13.0,1.0,1.0,2.0,22.0,11.0,2.0,2,0.0,1.0,3.0,0,0.0,18.0,2.0,0.191,0.222,0.324,0.546,9.0,0.133,0.031,0.355,0.0416666666666666,0.25,0.1666666666666666,0.2244897959183673,0.1809,330.0,0.2058823529411764,0.4736842105263157
2021,PL,オリックス・バファローズ,91495130,西野　真弘,M.Nishino,18.0,42.0,41.0,3.0,6.0,0.0,0.0,0.0,6.0,1.0,0.0,0,0.0,0.0,1.0,0,0.0,6.0,0.0,0.146,0.167,0.146,0.313,6.0,0.0,0.021,0.167,0.0238095238095238,0.1428571428571428,0.1666666666666666,0.1714285714285714,0.11165,215.66666666666669,0.024390243902439,0.2
2021,PL,北海道日本ハムファイターズ,91495136,西村　天裕,T.Nishimura,27.0,0.0,0.0,0.0,0.0,0.0,0.0,0.0,0.0,0.0,0.0,0,0.0,0.0,0.0,0,0.0,0.0,0.0,,,,,0.0,,,,,,,,,,,
2021,PL,埼玉西武ライオンズ,91495139,森　友哉,T.Mori,125.0,520.0,431.0,70.0,133.0,32.0,2.0,11.0,202.0,41.0,5,2,1.0,3.0,79.0,0,6.0,65.0,4.0,0.309,0.42,0.469,0.889,88.0,0.1599999999999999,0.1109999999999999,0.58,0.1519230769230769,0.125,1.2153846153846153,0.3407821229050279,0.30625,576.3333333333334,0.3619489559164733,0.956953642384106
2021,PL,福岡ソフトバンクホークス,91595133,甲斐　拓也,T.Kai,143.0,479.0,405.0,42.0,92.0,15.0,0.0,12.0,143.0,44.0,6.0,6,26.0,2.0,44.0,0,2.0,142.0,7.0,0.227,0.305,0.353,0.658,65.0,0.1259999999999999,0.0779999999999999,0.4309999999999999,0.0918580375782881,0.2964509394572025,0.3098591549295774,0.3162055335968379,0.2255,422.6666666666666,0.254320987654321,0.609375
2021,PL,福岡ソフトバンクホークス,91595135,嘉弥真　新也,S.Kayama,58.0,0.0,0.0,0.0,0.0,0.0,0.0,0.0,0.0,0.0,0.0,0,0.0,0.0,0.0,0,0.0,0.0,0.0,,,,,0.0,,,,,,,,,,,
2021,PL,千葉ロッテマリーンズ,91595137,加藤　翔平,S.Katou,20.0,44.0,41.0,3.0,9.0,2.0,1.0,1.0,16.0,2.0,8,1,2.0,0.0,1.0,0,0.0,8.0,0.0,0.22,0.238,0.39,0.628,5.0,0.17,0.0179999999999999,0.408,0.0227272727272727,0.1818181818181818,0.125,0.25,0.2046,368.0,0.2195121951219512,0.5625
2021,PL,オリックス・バファローズ,91595151,大下　誠一郎,S.Ooshita,15.0,27.0,25.0,1.0,4.0,0.0,0.0,1.0,7.0,2.0,0.0,0,0.0,0.0,1.0,0,1.0,7.0,0.0,0.16,0.222,0.28,0.502,3.0,0.12,0.062,0.342,0.037037037037037,0.2592592592592592,0.1428571428571428,0.1764705882352941,0.1699,315.33333333333337,0.2,0.4285714285714285
2021,PL,千葉ロッテマリーンズ,91695133,南　昌輝,M.Minami,1.0,0.0,0.0,0.0,0.0,0.0,0.0,0.0,0.0,0.0,0.0,0,0.0,0.0,0.0,0,0.0,0.0,0.0,,,,,0.0,,,,,,,,,,,
2021,PL,埼玉西武ライオンズ,91695134,平井　克典,K.Hirai,25.0,0.0,0.0,0.0,0.0,0.0,0.0,0.0,0.0,0.0,0.0,0,0.0,0.0,0.0,0,0.0,0.0,0.0,,,,,0.0,,,,,,,,,,,
2021,PL,千葉ロッテマリーンズ,91695139,吉田　裕太,Y.Yoshida,7.0,10.0,9.0,1.0,1.0,0.0,0.0,1.0,4.0,1.0,0.0,0,0.0,0.0,1.0,0,0.0,3.0,0.0,0.111,0.2,0.444,0.644,0.0,0.333,0.089,0.533,0.1,0.3,0.3333333333333333,0.0,0.201,348.0,0.4444444444444444,0.625
2021,PL,東北楽天ゴールデンイーグルス,91795114,岸　孝之,T.Kishi,25.0,2.0,2.0,0.0,0.0,0.0,0.0,0.0,0.0,0.0,0.0,0,0.0,0.0,0.0,0,0.0,1.0,0.0,0.0,0.0,0.0,0.0,0.0,0.0,0.0,0.0,0.0,0.5,0.0,0.0,0.0,0.0,0.0,0.0
2021,PL,北海道日本ハムファイターズ,91795134,郡　拓也,T.Koori,33.0,77.0,69.0,4.0,13.0,3.0,0.0,0.0,16.0,4.0,1.0,1,1.0,0.0,6.0,0,1.0,23.0,1.0,0.188,0.263,0.232,0.495,10.0,0.044,0.075,0.307,0.0779220779220779,0.2987012987012987,0.2608695652173913,0.2826086956521739,0.17635,340.33333333333337,0.1594202898550724,0.4210526315789473
2021,PL,東北楽天ゴールデンイーグルス,91795137,下水流　昂,K.Shimozuru,6.0,10.0,10.0,0.0,1.0,0.0,0.0,0.0,1.0,0.0,0.0,0,0.0,0.0,0.0,0,0.0,4.0,0.0,0.1,0.1,0.1,0.2,1.0,0.0,0.0,0.1,0.0,0.4,0.0,0.1666666666666666,0.07,133.33333333333334,0.0,0.1111111111111111
2021,PL,千葉ロッテマリーンズ,91895138,山口　航輝,K.Yamaguchi,78.0,228.0,203.0,20.0,42.0,3.0,1.0,9.0,74.0,20.0,0,1,0.0,0.0,25.0,0,0.0,53.0,5.0,0.207,0.294,0.365,0.659,29.0,0.158,0.087,0.4519999999999999,0.1096491228070175,0.2324561403508772,0.4716981132075472,0.2340425531914893,0.22355,415.6666666666666,0.2857142857142857,0.6024096385542169
2021,PL,北海道日本ハムファイターズ,91895151,宮田　輝星,H.Miyata,5.0,2.0,2.0,1.0,0.0,0.0,0.0,0.0,0.0,0.0,2,1,0.0,0.0,0.0,0,0.0,0.0,0.0,0.0,0.0,0.0,0.0,0.0,0.0,0.0,0.0,0.0,0.0,,0.0,0.0,0.0,0.5,0.5
2021,PL,東北楽天ゴールデンイーグルス,91995112,炭谷　銀仁朗,G.Sumitani,51.0,124.0,105.0,11.0,23.0,3.0,0.0,3.0,35.0,8.0,0,1,10.0,1.0,7.0,0,1.0,24.0,3.0,0.219,0.272,0.333,0.605,17.0,0.114,0.053,0.386,0.0564516129032258,0.1935483870967742,0.2916666666666667,0.2531645569620253,0.20565,383.0,0.2,0.5176470588235295
2021,PL,オリックス・バファローズ,91995130,佐野　皓大,K.Sano,67.0,87.0,82.0,15.0,12.0,2.0,1.0,1.0,19.0,2.0,8,2,3.0,0.0,1.0,0,1.0,26.0,0.0,0.146,0.167,0.232,0.399,8.0,0.086,0.021,0.253,0.0114942528735632,0.2988505747126437,0.0384615384615384,0.2,0.13315,244.3333333333333,0.1341463414634146,0.3285714285714285
2021,PL,福岡ソフトバンクホークス,91995138,杉山　一樹,K.Sugiyama,15.0,0.0,0.0,0.0,0.0,0.0,0.0,0.0,0.0,0.0,0.0,0,0.0,0.0,0.0,0,0.0,0.0,0.0,,,,,0.0,,,,,,,,,,,
2021,PL,オリックス・バファローズ,91995151,紅林　弘太郎,K.Kurebayashi,136.0,473.0,448.0,37.0,102.0,22.0,2.0,10.0,158.0,48.0,2,1,6.0,4.0,12.0,0,3.0,101.0,11.0,0.228,0.251,0.353,0.604,68.0,0.1249999999999999,0.0229999999999999,0.376,0.0253699788583509,0.2135306553911205,0.1188118811881188,0.2697947214076246,0.2012,368.6666666666666,0.1607142857142857,0.4873949579831932
2021,PL,オリックス・バファローズ,93095153,R.ラベロ,R.Ravelo,2.0,7.0,7.0,1.0,3.0,0.0,0.0,0.0,3.0,0.0,0.0,0,0.0,0.0,0.0,0,0.0,1.0,1.0,0.429,0.429,0.429,0.858,3.0,0.0,0.0,0.429,0.0,0.1428571428571428,0.0,0.5,0.3003,572.0,0.0,0.6
2021,PL,東北楽天ゴールデンイーグルス,93195134,森原　康平,K.Morihara,34.0,0.0,0.0,0.0,0.0,0.0,0.0,0.0,0.0,0.0,0.0,0,0.0,0.0,0.0,0,0.0,0.0,0.0,,,,,0.0,,,,,,,,,,,
2021,PL,福岡ソフトバンクホークス,93395136,渡邉　雄大,Y.Watanabe,6.0,0.0,0.0,0.0,0.0,0.0,0.0,0.0,0.0,0.0,0.0,0,0.0,0.0,0.0,0,0.0,0.0,0.0,,,,,0.0,,,,,,,,,,,
2021,PL,北海道日本ハムファイターズ,93595153,R.アーリン,R.Erlin,11.0,0.0,0.0,0.0,0.0,0.0,0.0,0.0,0.0,0.0,0.0,0,0.0,0.0,0.0,0,0.0,0.0,0.0,,,,,0.0,,,,,,,,,,,
2021,PL,千葉ロッテマリーンズ,93795134,F.ハーマン,F.Herrmann,45.0,0.0,0.0,0.0,0.0,0.0,0.0,0.0,0.0,0.0,0.0,0,0.0,0.0,0.0,0,0.0,0.0,0.0,,,,,0.0,,,,,,,,,,,
